{
"type": "FeatureCollection",
"name": "hcm",
"crs": { "type": "name", "properties": { "name": "urn:ogc:def:crs:OGC:1.3:CRS84" } },
"features": [
{ "type": "Feature", "properties": { "ma_tinh": "79", "ten_tinh": "TP. Hồ Chí Minh", "loai": "Thành phố", "cap": 1, "stt": 50 }, "geometry": { "type": "MultiPolygon", "coordinates": [ [ [ [ 106.605276593724156, 10.658605803094419 ], [ 106.605210792771828, 10.658519372474373 ], [ 106.605136857996357, 10.658418401520652 ], [ 106.605076840215787, 10.658334389693946 ], [ 106.605004860726041, 10.658259361571311 ], [ 106.604897795586538, 10.658146365758505 ], [ 106.604782855556579, 10.65804740426489 ], [ 106.604735783882276, 10.658016596868451 ], [ 106.60469879625569, 10.657992389573714 ], [ 106.604655822922481, 10.657937355840495 ], [ 106.604645133925814, 10.657913095744505 ], [ 106.604625672800324, 10.657868926060701 ], [ 106.604607796499167, 10.657828354712702 ], [ 106.604601695583511, 10.6577958714571 ], [ 106.604597850963302, 10.657775399658808 ], [ 106.604584851678368, 10.657683394106106 ], [ 106.604537788432424, 10.657567430909847 ], [ 106.604523819284708, 10.65753238623466 ], [ 106.604503347916932, 10.657512671297082 ], [ 106.604470830910401, 10.657481356738392 ], [ 106.604398813424879, 10.657365372102003 ], [ 106.604306847435311, 10.657205408913496 ], [ 106.604228820563634, 10.657070360517601 ], [ 106.604167796727978, 10.656976405694843 ], [ 106.604138848741101, 10.656922417577752 ], [ 106.604124385715878, 10.656887553227849 ], [ 106.604097787672998, 10.65682343688446 ], [ 106.604011812323122, 10.656567435634781 ], [ 106.603979828122903, 10.656452425659623 ], [ 106.603983827122732, 10.656399431641878 ], [ 106.603995797242334, 10.656258353588841 ], [ 106.603972841021559, 10.65613635685401 ], [ 106.603929795638294, 10.655947416191953 ], [ 106.603898786825809, 10.655857358200146 ], [ 106.603870831024352, 10.655807435590807 ], [ 106.603808927286565, 10.655710479787905 ], [ 106.603801851526541, 10.655699397266794 ], [ 106.60374366984594, 10.655586155576374 ], [ 106.603706800558513, 10.655514398068696 ], [ 106.603664843695142, 10.655445435298658 ], [ 106.603627795832452, 10.655379444335948 ], [ 106.60359184701791, 10.655329361762558 ], [ 106.603539828133862, 10.655274441073432 ], [ 106.603502833200324, 10.65522743693781 ], [ 106.603415845015959, 10.655095396063578 ], [ 106.603395778521218, 10.655063445335644 ], [ 106.603369835032623, 10.655032413770405 ], [ 106.60333561537891, 10.65499639085378 ], [ 106.603293848001215, 10.654952423758298 ], [ 106.603252834899422, 10.65489738171909 ], [ 106.603226774046362, 10.654851431720878 ], [ 106.603217817959489, 10.654829394429447 ], [ 106.603215521127268, 10.654822817347403 ], [ 106.603180810736959, 10.654723439474946 ], [ 106.603137831033607, 10.654585404065834 ], [ 106.603032838230874, 10.654322403464258 ], [ 106.602988792235294, 10.654206431711778 ], [ 106.602975597460485, 10.654168719668343 ], [ 106.602932787719155, 10.654046368226844 ], [ 106.602925797649263, 10.654000366264242 ], [ 106.602922827628589, 10.653962400362158 ], [ 106.602927151509434, 10.653923942682393 ], [ 106.602928786342474, 10.65390940190658 ], [ 106.602922769566575, 10.653860413906671 ], [ 106.602911833404917, 10.653777442255752 ], [ 106.602907742892114, 10.653755577937812 ], [ 106.602901821881517, 10.653723922247293 ], [ 106.602874796988331, 10.653579445325455 ], [ 106.602855769145364, 10.653514399635089 ], [ 106.602837776002332, 10.65346942118105 ], [ 106.602766822876177, 10.65332838623903 ], [ 106.602688796184452, 10.653192436861561 ], [ 106.602645818394208, 10.653135412038321 ], [ 106.602599773852489, 10.653087435216309 ], [ 106.602495824858181, 10.653009419568068 ], [ 106.60233278281666, 10.652907424539405 ], [ 106.602312882803091, 10.652899093554822 ], [ 106.602265835763006, 10.652879397393466 ], [ 106.602225817194523, 10.65285644919801 ], [ 106.602202838186074, 10.652834360510202 ], [ 106.602192089402635, 10.652810478353318 ], [ 106.602189792137409, 10.652805374873799 ], [ 106.60218277176547, 10.652775375671157 ], [ 106.602176784658312, 10.652709388583503 ], [ 106.602171818130898, 10.652658409677207 ], [ 106.602157821867863, 10.652613420298495 ], [ 106.602136823876251, 10.652571434254725 ], [ 106.602082814402067, 10.652505399679956 ], [ 106.602023774970874, 10.652447422166512 ], [ 106.601966808765866, 10.652375427025895 ], [ 106.601910793337055, 10.652265365783268 ], [ 106.601892827187072, 10.652202394643378 ], [ 106.601871828243461, 10.652106432769601 ], [ 106.601841797259155, 10.651906425850548 ], [ 106.601826818005634, 10.651697428742219 ], [ 106.601816811856096, 10.651569429741159 ], [ 106.601812773990105, 10.651499368174557 ], [ 106.60178781458427, 10.651415442817392 ], [ 106.601758801708968, 10.651338395692294 ], [ 106.601695792484975, 10.651234410578013 ], [ 106.601611766229922, 10.651136448443097 ], [ 106.601510797117413, 10.651045403158657 ], [ 106.601437765730978, 10.650997412671888 ], [ 106.601364800895269, 10.650973379496081 ], [ 106.601279798867637, 10.650958420480267 ], [ 106.601195787647086, 10.650947437504191 ], [ 106.601127769713813, 10.650940389817 ], [ 106.601075792643471, 10.650927419461881 ], [ 106.600938818083321, 10.650873454034034 ], [ 106.600847785524309, 10.650831386848637 ], [ 106.600815772703896, 10.650813390825359 ], [ 106.60076981478953, 10.650769392200319 ], [ 106.600723782863483, 10.650725395576497 ], [ 106.600703777922035, 10.650715415759343 ], [ 106.60069723306745, 10.650715410022817 ], [ 106.600678825028353, 10.650715391290651 ], [ 106.600636790874546, 10.650726445401508 ], [ 106.600602775898906, 10.65074841773383 ], [ 106.600562980679271, 10.650783430505454 ], [ 106.600535771896716, 10.650807369665175 ], [ 106.60044882974222, 10.650935451999699 ], [ 106.600410771674703, 10.651021449770647 ], [ 106.600335829273448, 10.651235391275666 ], [ 106.600299830672057, 10.651330424019607 ], [ 106.600292706264028, 10.651375530495582 ], [ 106.600287829103337, 10.65140640462846 ], [ 106.600298805298763, 10.651449412484771 ], [ 106.600327204844589, 10.651486361074364 ], [ 106.600328766034565, 10.65148839187014 ], [ 106.60036082972087, 10.651524378539476 ], [ 106.600376804691948, 10.651549380278379 ], [ 106.60038477150394, 10.651567442511338 ], [ 106.600388827333475, 10.651589402805 ], [ 106.600384834335983, 10.651617440319457 ], [ 106.600369787261045, 10.651655454273346 ], [ 106.600360484554315, 10.65168923520916 ], [ 106.600339784403047, 10.651764397749874 ], [ 106.600342825312907, 10.651800372780757 ], [ 106.600346785101706, 10.651842404308775 ], [ 106.600350775432446, 10.651867439478718 ], [ 106.600344782008833, 10.651908412247877 ], [ 106.600331778573235, 10.651949406754863 ], [ 106.600301782517221, 10.652006447383693 ], [ 106.600280785371169, 10.652046378715266 ], [ 106.60025425082658, 10.652074552440803 ], [ 106.60024681026114, 10.652082455107971 ], [ 106.600209793772464, 10.652109408773315 ], [ 106.600174890282958, 10.652131723407704 ], [ 106.600112794415168, 10.652171424519825 ], [ 106.600057785047454, 10.652207379869402 ], [ 106.600025785918262, 10.652221388267044 ], [ 106.599979829758638, 10.652232453850917 ], [ 106.599930825779651, 10.652231410617285 ], [ 106.599929189966872, 10.652231144741902 ], [ 106.599850806346225, 10.652218427548531 ], [ 106.599775777194708, 10.652211397701514 ], [ 106.599774197374657, 10.652211548443823 ], [ 106.599733798197747, 10.652215400815408 ], [ 106.599699797937376, 10.652242434841682 ], [ 106.599674188346768, 10.652279217160197 ], [ 106.599669837840878, 10.652285463338153 ], [ 106.599651825135865, 10.652341388354772 ], [ 106.599641108307154, 10.652390950718432 ], [ 106.599630835453098, 10.652438459667716 ], [ 106.599630694900171, 10.652457985878531 ], [ 106.599629802245147, 10.652582402856956 ], [ 106.599611230267485, 10.652583293092579 ], [ 106.599587816765393, 10.652584416142574 ], [ 106.599442781208012, 10.652587430286221 ], [ 106.599436798185309, 10.65258701798529 ], [ 106.599369793772354, 10.652582384642461 ], [ 106.599368102034191, 10.652582386516857 ], [ 106.599306845789812, 10.652582465796241 ], [ 106.59930200253919, 10.652582075716467 ], [ 106.599256778779235, 10.652578441953654 ], [ 106.599198834882102, 10.6525614201237 ], [ 106.599158839515809, 10.652546429870112 ], [ 106.599124787545222, 10.652527443841695 ], [ 106.599121487783179, 10.652529293446118 ], [ 106.599017828175022, 10.652587407840823 ], [ 106.598956811509495, 10.65263142359429 ], [ 106.598944847022722, 10.652639412625591 ], [ 106.598751822559308, 10.652762448072069 ], [ 106.598657818303721, 10.65281839810304 ], [ 106.598248817347297, 10.652998435063564 ], [ 106.598094804238443, 10.653026428512868 ], [ 106.597990831333419, 10.653048410065656 ], [ 106.597872834812179, 10.653042400136615 ], [ 106.597789824487506, 10.653093438257661 ], [ 106.597512797440743, 10.653127459872334 ], [ 106.597604823070256, 10.653310391068644 ], [ 106.59751682193081, 10.653383413039458 ], [ 106.597133813808782, 10.653449457092655 ], [ 106.597087791290321, 10.653463413629039 ], [ 106.597040799337705, 10.653481442848541 ], [ 106.596982819815878, 10.653506463014546 ], [ 106.596921801982887, 10.653522450806408 ], [ 106.596862794546951, 10.653529391669416 ], [ 106.596750788486517, 10.653536475782621 ], [ 106.596535815790958, 10.653547455259776 ], [ 106.596470831012908, 10.653547450052542 ], [ 106.596402856713937, 10.65355640308298 ], [ 106.596296832216495, 10.653599455997034 ], [ 106.596228818903384, 10.653621430243435 ], [ 106.596133856288546, 10.653630457025827 ], [ 106.596126754569212, 10.653630051300786 ], [ 106.596062830862365, 10.653626397078174 ], [ 106.596062754169694, 10.653626426215165 ], [ 106.595922826893798, 10.653677408755884 ], [ 106.595890822829261, 10.653690425016833 ], [ 106.595858812351423, 10.653700456092299 ], [ 106.595814804988976, 10.653707446664061 ], [ 106.595762806878838, 10.653714458804197 ], [ 106.595713842206365, 10.653727428625681 ], [ 106.595665845409329, 10.653736419779396 ], [ 106.595621861150519, 10.653751457283578 ], [ 106.595581857828847, 10.653761418598348 ], [ 106.595542821473032, 10.653766407690606 ], [ 106.595463838692126, 10.653774487082819 ], [ 106.595395851495965, 10.653778467615394 ], [ 106.595346849059908, 10.653778419045659 ], [ 106.59534158812346, 10.653778034553136 ], [ 106.595291805345582, 10.6537744080102 ], [ 106.595266841204221, 10.653770407111242 ], [ 106.595256838954697, 10.653724412114425 ], [ 106.595250815174651, 10.653672441406016 ], [ 106.595248813464366, 10.653602466374311 ], [ 106.59525180901332, 10.653513489019982 ], [ 106.595263798839554, 10.653432445820959 ], [ 106.595275826393177, 10.653365416325984 ], [ 106.595288831212557, 10.653297480135519 ], [ 106.595297806269613, 10.653189411017452 ], [ 106.595317787969364, 10.653109430217922 ], [ 106.595341801274131, 10.653096435580297 ], [ 106.595550823811109, 10.65297842437954 ], [ 106.595562837741241, 10.65296048798508 ], [ 106.595577797482903, 10.652917410822116 ], [ 106.595545806511922, 10.652607465784122 ], [ 106.595542822171467, 10.652591470200617 ], [ 106.595511786380399, 10.652463438066961 ], [ 106.595488841734536, 10.65237145601462 ], [ 106.595499794776558, 10.652270434111989 ], [ 106.595519843095914, 10.652186475267404 ], [ 106.595542785000575, 10.652113448621135 ], [ 106.595550838224554, 10.652081420513733 ], [ 106.595587809282634, 10.651819481063132 ], [ 106.595615825973681, 10.651618414319207 ], [ 106.595606785775402, 10.651593483094583 ], [ 106.595625780455109, 10.651428424024418 ], [ 106.595636797955962, 10.651350459044339 ], [ 106.595644828129736, 10.651091398466146 ], [ 106.595615804530411, 10.65103641422429 ], [ 106.595542806738365, 10.651028474697601 ], [ 106.595181830213974, 10.650990479172206 ], [ 106.595146992604697, 10.650986733605411 ], [ 106.594948817039537, 10.650965430548789 ], [ 106.594933807220059, 10.650962486727865 ], [ 106.594981777629002, 10.650615436703104 ], [ 106.594968798379483, 10.650610408976423 ], [ 106.594630834289077, 10.650580488147288 ], [ 106.594515826168148, 10.650564433772258 ], [ 106.594240791527042, 10.650527472058215 ], [ 106.594109794798939, 10.650509470775498 ], [ 106.594104374686964, 10.650509344343355 ], [ 106.59406478683573, 10.650508416741385 ], [ 106.593916796319135, 10.650505470334478 ], [ 106.593915379858998, 10.650505201123629 ], [ 106.59386685172872, 10.650495989275582 ], [ 106.593786448241545, 10.650480726505808 ], [ 106.593684786905683, 10.650461429182478 ], [ 106.593379959462681, 10.650441492591318 ], [ 106.59327182349557, 10.65043442096769 ], [ 106.593268372946397, 10.650434289220525 ], [ 106.593168835233996, 10.650430449033374 ], [ 106.593166729882526, 10.650430263942107 ], [ 106.593122839319051, 10.650426415031122 ], [ 106.593068849334969, 10.650421496663377 ], [ 106.592743802261566, 10.650400490102566 ], [ 106.592686929611432, 10.650374603445583 ], [ 106.592510793641836, 10.650294426879428 ], [ 106.592415792449131, 10.650261502426137 ], [ 106.592355810266213, 10.650243489377958 ], [ 106.59233483014836, 10.650207470204794 ], [ 106.592336844328344, 10.650172474089914 ], [ 106.591762803618209, 10.650071487308471 ], [ 106.591762528108219, 10.650072336960118 ], [ 106.591755131054413, 10.650095159010551 ], [ 106.591702852293054, 10.650256455218342 ], [ 106.591665842989997, 10.650368487096761 ], [ 106.591634831649671, 10.650440451232814 ], [ 106.591628845071966, 10.65067644935414 ], [ 106.591634792574382, 10.650810426697454 ], [ 106.591601854953751, 10.651197491353452 ], [ 106.591594582211755, 10.651196691810554 ], [ 106.591282798839373, 10.651162453417292 ], [ 106.591144811908137, 10.651151430023091 ], [ 106.590930832223108, 10.651111498918407 ], [ 106.590930398727679, 10.651112396908662 ], [ 106.590848825342178, 10.651281427205019 ], [ 106.590841967940591, 10.651280108504061 ], [ 106.590765856168375, 10.651265467191992 ], [ 106.590765734602982, 10.651266463791549 ], [ 106.590706805573731, 10.651751513218837 ], [ 106.590679815386338, 10.652108452195488 ], [ 106.590654846049944, 10.652267467280831 ], [ 106.590640845908354, 10.652330435508606 ], [ 106.590574807601428, 10.652577444386807 ], [ 106.590547867655388, 10.652705451903923 ], [ 106.590527816363817, 10.652788507383356 ], [ 106.590494852282788, 10.652863458260127 ], [ 106.590470800354623, 10.652944444229851 ], [ 106.590449873385964, 10.65306547525679 ], [ 106.590239830351237, 10.653060434425322 ], [ 106.590105484940523, 10.653055162437866 ], [ 106.590088814248901, 10.653054508305249 ], [ 106.590088245429683, 10.653054386878535 ], [ 106.590041820907899, 10.653044507952059 ], [ 106.590037397945636, 10.653044737690454 ], [ 106.589945867229943, 10.653049467248914 ], [ 106.589939698576458, 10.653049023621909 ], [ 106.589876874824881, 10.653044498179966 ], [ 106.589707803222268, 10.653024516953421 ], [ 106.589471816397193, 10.652987448318903 ], [ 106.589460806871372, 10.652986483355006 ], [ 106.589352820076044, 10.652974476586444 ], [ 106.589346409653288, 10.652974189997661 ], [ 106.589195844764689, 10.652967482030254 ], [ 106.589194014621256, 10.652967341379201 ], [ 106.589117803957663, 10.652961451254713 ], [ 106.589017851108821, 10.652937489263254 ], [ 106.588698877526909, 10.652905522392013 ], [ 106.588692647182214, 10.652905245252231 ], [ 106.58851883096348, 10.652897505289886 ], [ 106.588402877957805, 10.652894471510304 ], [ 106.588400074092959, 10.65289420327583 ], [ 106.588297838679978, 10.652884445415726 ], [ 106.58820683337342, 10.652879444471296 ], [ 106.588113839519536, 10.652864503258394 ], [ 106.588015874382393, 10.652850479375099 ], [ 106.587883851366144, 10.652842514250851 ], [ 106.587774817173425, 10.652833493128686 ], [ 106.587647827228508, 10.652819456339111 ], [ 106.587498829122652, 10.652807467264479 ], [ 106.587491520928239, 10.652807085398889 ], [ 106.587440849000416, 10.652804455336188 ], [ 106.587334854496817, 10.652831505158396 ], [ 106.587280811346915, 10.652862481661337 ], [ 106.587281842057394, 10.652881465070095 ], [ 106.587278874039583, 10.652926499709315 ], [ 106.587256874535584, 10.653041474472152 ], [ 106.587238864943558, 10.653127507747609 ], [ 106.587144833983118, 10.653146473982645 ], [ 106.587002827239047, 10.653154449342265 ], [ 106.586896844799739, 10.653158530445825 ], [ 106.586881859357376, 10.653164537274986 ], [ 106.586839882639893, 10.653169532238316 ], [ 106.58682985805649, 10.653170463076831 ], [ 106.58681487254816, 10.65325947075247 ], [ 106.586698852816554, 10.653259509429279 ], [ 106.586608854303691, 10.653264452711063 ], [ 106.586547886331758, 10.653271486381881 ], [ 106.586543266162167, 10.653270791744495 ], [ 106.586527823829059, 10.653268465247471 ], [ 106.586510833367058, 10.653257479275508 ], [ 106.586494874079122, 10.653238535724082 ], [ 106.58647588582096, 10.653214536618714 ], [ 106.586461884013431, 10.653194500254141 ], [ 106.586445842341305, 10.653171488649033 ], [ 106.586439291119774, 10.653172191418561 ], [ 106.58642684928445, 10.653173527388907 ], [ 106.585987822152106, 10.65326647133249 ], [ 106.58582087466938, 10.653306518259711 ], [ 106.585577828890109, 10.65336250054553 ], [ 106.585426838347175, 10.653398897506722 ], [ 106.585344172357594, 10.653415523936122 ], [ 106.5853278406573, 10.653415517762152 ], [ 106.585300861990021, 10.653419477159936 ], [ 106.585125824849001, 10.653451498257846 ], [ 106.585089884692778, 10.65345846583152 ], [ 106.584986839823586, 10.653489481276253 ], [ 106.584704826203037, 10.653575493885224 ], [ 106.584600865593245, 10.653602533782284 ], [ 106.58449683156519, 10.653630477902235 ], [ 106.584226301953805, 10.653664212940788 ], [ 106.584127861661187, 10.653676487332026 ], [ 106.584019847025104, 10.653903535936283 ], [ 106.583787863020916, 10.654340494759333 ], [ 106.583765869531419, 10.654375544064784 ], [ 106.583699826628731, 10.654512516882898 ], [ 106.583559828259453, 10.654760535194603 ], [ 106.583552879693357, 10.654783518635201 ], [ 106.583546885679837, 10.654796555772164 ], [ 106.583537887025244, 10.65481448102431 ], [ 106.58352685413098, 10.654832502999771 ], [ 106.583510881019009, 10.654863558403004 ], [ 106.583484849118236, 10.654910552944139 ], [ 106.583331845559627, 10.655227500630247 ], [ 106.583314833005346, 10.655264526495829 ], [ 106.583307864711429, 10.6553074906303 ], [ 106.583311846608353, 10.65535847538764 ], [ 106.583314892136215, 10.655397526322725 ], [ 106.583099898922939, 10.655401532780781 ], [ 106.58256284139155, 10.655402509706521 ], [ 106.582023850332234, 10.655385497322309 ], [ 106.581452884227261, 10.655392530124187 ], [ 106.581225868981406, 10.655439514634899 ], [ 106.580662860228827, 10.655489560914297 ], [ 106.580663144879935, 10.655520056857474 ], [ 106.580667852025599, 10.65602453314311 ], [ 106.580657886248503, 10.656046530070652 ], [ 106.580646846832934, 10.656062563041429 ], [ 106.580619859001587, 10.656090571917709 ], [ 106.580586908322161, 10.656115523701576 ], [ 106.58056190799654, 10.656126530951335 ], [ 106.580533873411255, 10.65612949829252 ], [ 106.580526564212064, 10.656129113560075 ], [ 106.580515852709453, 10.656128550709067 ], [ 106.580499868955059, 10.656128501784318 ], [ 106.580039916075464, 10.656123572608857 ], [ 106.57985385237761, 10.656120539836465 ], [ 106.579774911282627, 10.656117496183226 ], [ 106.579774635869185, 10.656117383001186 ], [ 106.579762912009514, 10.656112553828496 ], [ 106.579752871132285, 10.656107516782678 ], [ 106.579751638780081, 10.656106389066798 ], [ 106.579749440704362, 10.656104377929276 ], [ 106.579740854549385, 10.65609651906953 ], [ 106.579730874290192, 10.656085515056988 ], [ 106.579724880916416, 10.656071517079093 ], [ 106.579717871596642, 10.656044500595849 ], [ 106.579706893547169, 10.655999502899867 ], [ 106.579700881325834, 10.655978542794093 ], [ 106.579692863318115, 10.655968528953178 ], [ 106.579700912882117, 10.65596049221999 ], [ 106.579706848651057, 10.655954566645535 ], [ 106.57972985775605, 10.655932535188603 ], [ 106.579702906193916, 10.655779532714808 ], [ 106.579627881263718, 10.655579555071888 ], [ 106.579585905063198, 10.655473517686989 ], [ 106.579537889548931, 10.655364514694076 ], [ 106.579530911038106, 10.655348528575869 ], [ 106.579482863015784, 10.655227499830604 ], [ 106.579458867200529, 10.655163552205519 ], [ 106.579426894030121, 10.655076565804801 ], [ 106.57941184166377, 10.654946498551128 ], [ 106.57937487202021, 10.654935565989632 ], [ 106.579312907293328, 10.654908515093329 ], [ 106.579156844281798, 10.654793560053136 ], [ 106.579021870401419, 10.654670501153268 ], [ 106.578816880211818, 10.654498529675225 ], [ 106.578839892593692, 10.654394583957854 ], [ 106.578772869459996, 10.654309500140347 ], [ 106.578689885021305, 10.65420456555719 ], [ 106.57844584296393, 10.653920587110834 ], [ 106.578414840626237, 10.653885586981476 ], [ 106.57835291097885, 10.653788555064388 ], [ 106.578312902991001, 10.653713526084559 ], [ 106.578288858505445, 10.653686555500354 ], [ 106.578225865125972, 10.653614569781823 ], [ 106.578214994806487, 10.653602215586112 ], [ 106.578129904361305, 10.653505511545346 ], [ 106.57801087257053, 10.653395520691053 ], [ 106.577929873182981, 10.653326566803116 ], [ 106.577913869147068, 10.653290535219208 ], [ 106.577910857680422, 10.653264502577175 ], [ 106.577921872466533, 10.653211582225854 ], [ 106.577938863347782, 10.653138572288329 ], [ 106.577998871962365, 10.652971505768898 ], [ 106.578030883096474, 10.65287757048919 ], [ 106.57807083540564, 10.652736508972719 ], [ 106.578095850609628, 10.652536535766883 ], [ 106.578086894815058, 10.652374536164517 ], [ 106.578054834012846, 10.652143520962694 ], [ 106.578032882754115, 10.652026579794962 ], [ 106.578029891024897, 10.652007511993412 ], [ 106.5780278364618, 10.65194458657083 ], [ 106.57802888234832, 10.651913571767407 ], [ 106.578031844442862, 10.651893584168441 ], [ 106.578031885130216, 10.651880562855688 ], [ 106.578021885118758, 10.6518625080439 ], [ 106.578106854515639, 10.651865538095423 ], [ 106.578620210098734, 10.651883503335519 ], [ 106.578620889237797, 10.651883526853082 ], [ 106.578632821884867, 10.651884176956619 ], [ 106.578639889693676, 10.65188456057121 ], [ 106.578656851835589, 10.651884515709041 ], [ 106.578714880787757, 10.651877580856665 ], [ 106.579034475983704, 10.651874608994534 ], [ 106.579040844323131, 10.651874548748429 ], [ 106.579056975326338, 10.651882149906399 ], [ 106.579057829141718, 10.651882551762709 ], [ 106.579074864395892, 10.651882505780385 ], [ 106.579151826672131, 10.651879499521701 ], [ 106.579282032250603, 10.651873910450309 ], [ 106.579546881988051, 10.651862541389933 ], [ 106.579492864074254, 10.651679504329179 ], [ 106.579471874763229, 10.651584533969842 ], [ 106.579428874066409, 10.651350562716699 ], [ 106.579411886642887, 10.651285509814908 ], [ 106.57939886362999, 10.651236537812588 ], [ 106.579414892241218, 10.651170492546337 ], [ 106.579453852250253, 10.651081513813279 ], [ 106.579477837776622, 10.650946549838483 ], [ 106.579478849806591, 10.65073551925412 ], [ 106.579413832256222, 10.650444554535861 ], [ 106.57938087637551, 10.650328549381179 ], [ 106.579296887901734, 10.650185554715689 ], [ 106.579180837453848, 10.649951506383964 ], [ 106.579112880369493, 10.649799519018442 ], [ 106.579023856308709, 10.649634565257418 ], [ 106.578944880316811, 10.649561538832705 ], [ 106.578898848688681, 10.649544572014719 ], [ 106.578685825711432, 10.649439531019079 ], [ 106.578589847719954, 10.649407507080035 ], [ 106.578525858000376, 10.649384528661944 ], [ 106.578473174725062, 10.649377402901907 ], [ 106.578407835834938, 10.649368564844053 ], [ 106.578293822139258, 10.649329536802389 ], [ 106.578227864891403, 10.649303581924032 ], [ 106.578203851195212, 10.649288545743028 ], [ 106.578081822877706, 10.649212559042533 ], [ 106.577995872308051, 10.649153562841605 ], [ 106.577745877933765, 10.649063537676625 ], [ 106.577742841232009, 10.649064692048352 ], [ 106.577716882254336, 10.649074554318567 ], [ 106.577712339676125, 10.649073119816816 ], [ 106.577697869457197, 10.649068545509486 ], [ 106.577674854598101, 10.649060561044161 ], [ 106.577645885109945, 10.649052500088773 ], [ 106.577632832308652, 10.649048554878519 ], [ 106.577585828204008, 10.649034574734003 ], [ 106.57748487135153, 10.649000574649021 ], [ 106.577464878811227, 10.64899456931613 ], [ 106.577360828264148, 10.648960577357659 ], [ 106.577296855732413, 10.648943568152697 ], [ 106.577088886296139, 10.648895562609622 ], [ 106.577043846248671, 10.648882570761291 ], [ 106.576992831896646, 10.648862543888793 ], [ 106.576991533925252, 10.648864519978108 ], [ 106.576944856906564, 10.64893554605084 ], [ 106.576927838476308, 10.648970580884731 ], [ 106.576893864205275, 10.649063525876564 ], [ 106.576882825441601, 10.649107586459008 ], [ 106.57687986460229, 10.649155515907829 ], [ 106.576869867794628, 10.649194510991149 ], [ 106.576851842523908, 10.649219511577636 ], [ 106.576836866183712, 10.64922958889707 ], [ 106.576811860694249, 10.649237521118517 ], [ 106.57680556629461, 10.649238206731491 ], [ 106.576737852840367, 10.649245581711895 ], [ 106.57671182859994, 10.64926752958111 ], [ 106.576710152820496, 10.649271752357254 ], [ 106.576686819840049, 10.649330525533168 ], [ 106.576679877551541, 10.649329217587086 ], [ 106.576293858292743, 10.649256516583382 ], [ 106.576293198931353, 10.649257386221967 ], [ 106.576233837746514, 10.6493355181287 ], [ 106.576200868594469, 10.649353505489664 ], [ 106.576195066285862, 10.649352299398497 ], [ 106.576133887355397, 10.649339577793866 ], [ 106.576061874735018, 10.649304596879718 ], [ 106.576060309211044, 10.649307003100672 ], [ 106.575968857866812, 10.649447516694945 ], [ 106.575961956582773, 10.649446502445191 ], [ 106.575907844395502, 10.649438544662544 ], [ 106.575846832757207, 10.649429573517232 ], [ 106.575590843397876, 10.64935357808694 ], [ 106.575351858819985, 10.649321568220167 ], [ 106.575351587045262, 10.649322124934519 ], [ 106.575214884456571, 10.649602577142073 ], [ 106.575173884375218, 10.649690568142702 ], [ 106.575165834189363, 10.649780550816606 ], [ 106.57513988393832, 10.649857563025012 ], [ 106.575132698191368, 10.649856808972528 ], [ 106.575101474927948, 10.649853530784954 ], [ 106.575034840379374, 10.649846537011543 ], [ 106.57503273322574, 10.64984669896217 ], [ 106.574995873572163, 10.64984953260284 ], [ 106.574964892104532, 10.649850520037209 ], [ 106.574873874699364, 10.649868569673975 ], [ 106.574805897543655, 10.649876525352424 ], [ 106.574709857927544, 10.649877590876297 ], [ 106.574707871616226, 10.649877147688697 ], [ 106.57469183023602, 10.649873570038196 ], [ 106.574652825725693, 10.649862550904217 ], [ 106.574402880675848, 10.649847567370283 ], [ 106.574401304902338, 10.649847527216746 ], [ 106.574129888855566, 10.649840600905605 ], [ 106.573827868552982, 10.64983253252441 ], [ 106.573651859893715, 10.649839595761021 ], [ 106.57351985587232, 10.649838586599337 ], [ 106.573518320422806, 10.649838247090514 ], [ 106.573433865169179, 10.649819555121821 ], [ 106.57338686642791, 10.649807563267462 ], [ 106.573386750594196, 10.649809013689062 ], [ 106.573382699454754, 10.649859889637105 ], [ 106.573367832557523, 10.650046578859754 ], [ 106.573361865267344, 10.65021060786046 ], [ 106.573352861821803, 10.650338569103674 ], [ 106.573338848820214, 10.650566541927903 ], [ 106.573343884296492, 10.650673579710908 ], [ 106.573342883251769, 10.650693563943552 ], [ 106.573332871651701, 10.650923607402955 ], [ 106.573286857357076, 10.651193526044073 ], [ 106.573262881405611, 10.651276590167853 ], [ 106.573200865426315, 10.651595557390335 ], [ 106.573166845597271, 10.65172855579517 ], [ 106.573109865636567, 10.651901578625852 ], [ 106.573097864334798, 10.651980542997174 ], [ 106.573092864555449, 10.652083538859619 ], [ 106.573108904793045, 10.652245611497062 ], [ 106.573115907242808, 10.652298575714461 ], [ 106.573103900907512, 10.652403578921932 ], [ 106.573111874839483, 10.652509615414752 ], [ 106.573149901929114, 10.652689532531266 ], [ 106.573169919813694, 10.652929531262412 ], [ 106.573174871708829, 10.652948594883977 ], [ 106.573198848608129, 10.653062545071919 ], [ 106.573236877086146, 10.653159552353046 ], [ 106.57335284961917, 10.653393602381751 ], [ 106.573364911544161, 10.653421600246208 ], [ 106.573455874881844, 10.653607524879144 ], [ 106.573492924658908, 10.653704532879742 ], [ 106.573512901354036, 10.653788567252162 ], [ 106.573522925599192, 10.653843602848381 ], [ 106.573522886121268, 10.653912589277278 ], [ 106.573513864462782, 10.654090549742925 ], [ 106.573510860641065, 10.654151588211018 ], [ 106.57350356626992, 10.654150923012066 ], [ 106.573456022594598, 10.654146590968521 ], [ 106.573455890037991, 10.654146579564177 ], [ 106.573454870552638, 10.654146768481144 ], [ 106.573451807529167, 10.654147336148096 ], [ 106.57331589078575, 10.654172535254705 ], [ 106.57320386353895, 10.654207985072812 ], [ 106.573198914015251, 10.654209551260255 ], [ 106.573082870748621, 10.654257595243077 ], [ 106.573072736127529, 10.654263197229124 ], [ 106.572901908595014, 10.654357617066971 ], [ 106.572862927888821, 10.654383577479235 ], [ 106.572447925312133, 10.654638553620339 ], [ 106.572165885596377, 10.654829617408813 ], [ 106.572048910159381, 10.654895566644017 ], [ 106.571842879015364, 10.655037605842889 ], [ 106.571654932486013, 10.655147591832945 ], [ 106.571531925524766, 10.655213556712797 ], [ 106.571508893346504, 10.655227539696728 ], [ 106.571498889587573, 10.655235613001501 ], [ 106.57144891946146, 10.655268566074957 ], [ 106.57132490971803, 10.655353608340151 ], [ 106.571168872857825, 10.655443619184922 ], [ 106.571133815180076, 10.655457840702258 ], [ 106.571104937487121, 10.655469554416065 ], [ 106.571066933838509, 10.655494610711532 ], [ 106.571004998615678, 10.655538430284935 ], [ 106.57097791854406, 10.655557590565568 ], [ 106.570868879093254, 10.655631565660888 ], [ 106.570762911148108, 10.655697573298871 ], [ 106.570740930121744, 10.655709565441111 ], [ 106.570554911049584, 10.655836543973203 ], [ 106.570387898018808, 10.655938609068421 ], [ 106.57027387645725, 10.65600961271163 ], [ 106.57005492950222, 10.656142553623715 ], [ 106.569983945593904, 10.656182612296531 ], [ 106.569800877907596, 10.656285621393129 ], [ 106.569722931618088, 10.656315573628557 ], [ 106.569646942447392, 10.656344614851863 ], [ 106.569643449150533, 10.65634561484798 ], [ 106.569626191808624, 10.656350555516536 ], [ 106.569377937530945, 10.656421628059553 ], [ 106.569210909406891, 10.656461575305514 ], [ 106.569185958088042, 10.656467854201242 ], [ 106.569163758738569, 10.656473440616647 ], [ 106.569035902153502, 10.656505613427441 ], [ 106.568620905156251, 10.656567638693842 ], [ 106.568618443588093, 10.656566530417573 ], [ 106.568611922721004, 10.656563594790295 ], [ 106.568603940792499, 10.656538568567694 ], [ 106.568582893917267, 10.656420632410249 ], [ 106.568560926122601, 10.656268613643602 ], [ 106.56854837768276, 10.656194211252778 ], [ 106.56854591293181, 10.656179592654707 ], [ 106.5685299537639, 10.656131624057171 ], [ 106.568524950374666, 10.656121601121432 ], [ 106.568489930476503, 10.656106592066763 ], [ 106.568442948658713, 10.656100568115653 ], [ 106.568439805885774, 10.656100718266503 ], [ 106.568378951789313, 10.656103627449077 ], [ 106.568317903814801, 10.656109574781011 ], [ 106.568177891774738, 10.656131640825619 ], [ 106.568084943372426, 10.656161628237278 ], [ 106.567857919606737, 10.656178586533811 ], [ 106.567722942845165, 10.656194579289567 ], [ 106.567535903115612, 10.656221560280796 ], [ 106.567508924100352, 10.656225609490837 ], [ 106.56738495244403, 10.656241574280866 ], [ 106.567241940141187, 10.656268621906753 ], [ 106.567181956751043, 10.656278632723284 ], [ 106.566970939559255, 10.65630458926165 ], [ 106.566849893088587, 10.656314579390036 ], [ 106.566740927115745, 10.656331590572632 ], [ 106.566704916643289, 10.656340635620497 ], [ 106.566657897117537, 10.656349620773549 ], [ 106.566338896844741, 10.656421607719098 ], [ 106.566296927084522, 10.656429582473894 ], [ 106.566280955931589, 10.656433602888656 ], [ 106.566280458621321, 10.656431504947646 ], [ 106.566218892607552, 10.656171650194118 ], [ 106.566053890992606, 10.65541557721342 ], [ 106.566018937169829, 10.655227605715291 ], [ 106.566004955645582, 10.655145411156909 ], [ 106.566001934272194, 10.655127649642745 ], [ 106.566000726758816, 10.655101848982799 ], [ 106.56599593956669, 10.654999638893409 ], [ 106.565995938458627, 10.654942584296185 ], [ 106.565999892650723, 10.654445653182002 ], [ 106.565994933986659, 10.65425362563669 ], [ 106.565978904174415, 10.654179616379396 ], [ 106.565902923549302, 10.653871590690439 ], [ 106.56589289650563, 10.653814653511919 ], [ 106.565867940934538, 10.653784609545745 ], [ 106.565784906482264, 10.653659602917129 ], [ 106.565705930576897, 10.653529610625455 ], [ 106.565643894064394, 10.653446587368906 ], [ 106.565595902341443, 10.653401598594856 ], [ 106.565421936290647, 10.653298615632073 ], [ 106.56530288168706, 10.653206610558071 ], [ 106.565132905896164, 10.653073599374014 ], [ 106.565057920317059, 10.653026598681825 ], [ 106.565053929356083, 10.652999575722321 ], [ 106.565059939864753, 10.65296357469308 ], [ 106.565128898282808, 10.652785639882298 ], [ 106.565150381319214, 10.652705969335154 ], [ 106.565183916828744, 10.65258160843805 ], [ 106.565193899530769, 10.652565579613379 ], [ 106.565264880363245, 10.652354636636035 ], [ 106.565291917466922, 10.65228765825816 ], [ 106.565221889431086, 10.652261621703524 ], [ 106.565137605429499, 10.652238372388668 ], [ 106.565094919225345, 10.652226598611445 ], [ 106.564998876496645, 10.652197644462843 ], [ 106.5648519260792, 10.652161589269308 ], [ 106.564714881517219, 10.652136629146488 ], [ 106.564545878038672, 10.652113651493243 ], [ 106.56454133742659, 10.652113644312886 ], [ 106.564501928799004, 10.652113585843882 ], [ 106.564468908034314, 10.652113580376904 ], [ 106.564292887801713, 10.652116660607588 ], [ 106.56423892377299, 10.652121591499316 ], [ 106.564159933543763, 10.652127583696746 ], [ 106.564152625338608, 10.652127195858892 ], [ 106.564049929001513, 10.652121637820773 ], [ 106.563967917390542, 10.652125641644993 ], [ 106.56371388386367, 10.652132630889437 ], [ 106.563457898836617, 10.652172627891694 ], [ 106.563411936337317, 10.652181605256027 ], [ 106.563223874405153, 10.652192582423561 ], [ 106.563223795497805, 10.652191778010394 ], [ 106.563148882064155, 10.651431662680988 ], [ 106.563141772127992, 10.651433312970729 ], [ 106.563105937458289, 10.651441628441193 ], [ 106.563039539389337, 10.651446360850402 ], [ 106.562797889394773, 10.651463584648408 ], [ 106.562681874015766, 10.651465602407869 ], [ 106.562339878445798, 10.651478605565462 ], [ 106.562135921739312, 10.651493600245812 ], [ 106.56176894227174, 10.651523665781427 ], [ 106.561681943763418, 10.651550654222678 ], [ 106.561652871306549, 10.65156166963324 ], [ 106.561624945322833, 10.651577654431671 ], [ 106.561562936914441, 10.651590654592447 ], [ 106.561524872730672, 10.651592651722908 ], [ 106.561517706193769, 10.65159226074327 ], [ 106.56108492600751, 10.651568656997576 ], [ 106.561084596055693, 10.651568653331404 ], [ 106.560957895567753, 10.651567628813423 ], [ 106.560858892745941, 10.651588679460993 ], [ 106.55990468722311, 10.651594258369812 ], [ 106.559832892536122, 10.651594679003805 ], [ 106.559809428954793, 10.651604633746627 ], [ 106.55975292135625, 10.651628610970418 ], [ 106.559461918641631, 10.651710645683691 ], [ 106.559299912070074, 10.651767664149885 ], [ 106.559028882919691, 10.651848652411685 ], [ 106.559028344642485, 10.651846247177835 ], [ 106.559004929708351, 10.651741662898539 ], [ 106.558998831045116, 10.651692922363811 ], [ 106.558987910010273, 10.651605631342528 ], [ 106.558919893563711, 10.651313676082234 ], [ 106.55879071189446, 10.650806216416546 ], [ 106.558767923644183, 10.650716694034079 ], [ 106.558771930387081, 10.650664693559841 ], [ 106.558771912657932, 10.650640302804769 ], [ 106.55877190058942, 10.650624640793797 ], [ 106.558774721657542, 10.650608227423744 ], [ 106.55877687480168, 10.65059569512554 ], [ 106.558806877055929, 10.650537660715992 ], [ 106.558887300569552, 10.6504268505692 ], [ 106.558933895075327, 10.650362650981764 ], [ 106.559064886933925, 10.650151645496297 ], [ 106.559090917909856, 10.650098800713156 ], [ 106.559160943499847, 10.649956642645115 ], [ 106.559171825879389, 10.649941684796779 ], [ 106.559195870919552, 10.649908632429861 ], [ 106.558913935920799, 10.649569668323219 ], [ 106.558838914413442, 10.649479628928239 ], [ 106.558764927575112, 10.649381627442324 ], [ 106.558725867543544, 10.649320608847615 ], [ 106.558644935112383, 10.649132662520985 ], [ 106.558614870469626, 10.649052632592227 ], [ 106.558588894994472, 10.648921687751898 ], [ 106.558578891545025, 10.648844679880899 ], [ 106.558551928000981, 10.648739686998082 ], [ 106.558548913243101, 10.648682642767328 ], [ 106.55854593190125, 10.648638617909089 ], [ 106.558540911521874, 10.648621631702248 ], [ 106.558411877916299, 10.648603612022983 ], [ 106.558243869720414, 10.64858569009308 ], [ 106.558239189066541, 10.648585587347759 ], [ 106.558106885910789, 10.648582697387257 ], [ 106.558103679885605, 10.648582404599878 ], [ 106.558029899246492, 10.648575663357141 ], [ 106.5579388774986, 10.648564686693751 ], [ 106.557878904245996, 10.648548656699361 ], [ 106.557878902901749, 10.648550227970343 ], [ 106.557878865912926, 10.648591694882027 ], [ 106.557877311535435, 10.648624753366711 ], [ 106.557874868268868, 10.648676694666584 ], [ 106.557834868771266, 10.648888641338864 ], [ 106.557777915414775, 10.649160667144155 ], [ 106.557722922445123, 10.649347696602158 ], [ 106.557672919531342, 10.64948263534821 ], [ 106.557641874565917, 10.649630636000888 ], [ 106.557627898159964, 10.649733655134916 ], [ 106.557633885171867, 10.64974566469265 ], [ 106.55745592992308, 10.650330657398728 ], [ 106.557440900994862, 10.650377622598654 ], [ 106.557420934173763, 10.65038165194086 ], [ 106.557368912932915, 10.650408641275776 ], [ 106.557267902980684, 10.650497688080236 ], [ 106.557202927071955, 10.650557619688628 ], [ 106.557176890059679, 10.650575679492331 ], [ 106.557090907054729, 10.650616677988658 ], [ 106.557013929975597, 10.650642645764007 ], [ 106.556964930442632, 10.650643676024783 ], [ 106.556794926447552, 10.650669700688672 ], [ 106.556777910548732, 10.650706634033167 ], [ 106.556564954519885, 10.650710709034652 ], [ 106.556563107942196, 10.65071022197565 ], [ 106.556435953837607, 10.650676682013204 ], [ 106.556435324090259, 10.650678062335588 ], [ 106.556378913025952, 10.650801693073054 ], [ 106.556329883451141, 10.650848653516171 ], [ 106.556336947151195, 10.650925669953969 ], [ 106.556026923740774, 10.650913628059332 ], [ 106.556020889773109, 10.650913294611334 ], [ 106.555846949559253, 10.650903694206933 ], [ 106.555846368247387, 10.650903683045041 ], [ 106.555827583459219, 10.650903320005355 ], [ 106.555586927574183, 10.650898667210722 ], [ 106.555582937744944, 10.651101660355137 ], [ 106.555581459195366, 10.651132711618441 ], [ 106.55557293589807, 10.651311631172863 ], [ 106.555570201070296, 10.651331714815379 ], [ 106.555560953788017, 10.651399633102017 ], [ 106.555504963074014, 10.651608638177064 ], [ 106.555489960555562, 10.651694660730497 ], [ 106.555455944658604, 10.651860661611538 ], [ 106.55539594857558, 10.652094630116505 ], [ 106.555313903544857, 10.6523156340158 ], [ 106.555286962638363, 10.652361636186322 ], [ 106.555279906432716, 10.652373679315723 ], [ 106.555284908417931, 10.652383701600131 ], [ 106.555283701879006, 10.652388883195936 ], [ 106.555267912075522, 10.652456710709002 ], [ 106.555232916229585, 10.652622713187183 ], [ 106.555215925233142, 10.652726644076392 ], [ 106.555191909989887, 10.652796686897904 ], [ 106.555194044259736, 10.652804744784087 ], [ 106.555196935495616, 10.65281566119198 ], [ 106.555208947609884, 10.652825667267628 ], [ 106.555191086029481, 10.652976739338838 ], [ 106.555188962535226, 10.652994704083111 ], [ 106.555191085972368, 10.653097798399752 ], [ 106.555192936971068, 10.653187641605275 ], [ 106.555195963984772, 10.653507704193126 ], [ 106.55519108642774, 10.653567320946317 ], [ 106.555178945636158, 10.653715703175394 ], [ 106.555183910584788, 10.653855654408416 ], [ 106.555208974209293, 10.653954684736894 ], [ 106.555212326194962, 10.653961809206972 ], [ 106.555233915110264, 10.654007692053337 ], [ 106.555245930172219, 10.654046630962554 ], [ 106.555244930799063, 10.65406770009384 ], [ 106.555252958329959, 10.654082689677253 ], [ 106.555289935085014, 10.654210713526602 ], [ 106.555300917028958, 10.654373702980648 ], [ 106.555308928470225, 10.654553700138333 ], [ 106.555308974578196, 10.654570551822319 ], [ 106.555308974051442, 10.654570699186545 ], [ 106.555309474578152, 10.654573703017284 ], [ 106.555330004728248, 10.654696981198786 ], [ 106.555333943059011, 10.654720633209426 ], [ 106.555377037173926, 10.654814563419658 ], [ 106.555428948705085, 10.654927712198146 ], [ 106.555483961640022, 10.65497766054186 ], [ 106.555576960540336, 10.655109698064226 ], [ 106.555582456326178, 10.655116316161736 ], [ 106.555674975128269, 10.655227710523135 ], [ 106.555691975182441, 10.655242675202496 ], [ 106.555840963818298, 10.65536570874953 ], [ 106.555933710587908, 10.655413586339698 ], [ 106.555993983464134, 10.655444700189941 ], [ 106.55600997305244, 10.655447642462136 ], [ 106.555944918755614, 10.656223664328765 ], [ 106.555935977326868, 10.656263649786803 ], [ 106.555939950564621, 10.656369698307284 ], [ 106.555942961856132, 10.656453686465383 ], [ 106.555928939864188, 10.656482655387212 ], [ 106.555925958900204, 10.656495683422946 ], [ 106.555908250709621, 10.656587165366165 ], [ 106.555907958547166, 10.65658867410078 ], [ 106.555908250906043, 10.65659210518459 ], [ 106.555936975912331, 10.656929649438753 ], [ 106.555928976712352, 10.656955707136843 ], [ 106.555910968904385, 10.65695864829976 ], [ 106.555908250329907, 10.656959196831586 ], [ 106.55569298431675, 10.657002698403835 ], [ 106.55553697777799, 10.657020640427355 ], [ 106.555370941579028, 10.657037703197487 ], [ 106.554940950370096, 10.657075698253534 ], [ 106.55485095590808, 10.657082710962209 ], [ 106.554403989604296, 10.657115685238956 ], [ 106.554062970632515, 10.657187718299872 ], [ 106.553875962507419, 10.657228703307457 ], [ 106.55379399486263, 10.657248716386698 ], [ 106.553732975875377, 10.657266684020994 ], [ 106.55366992849963, 10.657286648508716 ], [ 106.553208929366946, 10.657402655890976 ], [ 106.552731996776046, 10.657507677460927 ], [ 106.552728406228894, 10.65750647521511 ], [ 106.552716980520742, 10.657502652273823 ], [ 106.552609000481056, 10.657464683393442 ], [ 106.552335938036208, 10.657404712997344 ], [ 106.552265936736219, 10.657389704012997 ], [ 106.552223992489147, 10.657378691440748 ], [ 106.552219516730318, 10.657379052780474 ], [ 106.552186984777904, 10.657381678353889 ], [ 106.552183509821148, 10.65738098750745 ], [ 106.5519960010228, 10.657343651551411 ], [ 106.551906943334785, 10.657334655418996 ], [ 106.551903440032447, 10.657334658061501 ], [ 106.551807958814209, 10.657334728062301 ], [ 106.551770952019268, 10.657337716731963 ], [ 106.55155597790106, 10.657350654585001 ], [ 106.551396985376357, 10.657351693446605 ], [ 106.551240964333402, 10.657364661025895 ], [ 106.551083972430405, 10.65738070303285 ], [ 106.550925958661651, 10.657409679355956 ], [ 106.550623938883319, 10.657432693527591 ], [ 106.550484006204783, 10.657457735010453 ], [ 106.550391979366296, 10.657466740595948 ], [ 106.550178999583366, 10.657463668612479 ], [ 106.550022948134057, 10.657464699265521 ], [ 106.549888984858114, 10.657465674325614 ], [ 106.549884262153853, 10.657465273229949 ], [ 106.549676944993777, 10.657447681578816 ], [ 106.549674152765448, 10.657447682380646 ], [ 106.549485985767447, 10.657447716222178 ], [ 106.54931900544608, 10.65744967939721 ], [ 106.549315872089181, 10.6574492489222 ], [ 106.549289970453586, 10.65744568610658 ], [ 106.549283242718303, 10.657445383238354 ], [ 106.548980011093107, 10.657431738074502 ], [ 106.548979533796981, 10.657431663350573 ], [ 106.548903007440131, 10.657419729616683 ], [ 106.548902915235416, 10.65742047209158 ], [ 106.548901014646987, 10.657435738509241 ], [ 106.548902701606167, 10.657476299728803 ], [ 106.548911952589137, 10.657698728342151 ], [ 106.548925972197125, 10.657957732408386 ], [ 106.548957999728145, 10.658328716270429 ], [ 106.548968978806201, 10.658462684659378 ], [ 106.54897900986991, 10.65857974668616 ], [ 106.548997011859043, 10.658804745811599 ], [ 106.548998949872228, 10.658882678736754 ], [ 106.549050965640461, 10.659084714523733 ], [ 106.54911096743291, 10.65928374739328 ], [ 106.549196023738546, 10.659521684319129 ], [ 106.549258874074752, 10.65964273042214 ], [ 106.549260957483696, 10.659646743684213 ], [ 106.549509969414885, 10.659473686849624 ], [ 106.549762988718925, 10.659276748599202 ], [ 106.549992010535263, 10.659128694741002 ], [ 106.550117989637528, 10.659072677759182 ], [ 106.550181989556279, 10.659041682793591 ], [ 106.550198998580669, 10.659030697396174 ], [ 106.550213961772087, 10.659015741137738 ], [ 106.550257949484177, 10.659000710697933 ], [ 106.550330000339471, 10.658992659344156 ], [ 106.550386569524576, 10.658991771600803 ], [ 106.550391969166043, 10.658991687280668 ], [ 106.550433007065436, 10.659001709737364 ], [ 106.550464954433181, 10.659024684496702 ], [ 106.550490000646818, 10.659059701896499 ], [ 106.550505019529453, 10.659094744930371 ], [ 106.550522015934789, 10.659165676190934 ], [ 106.550557978477684, 10.659281677343339 ], [ 106.550641953319158, 10.659509672726109 ], [ 106.550688975569301, 10.659645717675684 ], [ 106.550754999316624, 10.659869688806051 ], [ 106.550844955328543, 10.660193688887302 ], [ 106.5509269763334, 10.660567708661526 ], [ 106.5509459974284, 10.660604729467041 ], [ 106.55117896268726, 10.660897712900249 ], [ 106.551252987720403, 10.661010723500272 ], [ 106.551336018592153, 10.661164669785977 ], [ 106.551362023913342, 10.661220660801934 ], [ 106.551374967371729, 10.66124069976577 ], [ 106.551388026799415, 10.66133370387913 ], [ 106.551399956242165, 10.661369658826105 ], [ 106.551408978822707, 10.66138871335151 ], [ 106.551407957986868, 10.661430668293892 ], [ 106.551394004487705, 10.661514699984165 ], [ 106.551400020317587, 10.661595696225975 ], [ 106.551392984809866, 10.661643725623472 ], [ 106.551388973898852, 10.661724656223118 ], [ 106.551397971326551, 10.661878702489783 ], [ 106.551403981275172, 10.661985737683436 ], [ 106.551499962296987, 10.662277715331882 ], [ 106.551395018739242, 10.662305741598686 ], [ 106.551367964687557, 10.662338721614603 ], [ 106.551348971516262, 10.662398715308713 ], [ 106.551349015303401, 10.662443742255517 ], [ 106.551370023905676, 10.662491699854193 ], [ 106.551398003819486, 10.662524719784257 ], [ 106.55142402659375, 10.662587673860886 ], [ 106.551467985467539, 10.662676709545083 ], [ 106.551481975946871, 10.662721701682283 ], [ 106.551505979952651, 10.662761694000487 ], [ 106.551519967024632, 10.662834714028378 ], [ 106.551537028471174, 10.662901668029146 ], [ 106.551542993922723, 10.662962683601597 ], [ 106.551544967890976, 10.663111682343221 ], [ 106.551547989503916, 10.663171710979642 ], [ 106.551538035164171, 10.663199674852891 ], [ 106.551519018450264, 10.663221693283235 ], [ 106.551500972958053, 10.66323973223494 ], [ 106.551476026664133, 10.663271713296149 ], [ 106.551474016797229, 10.663285692605916 ], [ 106.551470992542789, 10.663306716290791 ], [ 106.551480993955238, 10.663354702964076 ], [ 106.551508018502929, 10.663396676489505 ], [ 106.551537974665564, 10.663435658179299 ], [ 106.551564029162321, 10.663481704292233 ], [ 106.551578010972634, 10.663523711212511 ], [ 106.551585741622617, 10.663554087047681 ], [ 106.551589969418998, 10.663570697490144 ], [ 106.551597015811637, 10.663612721267324 ], [ 106.551603987029125, 10.663654657542169 ], [ 106.5516049932219, 10.663693713368056 ], [ 106.551598973186543, 10.663726730845291 ], [ 106.551587994649253, 10.663766723241384 ], [ 106.551573033256389, 10.663810702828252 ], [ 106.551559034217448, 10.663848712204182 ], [ 106.551542010159437, 10.663882662833911 ], [ 106.551534021773449, 10.663912701026419 ], [ 106.551533036869884, 10.663939737861801 ], [ 106.551538033624652, 10.663976705017898 ], [ 106.551549999895272, 10.664026673791613 ], [ 106.551571037530834, 10.664085661808137 ], [ 106.551582990017593, 10.664129662869316 ], [ 106.551595022902177, 10.664175743981643 ], [ 106.551610976476468, 10.664222718213693 ], [ 106.551613505586928, 10.664229371996445 ], [ 106.551625020942026, 10.6642596621921 ], [ 106.551641032162834, 10.664299674959167 ], [ 106.551657032197753, 10.664334715385886 ], [ 106.551687979622116, 10.664377674214432 ], [ 106.551709031216248, 10.664413697074913 ], [ 106.551729034177484, 10.664451710662926 ], [ 106.551750030887646, 10.664494694070978 ], [ 106.551756038841546, 10.664514659460538 ], [ 106.551762044433715, 10.664533722597238 ], [ 106.55177397498592, 10.664569677508135 ], [ 106.551784997395615, 10.664604729774075 ], [ 106.5517990409909, 10.66464167464741 ], [ 106.551811037231971, 10.664673740996379 ], [ 106.551825978794881, 10.664707699242648 ], [ 106.551843014247396, 10.664735683473864 ], [ 106.552035046581921, 10.664913671342402 ], [ 106.552117014274614, 10.664949718855539 ], [ 106.552198994233365, 10.66498974330381 ], [ 106.552279022948568, 10.665033660218153 ], [ 106.552358979585222, 10.665078663983273 ], [ 106.552439008581459, 10.665122671259168 ], [ 106.552517981925789, 10.665166681220043 ], [ 106.552598010968183, 10.665210689355751 ], [ 106.55268104933424, 10.665251705426446 ], [ 106.552764984632631, 10.665290732034197 ], [ 106.552847041160774, 10.665331659265524 ], [ 106.552922032543961, 10.665380652601996 ], [ 106.552984024917492, 10.665445683964473 ], [ 106.553029019273509, 10.66552667140785 ], [ 106.553063013207122, 10.665610669588848 ], [ 106.55308397749387, 10.665698680904686 ], [ 106.553102002220839, 10.665787694235288 ], [ 106.553128991921554, 10.665873700230927 ], [ 106.553161026299492, 10.66595770342421 ], [ 106.553195028287547, 10.666043691412284 ], [ 106.553226990369808, 10.666128691062205 ], [ 106.55323510140299, 10.666183416888639 ], [ 106.553240036710363, 10.666216721780001 ], [ 106.5532349961954, 10.666306697465712 ], [ 106.553227017933423, 10.666397676973503 ], [ 106.553224011321049, 10.666487738748089 ], [ 106.553230054835495, 10.666578679548328 ], [ 106.553238056536927, 10.666668713966599 ], [ 106.553245982138023, 10.666758655460344 ], [ 106.553252023305149, 10.666848694909625 ], [ 106.553260025021231, 10.666938727516699 ], [ 106.553268027423115, 10.667028670618389 ], [ 106.553277991399824, 10.667119693562665 ], [ 106.553289009367106, 10.667209718422578 ], [ 106.553299042851904, 10.667298661833209 ], [ 106.553314053365057, 10.667387682870636 ], [ 106.55333003848304, 10.667474710649769 ], [ 106.553350026588021, 10.667564714279685 ], [ 106.553370010393408, 10.667652726259938 ], [ 106.553391049896959, 10.667740736430792 ], [ 106.553412992224779, 10.667828655682012 ], [ 106.553435991394252, 10.667916659910755 ], [ 106.553459062007974, 10.668003671288126 ], [ 106.553486056487031, 10.668090671680947 ], [ 106.553514021015076, 10.668175681536731 ], [ 106.553541015528225, 10.66826268192164 ], [ 106.553563034042568, 10.668350689556636 ], [ 106.553580001738595, 10.668438711066425 ], [ 106.553583035337326, 10.668531650323912 ], [ 106.553556039292374, 10.668615715556012 ], [ 106.553555089695948, 10.668616786601417 ], [ 106.553494025749842, 10.668685675079265 ], [ 106.553415050369537, 10.668727649387019 ], [ 106.55332402478939, 10.668745695959579 ], [ 106.553236036317216, 10.668771688683556 ], [ 106.553149040709172, 10.668802654815742 ], [ 106.553068027361917, 10.668843729302759 ], [ 106.552999048264596, 10.668902677009834 ], [ 106.552939069366943, 10.668972721618752 ], [ 106.552893057487083, 10.669049692585851 ], [ 106.552883162399013, 10.669078998882929 ], [ 106.552864029770191, 10.669135662429879 ], [ 106.552839005394134, 10.669223700446155 ], [ 106.552818050205502, 10.669311728921972 ], [ 106.55279400447921, 10.669399674017377 ], [ 106.552761057537637, 10.669484658535266 ], [ 106.552720029380282, 10.669565685896096 ], [ 106.552718822316038, 10.669567216865712 ], [ 106.552664048073581, 10.669636715581637 ], [ 106.552599074690733, 10.6696987249545 ], [ 106.55253100449589, 10.669759660093137 ], [ 106.552467012445575, 10.669823655870184 ], [ 106.552405069301614, 10.669891717390932 ], [ 106.55237802427591, 10.669928677195168 ], [ 106.552350074733312, 10.669964733443031 ], [ 106.552299076093249, 10.670038734615005 ], [ 106.552258049334327, 10.670119670611932 ], [ 106.552218079399594, 10.670200695204892 ], [ 106.55218301548696, 10.670284688823074 ], [ 106.552180309741118, 10.670293665909215 ], [ 106.552157080753872, 10.670370741995537 ], [ 106.552137029946564, 10.670458675000543 ], [ 106.552103031576152, 10.670545744225636 ], [ 106.552082076782142, 10.670633680450315 ], [ 106.552092024047113, 10.67071873482481 ], [ 106.552123013628147, 10.670805725990054 ], [ 106.55216304055466, 10.67088971055389 ], [ 106.552205019338842, 10.670970704877343 ], [ 106.552255051347402, 10.671046707075961 ], [ 106.552313058239491, 10.671115725688507 ], [ 106.552382051615751, 10.67117666900902 ], [ 106.552457054192033, 10.671229731517649 ], [ 106.552535049348691, 10.67127374385646 ], [ 106.552619052444172, 10.671308700997882 ], [ 106.552704042669305, 10.67134573403019 ], [ 106.552786025015138, 10.671386663147253 ], [ 106.552863048253627, 10.671433662214969 ], [ 106.552933012216542, 10.671491708992557 ], [ 106.552999069932014, 10.671554739953763 ], [ 106.553059037427531, 10.671623662966763 ], [ 106.553114042304102, 10.671697663288063 ], [ 106.553159034208591, 10.671777655243762 ], [ 106.553188053973031, 10.671861667005205 ], [ 106.553213085607823, 10.67194767795039 ], [ 106.553234050375295, 10.672036683659458 ], [ 106.55325207134581, 10.672123707077205 ], [ 106.553271077384053, 10.672212716907969 ], [ 106.553291061570093, 10.672300728847091 ], [ 106.553313081311998, 10.672388739171257 ], [ 106.55333404512497, 10.672476659086136 ], [ 106.553353055657922, 10.672566664271917 ], [ 106.553368065640285, 10.672655683451561 ], [ 106.553377043979495, 10.67274471902852 ], [ 106.553381050574842, 10.672834673250938 ], [ 106.553381062069874, 10.672925721711282 ], [ 106.55337707641948, 10.673015694656577 ], [ 106.553372039504822, 10.673106663870751 ], [ 106.553365585064114, 10.67318968094528 ], [ 106.553365036889588, 10.673196735876614 ], [ 106.553359095094734, 10.673287711030948 ], [ 106.553348094406914, 10.67337670661983 ], [ 106.5533370222945, 10.673466698672506 ], [ 106.553325044375555, 10.673556693051735 ], [ 106.553314045504337, 10.673645689538693 ], [ 106.553306063709172, 10.673735673651155 ], [ 106.553298084757714, 10.673826741731069 ], [ 106.553292063547559, 10.673916719902062 ], [ 106.553285064195862, 10.674007695962143 ], [ 106.553278061447273, 10.674096683085407 ], [ 106.553270083036665, 10.674188657036522 ], [ 106.553272051726722, 10.674277710614318 ], [ 106.55328804348045, 10.674366729070041 ], [ 106.55330096730485, 10.674405462216329 ], [ 106.553317071412721, 10.674453724182912 ], [ 106.553353098749071, 10.674535728041278 ], [ 106.553394095043373, 10.674615731085336 ], [ 106.55343607825192, 10.674697719627089 ], [ 106.553481066431118, 10.674775724357337 ], [ 106.553525078313541, 10.674854724252475 ], [ 106.553570070846888, 10.674934716091546 ], [ 106.553618077099387, 10.675013705703659 ], [ 106.553659075364195, 10.675093709600214 ], [ 106.553671075446616, 10.675184726321941 ], [ 106.553647103802646, 10.675271677707221 ], [ 106.553636559106977, 10.675280942555904 ], [ 106.5535810606209, 10.675329712192511 ], [ 106.553519101207229, 10.675363687114098 ], [ 106.553497042197591, 10.675375679282793 ], [ 106.553416033132052, 10.675418653393505 ], [ 106.55333410256118, 10.675455662113473 ], [ 106.553252037068106, 10.675498731113695 ], [ 106.55316906379862, 10.675540713930539 ], [ 106.553093047467087, 10.675589735091265 ], [ 106.553037057183204, 10.675657691087077 ], [ 106.553000036824798, 10.675742685198298 ], [ 106.552996164524899, 10.675760628196182 ], [ 106.552992551405396, 10.675777371736899 ], [ 106.552981042890721, 10.675830706831864 ], [ 106.55297208283865, 10.675921687919535 ], [ 106.552968097098812, 10.676011662662393 ], [ 106.552966539509754, 10.67608092172998 ], [ 106.552966071284189, 10.676101720969415 ], [ 106.552967064167973, 10.676192677396756 ], [ 106.552969110388148, 10.676282725244013 ], [ 106.552971083122429, 10.676373678249414 ], [ 106.552972106234094, 10.676418701720483 ], [ 106.552973053486255, 10.676463727194369 ], [ 106.552975100390228, 10.676553683727407 ], [ 106.552974056133536, 10.676644734886924 ], [ 106.552968109784828, 10.676734712854177 ], [ 106.552964056933035, 10.676827671183087 ], [ 106.552957063859239, 10.676920728374398 ], [ 106.552941085278064, 10.677008742259854 ], [ 106.552913108388324, 10.677092718665685 ], [ 106.552863081760194, 10.677163733152501 ], [ 106.552798116470882, 10.677229723228399 ], [ 106.552728087899126, 10.677291747500544 ], [ 106.552725422226857, 10.67729441320364 ], [ 106.552663119938543, 10.677356741277999 ], [ 106.552600115955556, 10.67742371804203 ], [ 106.552542092297244, 10.67749267547412 ], [ 106.552497063584866, 10.677571723266498 ], [ 106.552458070912053, 10.677652745407489 ], [ 106.552422099769089, 10.677735746925245 ], [ 106.552387111988281, 10.677819742196238 ], [ 106.552353100521088, 10.677902741389664 ], [ 106.552323099189763, 10.677990703553986 ], [ 106.55229210832475, 10.678075681222044 ], [ 106.552279381033784, 10.678108048712321 ], [ 106.552259082012156, 10.678159672351653 ], [ 106.552220088294249, 10.67824069356827 ], [ 106.552175055876489, 10.678318746861082 ], [ 106.552161949650127, 10.678339774716562 ], [ 106.552127081940384, 10.67839572191407 ], [ 106.552079107983403, 10.678472697865148 ], [ 106.552030074760481, 10.678548682055638 ], [ 106.551986097980219, 10.678626735329724 ], [ 106.551940092398212, 10.678706687822425 ], [ 106.551896122616157, 10.678786729109465 ], [ 106.551851089802682, 10.678864691054699 ], [ 106.551803117639096, 10.678942751845781 ], [ 106.551756123377345, 10.679019725243101 ], [ 106.551709127271891, 10.679096701351559 ], [ 106.551669080319414, 10.679177724310847 ], [ 106.551629113518032, 10.679260737813907 ], [ 106.551594124452976, 10.679344732114842 ], [ 106.551565097425623, 10.679430700971386 ], [ 106.55154708109356, 10.679517728274853 ], [ 106.551546105962458, 10.679606698105999 ], [ 106.551546518316414, 10.679610926269353 ], [ 106.551555093781516, 10.679698718017281 ], [ 106.551566111060325, 10.679788742872997 ], [ 106.551583081441464, 10.679877669387505 ], [ 106.55160110687774, 10.679966681792239 ], [ 106.551606095124669, 10.680056722107512 ], [ 106.551592077470261, 10.680145727196487 ], [ 106.551573085554864, 10.680234744139373 ], [ 106.551546094046984, 10.68032070958289 ], [ 106.551530121080233, 10.6804107132533 ], [ 106.551524098447501, 10.68050069140253 ], [ 106.551522073968499, 10.680591744176059 ], [ 106.551525100432698, 10.680681700923225 ], [ 106.551534083081549, 10.680771730087189 ], [ 106.551540124875075, 10.680862674475369 ], [ 106.551531087164676, 10.680951756290204 ], [ 106.551515112109129, 10.681041669557686 ], [ 106.55149408102109, 10.681129697254017 ], [ 106.551474106566261, 10.68121772223925 ], [ 106.551454132104126, 10.681305748127594 ], [ 106.551437102438143, 10.681395755407507 ], [ 106.551421124736237, 10.681484675109566 ], [ 106.551408088680446, 10.681573675865046 ], [ 106.551390077433865, 10.681662691187789 ], [ 106.551371085397264, 10.681751708121011 ], [ 106.551359102452849, 10.681839714413627 ], [ 106.551379080806527, 10.681925738390703 ], [ 106.55141112715738, 10.682013720358659 ], [ 106.551434129741452, 10.682102719990391 ], [ 106.551425088231568, 10.682190716930668 ], [ 106.551400133839948, 10.682277670709528 ], [ 106.551384020817224, 10.682308367103033 ], [ 106.551358123195683, 10.682357705115896 ], [ 106.551304102686487, 10.68242972322704 ], [ 106.55124412424459, 10.682500674441748 ], [ 106.551191093200259, 10.682575673416569 ], [ 106.551142136043467, 10.682652741289816 ], [ 106.551108123787799, 10.682735740386057 ], [ 106.551102288971776, 10.682793845199646 ], [ 106.55109908647708, 10.682825726255592 ], [ 106.5511001539288, 10.682916682496954 ], [ 106.551107102657909, 10.683007712256421 ], [ 106.551119100783225, 10.683097735499313 ], [ 106.551125139156454, 10.683186687335255 ], [ 106.551113158719161, 10.683275687181462 ], [ 106.551078094179843, 10.683359682543252 ], [ 106.551037139835898, 10.683440708681445 ], [ 106.551023555921859, 10.683463725769052 ], [ 106.550991127246931, 10.683518675767706 ], [ 106.550947153996788, 10.683597720691237 ], [ 106.550911109508775, 10.683681718550643 ], [ 106.550878155436806, 10.683765708484623 ], [ 106.55084512899883, 10.683850692169926 ], [ 106.550813158285436, 10.683935674050476 ], [ 106.550783146625719, 10.684020742217694 ], [ 106.550756157233764, 10.684107699366509 ], [ 106.550731125210007, 10.684193749238837 ], [ 106.550708131153684, 10.684280697048139 ], [ 106.550688151896438, 10.684367727535838 ], [ 106.550670148290635, 10.684458733561351 ], [ 106.550654093717128, 10.684547741125421 ], [ 106.550639097629329, 10.684636749592274 ], [ 106.550626138840201, 10.684726746405602 ], [ 106.550614158224278, 10.684815744430834 ], [ 106.550610097690537, 10.684906713814668 ], [ 106.550612145294423, 10.68499676166946 ], [ 106.550609137894597, 10.685086732072714 ], [ 106.550598143273149, 10.685177718322745 ], [ 106.550593202722695, 10.685203534834217 ], [ 106.550581109698484, 10.685266730200423 ], [ 106.550555174219056, 10.685352691067322 ], [ 106.550550621937958, 10.685361681916593 ], [ 106.550514143638452, 10.685433718254679 ], [ 106.550464130058984, 10.685509705688194 ], [ 106.550408149070492, 10.685581728707767 ], [ 106.550346117670898, 10.685646715506984 ], [ 106.550277137295296, 10.685706747736129 ], [ 106.55020717065004, 10.685764701318497 ], [ 106.550135171337473, 10.685822752308381 ], [ 106.550062176893661, 10.685876736631261 ], [ 106.549989105780526, 10.68592972666247 ], [ 106.549911125742682, 10.685978749550863 ], [ 106.549750127203637, 10.686111711452048 ], [ 106.549660157267951, 10.686160765886136 ], [ 106.549586127869858, 10.686221714970497 ], [ 106.549494141377181, 10.686277736735613 ], [ 106.549434119174194, 10.686303748462672 ], [ 106.549363143727547, 10.686350765256586 ], [ 106.549307158752413, 10.686392770406991 ], [ 106.549303000763572, 10.686395616198816 ], [ 106.54927216213747, 10.686416730925078 ], [ 106.549238149144585, 10.686441771993886 ], [ 106.549170161204231, 10.686477749688278 ], [ 106.549121114688234, 10.686491709196742 ], [ 106.549072119711127, 10.686496717406943 ], [ 106.549038872086768, 10.686496712960887 ], [ 106.549005169251629, 10.686496707867633 ], [ 106.548944166142192, 10.68649369968281 ], [ 106.548943956735542, 10.686493667672073 ], [ 106.548897177407241, 10.686486766348052 ], [ 106.548870161106649, 10.686477703475541 ], [ 106.548813164007868, 10.686420707745551 ], [ 106.548751120076247, 10.686365712951238 ], [ 106.548690112799164, 10.686303752373865 ], [ 106.548584112007518, 10.686247695557334 ], [ 106.548510123667498, 10.686209728597461 ], [ 106.548436173797597, 10.686185777260242 ], [ 106.548349150337117, 10.686178766264506 ], [ 106.548346570823313, 10.686178766529103 ], [ 106.548243144357627, 10.686178766875454 ], [ 106.548188146055651, 10.686194730393561 ], [ 106.548106143826004, 10.686263744808549 ], [ 106.548047131712096, 10.686329718854335 ], [ 106.548012126360661, 10.686378721898734 ], [ 106.548004049984698, 10.686403716462701 ], [ 106.548001132079051, 10.686412746500068 ], [ 106.547989161891408, 10.686477695376814 ], [ 106.547950162203477, 10.686498772065246 ], [ 106.547898169013848, 10.686538776929934 ], [ 106.547862124300252, 10.686565722491126 ], [ 106.547841113823949, 10.686604745943324 ], [ 106.547816155925432, 10.686632748059164 ], [ 106.547793122105276, 10.686646730421213 ], [ 106.547766124288856, 10.686672748797902 ], [ 106.547742120826697, 10.686691707806597 ], [ 106.547706141796695, 10.68671476479429 ], [ 106.5476721799823, 10.686730764908296 ], [ 106.547630173186988, 10.686754740444504 ], [ 106.54762218276646, 10.68675980463674 ], [ 106.547559116275508, 10.686799769019608 ], [ 106.547557438147791, 10.686801213482656 ], [ 106.547516160823207, 10.686836767329227 ], [ 106.547497725333116, 10.686862170754239 ], [ 106.547414452961448, 10.686975954910602 ], [ 106.547413162316445, 10.68697771751914 ], [ 106.547407034632542, 10.686975723424045 ], [ 106.547370149607133, 10.6869637229918 ], [ 106.547282178318753, 10.686940709443322 ], [ 106.54719212082054, 10.686927739948565 ], [ 106.547101179300554, 10.68692173309169 ], [ 106.547098080314598, 10.68692162980045 ], [ 106.547010166954834, 10.686918709808445 ], [ 106.546918189759836, 10.686920751733197 ], [ 106.546826126088305, 10.686918727360023 ], [ 106.546734134771739, 10.686915706493647 ], [ 106.546727491246969, 10.686915347349066 ], [ 106.546643119303781, 10.686910785475133 ], [ 106.54655315416376, 10.686903781493815 ], [ 106.546461147058324, 10.686894703340093 ], [ 106.546370120991099, 10.686885713968177 ], [ 106.546279168200911, 10.6868757290051 ], [ 106.546188143815925, 10.686867733144414 ], [ 106.546098159632123, 10.686853765956842 ], [ 106.546007122213368, 10.686839711924401 ], [ 106.545917137133017, 10.686825746493911 ], [ 106.545827151294475, 10.686810785661281 ], [ 106.545737161725683, 10.686794740835472 ], [ 106.545647175901379, 10.686779779949674 ], [ 106.545557121753887, 10.686767714033433 ], [ 106.545466165502688, 10.686756733460351 ], [ 106.545375142071293, 10.686748737356238 ], [ 106.545284194510486, 10.686740741032065 ], [ 106.545193170170691, 10.686732744876549 ], [ 106.545102142485959, 10.686722759755355 ], [ 106.545011182755502, 10.686710785486905 ], [ 106.544921123458437, 10.686696727737525 ], [ 106.544831132516634, 10.686679779485409 ], [ 106.544741137839935, 10.686661743623491 ], [ 106.544652124208227, 10.686643797453742 ], [ 106.54456213229362, 10.686625762435773 ], [ 106.544473192479131, 10.68660772381088 ], [ 106.544383124792773, 10.68659077381308 ], [ 106.544293136246623, 10.686574727654454 ], [ 106.544203152201305, 10.686560761716303 ], [ 106.544112196031975, 10.686549780740828 ], [ 106.544021164915918, 10.686538800832981 ], [ 106.543931198220619, 10.686530801614321 ], [ 106.543839191249461, 10.686521722674252 ], [ 106.543748173065595, 10.686515715926619 ], [ 106.543657147131455, 10.686506724845835 ], [ 106.543566197823239, 10.686498728017478 ], [ 106.54347517189801, 10.686489737786975 ], [ 106.543384145219719, 10.686479752153332 ], [ 106.543293189842842, 10.686469766311667 ], [ 106.543203136063099, 10.686457789205235 ], [ 106.543113157916906, 10.686445719665436 ], [ 106.543022199219237, 10.686433744803622 ], [ 106.542931162239682, 10.686419781165243 ], [ 106.542841176213599, 10.686405725329349 ], [ 106.540560448019974, 10.686211108797581 ], [ 106.539865174470279, 10.686151780791638 ], [ 106.539863011011803, 10.686151841410657 ], [ 106.538418307756302, 10.686191713782048 ], [ 106.53839051453501, 10.686192480971634 ], [ 106.537943170491673, 10.686204828357946 ], [ 106.537941658129057, 10.686204287019788 ], [ 106.536618151890991, 10.685731768150822 ], [ 106.535583213257681, 10.685651822162257 ], [ 106.535583221046707, 10.685652007476811 ], [ 106.535584435807635, 10.685682922676131 ], [ 106.535600154881067, 10.686082789904255 ], [ 106.535343767561173, 10.686527290012656 ], [ 106.535248035967271, 10.686693261011484 ], [ 106.535037194411203, 10.687058796221518 ], [ 106.534647175491443, 10.687236808388104 ], [ 106.534610865996783, 10.687270805812815 ], [ 106.534588785572438, 10.687291479481612 ], [ 106.534553155419772, 10.687324840537295 ], [ 106.534451211079755, 10.687438838443869 ], [ 106.534299148541521, 10.687609798298356 ], [ 106.534242212091456, 10.687673811047341 ], [ 106.534206382459388, 10.687711751679331 ], [ 106.534039193489406, 10.687888787683457 ], [ 106.534026901620521, 10.687909004597984 ], [ 106.533904201330628, 10.688110825106452 ], [ 106.533836177995099, 10.688251862479921 ], [ 106.533789212074922, 10.688371782180422 ], [ 106.533756175177572, 10.688512823040377 ], [ 106.533682198444708, 10.688801795511013 ], [ 106.533554238198903, 10.689237831847784 ], [ 106.533326185068987, 10.689981799313147 ], [ 106.533191178610664, 10.690404831906488 ], [ 106.533071179272568, 10.690740844513398 ], [ 106.533043205098465, 10.690828798334065 ], [ 106.533001182757175, 10.690965795166367 ], [ 106.532885254893131, 10.691360838650672 ], [ 106.532820254882125, 10.691563806054603 ], [ 106.532743224945307, 10.69177981949435 ], [ 106.532629213759307, 10.69206979893273 ], [ 106.532503437060754, 10.692390457584692 ], [ 106.53246523975011, 10.692487838406915 ], [ 106.532319230344243, 10.692883864815981 ], [ 106.532301317035603, 10.692945684757747 ], [ 106.532286196289192, 10.69299787207556 ], [ 106.532260205608551, 10.693094860660548 ], [ 106.532249221250922, 10.693162791017372 ], [ 106.532246258000839, 10.693242815800847 ], [ 106.532245230081699, 10.693341823899631 ], [ 106.532242197886191, 10.693423837807375 ], [ 106.53223223545281, 10.69347784203265 ], [ 106.532215268455644, 10.69353583990695 ], [ 106.532197213042025, 10.693581815483583 ], [ 106.532178235949587, 10.693619838464075 ], [ 106.532122291579682, 10.693707742972462 ], [ 106.53212221510384, 10.693707863405288 ], [ 106.532091279732725, 10.693761224948608 ], [ 106.532064264063237, 10.693807826887879 ], [ 106.532021253007954, 10.693882798813092 ], [ 106.531979208192126, 10.693952795932072 ], [ 106.531902267175127, 10.694085810011378 ], [ 106.531867236383235, 10.694155879050381 ], [ 106.531832251419317, 10.694243850350459 ], [ 106.531781234871687, 10.694402837566171 ], [ 106.531702214905835, 10.694636850388399 ], [ 106.531615263376068, 10.694924860512714 ], [ 106.531535837667718, 10.69515615578297 ], [ 106.531490280146812, 10.69528882539803 ], [ 106.531404978309027, 10.695534011915562 ], [ 106.531401212480091, 10.695544835820685 ], [ 106.531394375812596, 10.695561589972042 ], [ 106.53125023243085, 10.695914832578431 ], [ 106.531062258283384, 10.696413854807281 ], [ 106.530997481930996, 10.696593935754128 ], [ 106.530889243456883, 10.696894846728174 ], [ 106.530811270239596, 10.697096849994674 ], [ 106.530598281569169, 10.697661846675018 ], [ 106.530570274027284, 10.697736872220348 ], [ 106.530506606614381, 10.697870736100759 ], [ 106.53046423043692, 10.697959832352087 ], [ 106.530429263474289, 10.698025831889833 ], [ 106.530401286438646, 10.698083858131888 ], [ 106.530352300376137, 10.698239856662966 ], [ 106.530204277122706, 10.698617803252418 ], [ 106.53017327433345, 10.698700881573018 ], [ 106.530093281563936, 10.698938876230297 ], [ 106.529991277129355, 10.699208841358528 ], [ 106.529947273225019, 10.699337883407463 ], [ 106.529908246191411, 10.699467817983692 ], [ 106.529858312133285, 10.6996368392323 ], [ 106.52985348413047, 10.699652720429912 ], [ 106.529831244127806, 10.699725876356798 ], [ 106.529776274767102, 10.69990087523145 ], [ 106.52971730865913, 10.700076883084815 ], [ 106.529613245676458, 10.700396852818541 ], [ 106.529481235690099, 10.700789697064241 ], [ 106.529415317678513, 10.700985861294081 ], [ 106.529363257703992, 10.701149826814531 ], [ 106.529287319295932, 10.701380845330934 ], [ 106.529192301057421, 10.70167086585829 ], [ 106.528970328409486, 10.702321871070323 ], [ 106.528911284868414, 10.702496881812854 ], [ 106.528829311362927, 10.702757846340477 ], [ 106.528752283786247, 10.703035885413092 ], [ 106.52869629037113, 10.703253836323835 ], [ 106.52863628077904, 10.7034938583545 ], [ 106.528570305205903, 10.703729827862594 ], [ 106.528533331132209, 10.703866900235731 ], [ 106.528515337630537, 10.703936836044464 ], [ 106.528415283987215, 10.704350828624799 ], [ 106.528401945082052, 10.704408898652638 ], [ 106.528341307926055, 10.704672893605677 ], [ 106.528294274365095, 10.704856825474192 ], [ 106.528240340340489, 10.705054878945136 ], [ 106.52809828369962, 10.705615902009237 ], [ 106.527956313543044, 10.706151877567397 ], [ 106.527911319949098, 10.706336889185568 ], [ 106.527788355012476, 10.706844880621095 ], [ 106.527750343629833, 10.706989822723244 ], [ 106.527712337720317, 10.707135847883318 ], [ 106.527669352461743, 10.707310909702445 ], [ 106.527455314031059, 10.708266865828763 ], [ 106.527269359904025, 10.709089839159295 ], [ 106.527233355908223, 10.70925285759445 ], [ 106.527236326390664, 10.709293900358871 ], [ 106.527249353541976, 10.709375874194455 ], [ 106.527324348417579, 10.709659863280734 ], [ 106.527507350484726, 10.710399912767743 ], [ 106.527834387285381, 10.711824860740009 ], [ 106.528147383321496, 10.713154906822966 ], [ 106.528416343445784, 10.714245821307507 ], [ 106.528435390910417, 10.714411867428785 ], [ 106.528406828930656, 10.714682092620608 ], [ 106.528394381750786, 10.714799853362001 ], [ 106.52841398525527, 10.714882234661317 ], [ 106.528433407663812, 10.714963859705188 ], [ 106.529462643269682, 10.716317493118083 ], [ 106.529762050406816, 10.716687872019703 ], [ 106.52987235252418, 10.716830869931739 ], [ 106.529984349787597, 10.716962865560616 ], [ 106.530135994581087, 10.717141586255341 ], [ 106.530220081317239, 10.717278845555438 ], [ 106.530166253718491, 10.71731940398352 ], [ 106.529967400118096, 10.717434878673886 ], [ 106.529524398554429, 10.717727849856146 ], [ 106.529369395616328, 10.717855903951842 ], [ 106.529260223579257, 10.717938181534263 ], [ 106.529174398322652, 10.718002863558645 ], [ 106.528939372520824, 10.718152908398542 ], [ 106.528589387217281, 10.718345826621203 ], [ 106.527965392624111, 10.718718902932109 ], [ 106.527859404332872, 10.718789873966923 ], [ 106.527810832750632, 10.718804697238646 ], [ 106.527741413187229, 10.718825882964676 ], [ 106.527565411298482, 10.718851910283538 ], [ 106.527431426182915, 10.71891390767923 ], [ 106.527225421524662, 10.719031872130564 ], [ 106.526893419540542, 10.719239842551083 ], [ 106.526768412908609, 10.719303896641355 ], [ 106.526677420603292, 10.7193118985716 ], [ 106.526633406659201, 10.719320869113448 ], [ 106.526548433486155, 10.719412853939886 ], [ 106.526442432502918, 10.719537890591496 ], [ 106.526422416140804, 10.719553854820123 ], [ 106.526404375053048, 10.719560750832416 ], [ 106.526388366940807, 10.719566868796559 ], [ 106.526213427929989, 10.719595876164396 ], [ 106.5261154020059, 10.719654891285408 ], [ 106.526086134049592, 10.719669386836578 ], [ 106.525895422984121, 10.719763847247966 ], [ 106.525618376612627, 10.719936869212235 ], [ 106.52520044712476, 10.720193418754922 ], [ 106.525095433871996, 10.720257881715858 ], [ 106.524785393762897, 10.720444908685375 ], [ 106.524590105566105, 10.720554538269111 ], [ 106.524443393299734, 10.720636897734808 ], [ 106.524304968088629, 10.720723244268934 ], [ 106.524217387586503, 10.720777875249947 ], [ 106.524074144273612, 10.720859815482056 ], [ 106.523946400249244, 10.720932888893401 ], [ 106.523880509952406, 10.720974382184506 ], [ 106.523826335336892, 10.72100849716862 ], [ 106.523630431320811, 10.721131864154318 ], [ 106.523023458742983, 10.721560857224818 ], [ 106.521171470619834, 10.722972951517166 ], [ 106.520390408448307, 10.72356294834797 ], [ 106.520274451123001, 10.723658896721926 ], [ 106.520210466836602, 10.723671891015169 ], [ 106.520207797720786, 10.72367057315636 ], [ 106.520173403999891, 10.723653582174629 ], [ 106.520119411129201, 10.723626909168898 ], [ 106.519853432833997, 10.723467894707856 ], [ 106.51972926867596, 10.723380152541065 ], [ 106.519420435640157, 10.723161912224779 ], [ 106.51910240703981, 10.72296495892021 ], [ 106.518604445055104, 10.722671884868866 ], [ 106.518125411681268, 10.722378945875441 ], [ 106.517535448068202, 10.72202289517204 ], [ 106.516991468843855, 10.721690964498334 ], [ 106.516824732613344, 10.721591988877627 ], [ 106.516745430972691, 10.721544915734885 ], [ 106.516726903878009, 10.721531761924634 ], [ 106.516538451427166, 10.721397955137178 ], [ 106.516381776005929, 10.721319284329292 ], [ 106.516299419059067, 10.721277930502076 ], [ 106.515975418866375, 10.721073936656271 ], [ 106.515869725184658, 10.721004042540779 ], [ 106.515541420618817, 10.720786938909633 ], [ 106.515269473411749, 10.720621964367112 ], [ 106.515185420368582, 10.720570906473842 ], [ 106.515068420158386, 10.720461970410581 ], [ 106.514842441398372, 10.720315960224882 ], [ 106.514395466906279, 10.72005494305553 ], [ 106.514013404368498, 10.719818991344338 ], [ 106.513864417079063, 10.719703986467692 ], [ 106.513715463233694, 10.719601910554761 ], [ 106.513521436423332, 10.71950699863681 ], [ 106.513365441860074, 10.719423926208016 ], [ 106.513132440711559, 10.719302978277218 ], [ 106.51273145433133, 10.719067975295152 ], [ 106.512448333724691, 10.718897678751208 ], [ 106.512297451796201, 10.718806923083184 ], [ 106.511993410552819, 10.718621950868856 ], [ 106.511831428660699, 10.718525964934239 ], [ 106.5110934474733, 10.718073971156892 ], [ 106.511021461234037, 10.718022972959178 ], [ 106.511018453331062, 10.718017378678146 ], [ 106.510999415845987, 10.717981976527591 ], [ 106.510970504076951, 10.717965128360802 ], [ 106.510848463120169, 10.717894009328933 ], [ 106.510739446734519, 10.717840929931604 ], [ 106.510670573971467, 10.717803350415165 ], [ 106.510532406488522, 10.717727962728926 ], [ 106.5101824658027, 10.717519957314206 ], [ 106.509947415457503, 10.717362934802111 ], [ 106.509809442126624, 10.717278010139527 ], [ 106.509712659997433, 10.717214091422358 ], [ 106.509653399806112, 10.717174954910284 ], [ 106.509559456118396, 10.717117949892558 ], [ 106.509553841043086, 10.717116395018977 ], [ 106.50949441162166, 10.717099934830111 ], [ 106.509490787612847, 10.717100578325086 ], [ 106.509415422665569, 10.717113961529506 ], [ 106.509339412111103, 10.717172012891666 ], [ 106.509098402216509, 10.717436978228214 ], [ 106.508881433847506, 10.717728012522235 ], [ 106.50875040560588, 10.717888999879257 ], [ 106.508479412580769, 10.718226007433124 ], [ 106.508151416981775, 10.718624999342712 ], [ 106.507645452862931, 10.719231021725049 ], [ 106.507307491123839, 10.719655984899505 ], [ 106.507083467138472, 10.719929948301157 ], [ 106.506436439849722, 10.720727995197816 ], [ 106.506176487436591, 10.721048971208605 ], [ 106.505899456146651, 10.721385988774527 ], [ 106.505597452200945, 10.721748026373938 ], [ 106.505269449138325, 10.722147013867243 ], [ 106.505154502313104, 10.722286985510223 ], [ 106.505055514331687, 10.722416971803973 ], [ 106.504899487189874, 10.722624041122998 ], [ 106.5046644764859, 10.722908969845792 ], [ 106.504419485527009, 10.723213993021067 ], [ 106.504148494524998, 10.723555971524403 ], [ 106.503731488785959, 10.724069005955105 ], [ 106.503101534542324, 10.724825053816703 ], [ 106.501793479844906, 10.726418001697088 ], [ 106.501791344328851, 10.726419507617203 ], [ 106.501671532750336, 10.726504009626503 ], [ 106.501667062759353, 10.726504197620457 ], [ 106.501646500806146, 10.726505064561692 ], [ 106.501644744946333, 10.726504455840422 ], [ 106.501623482455699, 10.726497073898209 ], [ 106.501594484863276, 10.72648005513005 ], [ 106.499780501225175, 10.725069056775267 ], [ 106.499698519972938, 10.725002074317477 ], [ 106.499683197250178, 10.724993606598737 ], [ 106.49966952507522, 10.724986050730868 ], [ 106.499664919344212, 10.724987166601407 ], [ 106.499640511077274, 10.72499308287891 ], [ 106.499609496988299, 10.725015037963766 ], [ 106.498906503333615, 10.725450997531201 ], [ 106.498751267302652, 10.7255449706796 ], [ 106.497657522240701, 10.726207075826373 ], [ 106.49704755244808, 10.726665052787745 ], [ 106.495951495715715, 10.727517051544428 ], [ 106.495904821744034, 10.727549871925996 ], [ 106.495884950028696, 10.72756384501298 ], [ 106.495840535726245, 10.727595076031406 ], [ 106.49579150123428, 10.727617073050869 ], [ 106.495773569143495, 10.727623082915594 ], [ 106.495768891719322, 10.727621826612229 ], [ 106.495758553451893, 10.72761905056405 ], [ 106.495734534706116, 10.72760310600291 ], [ 106.495724687905337, 10.727596071489172 ], [ 106.495558043337198, 10.727477026252551 ], [ 106.49533553817983, 10.727318075052004 ], [ 106.495222291191794, 10.727228269684991 ], [ 106.493644507967801, 10.725977088346752 ], [ 106.491568547778101, 10.724328056210418 ], [ 106.491565876312279, 10.724331361545717 ], [ 106.491058530156181, 10.724959109444434 ], [ 106.489831566361801, 10.726467098036643 ], [ 106.489247527235051, 10.727206102216593 ], [ 106.488636587360702, 10.727954120554152 ], [ 106.487871565354524, 10.728942105971132 ], [ 106.487517562724832, 10.729392133544366 ], [ 106.487274557187817, 10.729686109211672 ], [ 106.487141572362148, 10.729824129534268 ], [ 106.487016362338039, 10.729983460350899 ], [ 106.485820576953415, 10.731505111461226 ], [ 106.483794605135103, 10.734011175277473 ], [ 106.483045640298215, 10.734947123622312 ], [ 106.482493652953764, 10.735607108152998 ], [ 106.482465591579754, 10.735634117536858 ], [ 106.482443593006863, 10.735643120611762 ], [ 106.482421652064772, 10.735644166771774 ], [ 106.482420099961601, 10.735643518588066 ], [ 106.482378625099443, 10.735626184766085 ], [ 106.482183587228434, 10.735488125027951 ], [ 106.482122644502326, 10.735452102728084 ], [ 106.482115878480911, 10.735451057270534 ], [ 106.482103634155777, 10.735449164028546 ], [ 106.482101880908147, 10.735449649124677 ], [ 106.482074621966959, 10.73545718910386 ], [ 106.482054615536981, 10.735479116661519 ], [ 106.482005595894194, 10.735540173142203 ], [ 106.4807256197073, 10.737241111955804 ], [ 106.479361614760933, 10.739002190000432 ], [ 106.477938632781076, 10.74086114347169 ], [ 106.477090655396097, 10.741970185179463 ], [ 106.476023666730597, 10.743389144412655 ], [ 106.475460689084116, 10.74413223656169 ], [ 106.475018116820763, 10.744738343173653 ], [ 106.47490867137428, 10.744888230567755 ], [ 106.474499670230529, 10.745438192764652 ], [ 106.473503727951964, 10.746396216626193 ], [ 106.473499507502069, 10.746393067607256 ], [ 106.473490670020198, 10.746386473955264 ], [ 106.472758566254171, 10.745840257983415 ], [ 106.472267200818223, 10.745452295439108 ], [ 106.471654813328925, 10.746234765801216 ], [ 106.471455720017929, 10.746470236926349 ], [ 106.470543757964691, 10.747644242872608 ], [ 106.469503740394828, 10.748978216915958 ], [ 106.468596067280345, 10.750143042416603 ], [ 106.468405749578068, 10.750387278269107 ], [ 106.467500747974782, 10.751548239818456 ], [ 106.466438752986434, 10.752911281158037 ], [ 106.466353958764458, 10.753020062053761 ], [ 106.466081768948598, 10.75336925016696 ], [ 106.465723963173886, 10.753837453075203 ], [ 106.465141769839136, 10.754599274882439 ], [ 106.463791791666381, 10.75636622777087 ], [ 106.463687558021988, 10.756502436378199 ], [ 106.463680821123148, 10.756511239514014 ], [ 106.464390826429295, 10.757046228529457 ], [ 106.466384765379388, 10.758603218439164 ], [ 106.466453821036055, 10.758656223349986 ], [ 106.467378799498505, 10.759364218219979 ], [ 106.469091806801643, 10.760680244042501 ], [ 106.47054382137074, 10.761810245980195 ], [ 106.470910779376382, 10.762089232571174 ], [ 106.471735805980359, 10.76271426202362 ], [ 106.472103801186279, 10.762985198352929 ], [ 106.472188536026593, 10.76305829824096 ], [ 106.472198537893505, 10.763045680261824 ], [ 106.486778311650099, 10.774163614976315 ], [ 106.486831739198593, 10.774173119054179 ], [ 106.48694146934919, 10.774192638379354 ], [ 106.486976675170354, 10.77419890126008 ], [ 106.48713689219079, 10.774301898320417 ], [ 106.488664617810272, 10.775575203618011 ], [ 106.490237540652743, 10.776886180918083 ], [ 106.496757559672361, 10.782320391614055 ], [ 106.501754813600769, 10.786614787127906 ], [ 106.504511758513743, 10.788907246988757 ], [ 106.504540073738966, 10.788930791349303 ], [ 106.504562430327795, 10.788949381468599 ], [ 106.505218480892069, 10.79166166294563 ], [ 106.505258388482574, 10.791826652157232 ], [ 106.505386405755772, 10.792355906188204 ], [ 106.505389940724726, 10.792385887332438 ], [ 106.505463138500048, 10.793006765978275 ], [ 106.505491583852859, 10.793248044031758 ], [ 106.505493216834097, 10.793261896707527 ], [ 106.505496080907037, 10.793267451545557 ], [ 106.505714470332762, 10.793691051227089 ], [ 106.505738228758247, 10.793740225162713 ], [ 106.505714898080541, 10.793752085673281 ], [ 106.505739908935155, 10.79380003696029 ], [ 106.505805931608847, 10.793932063187064 ], [ 106.506029921925361, 10.794408006214438 ], [ 106.506058890674424, 10.794471044837232 ], [ 106.506257916060534, 10.79500708512745 ], [ 106.506315902701417, 10.79524301917648 ], [ 106.506345915275006, 10.795361028000658 ], [ 106.506374920097201, 10.795559055678048 ], [ 106.506384892856232, 10.795626030004177 ], [ 106.506463920259932, 10.795981078724981 ], [ 106.506542870844783, 10.796336038994692 ], [ 106.506655329031304, 10.796783280502632 ], [ 106.506752068339836, 10.797299754172057 ], [ 106.507216081208185, 10.799426887303285 ], [ 106.507238904061111, 10.799537035515341 ], [ 106.507248900548248, 10.799583033528684 ], [ 106.507319210082244, 10.799899649524848 ], [ 106.507850700016562, 10.802336107802857 ], [ 106.508065587550192, 10.803188283241544 ], [ 106.508087923737534, 10.803282047195278 ], [ 106.508149016656091, 10.803519138305964 ], [ 106.509404196850838, 10.808496783137345 ], [ 106.509404006409554, 10.808497053017428 ], [ 106.509397936335674, 10.808513070829674 ], [ 106.509417001118891, 10.808595031005295 ], [ 106.509430036629425, 10.808624863018187 ], [ 106.509615650419818, 10.809568155201797 ], [ 106.509695952960598, 10.810074085243755 ], [ 106.509779957310812, 10.810545034102395 ], [ 106.509977964288055, 10.811477995288259 ], [ 106.510120728347403, 10.812134957600682 ], [ 106.510360772277664, 10.813354861471367 ], [ 106.510403719229544, 10.81354366409793 ], [ 106.510436983602062, 10.813712025195326 ], [ 106.510482469959811, 10.81388986787556 ], [ 106.5107237002142, 10.814950361393189 ], [ 106.510757008927726, 10.815172078510621 ], [ 106.510876023038705, 10.815646014290392 ], [ 106.511076982669891, 10.816639997565897 ], [ 106.511179051142093, 10.817214064072337 ], [ 106.511274994223911, 10.817512017530658 ], [ 106.5116350020525, 10.818941048678814 ], [ 106.511951059714988, 10.820138994359064 ], [ 106.512093045164789, 10.820687013205289 ], [ 106.512103988811376, 10.820724295179335 ], [ 106.512314071620452, 10.821439988258295 ], [ 106.512476059170012, 10.821993021065182 ], [ 106.512668086891239, 10.82285103930346 ], [ 106.513045022349118, 10.824257060559132 ], [ 106.513419059841311, 10.825529001703119 ], [ 106.513511505216542, 10.825779427790589 ], [ 106.513561451008101, 10.825967336223998 ], [ 106.513550083991603, 10.826006069204794 ], [ 106.513611057163217, 10.826194073283371 ], [ 106.513623070963419, 10.826202733422965 ], [ 106.514984186230748, 10.831500423022545 ], [ 106.516935886609858, 10.839392176152174 ], [ 106.516979100828138, 10.839579005514077 ], [ 106.517053570216547, 10.839868035620492 ], [ 106.517287186654656, 10.840812667189249 ], [ 106.517293179968675, 10.840840057150254 ], [ 106.517306624634401, 10.840897805098239 ], [ 106.51753114010036, 10.841862059083365 ], [ 106.517719124967741, 10.842601998930052 ], [ 106.517746150450407, 10.842728061109868 ], [ 106.517795123106737, 10.84291103001514 ], [ 106.517850160475831, 10.84310700320899 ], [ 106.51788013415927, 10.843235046957343 ], [ 106.517919175958397, 10.84339905343929 ], [ 106.517940139766722, 10.843515004281313 ], [ 106.517965129431559, 10.843640980188082 ], [ 106.518237143044132, 10.844761990578645 ], [ 106.518811141757325, 10.847096999434923 ], [ 106.518824174404145, 10.847150015514281 ], [ 106.519282166071449, 10.849046051535392 ], [ 106.519789207146616, 10.851150999191718 ], [ 106.520056183860845, 10.852242997829181 ], [ 106.5200566057256, 10.85224523613684 ], [ 106.520056634468588, 10.852245388851504 ], [ 106.520110177535628, 10.852530020143574 ], [ 106.520341217446543, 10.853286035631092 ], [ 106.520687186677961, 10.854556042535675 ], [ 106.521021199492949, 10.855752027883817 ], [ 106.521514236863311, 10.857535039033614 ], [ 106.521954258784532, 10.859174967610453 ], [ 106.522345233155065, 10.860632016267123 ], [ 106.522354229899548, 10.860728014065353 ], [ 106.522346218411045, 10.860810041616913 ], [ 106.5223502794463, 10.860893031512044 ], [ 106.522888282779377, 10.862845996092476 ], [ 106.523546249854789, 10.865211041125626 ], [ 106.524017283250672, 10.866990035886939 ], [ 106.524519279386126, 10.868808006758524 ], [ 106.524906308613211, 10.870304028185725 ], [ 106.525462283528512, 10.872365981892472 ], [ 106.525588274831236, 10.872746037333597 ], [ 106.525797894847244, 10.873641293519414 ], [ 106.52579818248455, 10.873642525027183 ], [ 106.525798285149662, 10.873642965949335 ], [ 106.525881206651889, 10.873627350455633 ], [ 106.525888320947814, 10.873626010752679 ], [ 106.525925291613547, 10.873977992780194 ], [ 106.525927332799256, 10.874038022645998 ], [ 106.525948351885816, 10.874171964837599 ], [ 106.526060344369611, 10.874798978540014 ], [ 106.526368333396846, 10.876268977586466 ], [ 106.526559307352159, 10.877154016076242 ], [ 106.526628329736624, 10.877412969516492 ], [ 106.526892368018181, 10.878251982503388 ], [ 106.527188361481848, 10.879281962842382 ], [ 106.527230378168824, 10.879395959670598 ], [ 106.527367361271104, 10.879648954825631 ], [ 106.527492550980043, 10.879888902540966 ], [ 106.527501255340098, 10.879907419145624 ], [ 106.527578342843825, 10.880129968837652 ], [ 106.527647321225857, 10.880341997703967 ], [ 106.52805939128946, 10.881823030727835 ], [ 106.528364354259423, 10.88296301950945 ], [ 106.52861335705407, 10.883993025368344 ], [ 106.528719346228584, 10.884395010334973 ], [ 106.528935401560616, 10.88522898990515 ], [ 106.529762383310157, 10.888486968960777 ], [ 106.530004406564728, 10.889439956524017 ], [ 106.530706396613368, 10.892204947305846 ], [ 106.531381430836674, 10.894810962857367 ], [ 106.53164644630175, 10.895810000934789 ], [ 106.531910406117049, 10.896808950888214 ], [ 106.531977470223055, 10.897035992143856 ], [ 106.532084441253858, 10.89734801063309 ], [ 106.532143449893496, 10.897453227110347 ], [ 106.532186468979774, 10.897529935132901 ], [ 106.532247461937061, 10.897686015128642 ], [ 106.532305428964591, 10.897867962489915 ], [ 106.532330405595843, 10.897955962094994 ], [ 106.532373421690238, 10.898103951407592 ], [ 106.532711427684774, 10.899315004702236 ], [ 106.532827447687566, 10.899739926380768 ], [ 106.53288548633931, 10.899976934985885 ], [ 106.532915455992281, 10.900156964732394 ], [ 106.532923430346088, 10.900349979578634 ], [ 106.532909579724119, 10.90043573224405 ], [ 106.532887419831624, 10.900572943375566 ], [ 106.532811433599605, 10.900829010074494 ], [ 106.532707768319924, 10.901062947416332 ], [ 106.532706423376197, 10.90106598305915 ], [ 106.532567440892947, 10.901323930101048 ], [ 106.532345639424406, 10.901652502829057 ], [ 106.532172481102194, 10.901909014530485 ], [ 106.53179143920228, 10.90244994140963 ], [ 106.531755045467975, 10.902493975057087 ], [ 106.531705470935634, 10.902553957349637 ], [ 106.531590484210668, 10.90263996251714 ], [ 106.53153974206937, 10.902664423731821 ], [ 106.530978449840276, 10.902935008897806 ], [ 106.526446528879987, 10.905228045815583 ], [ 106.525847467091367, 10.905555056086014 ], [ 106.525808490052839, 10.905596021844771 ], [ 106.525769539024949, 10.90564702529379 ], [ 106.525752346355233, 10.905661101622503 ], [ 106.525719471706836, 10.905688019124705 ], [ 106.524969720239753, 10.906078428511817 ], [ 106.522982407704049, 10.907113262759019 ], [ 106.522627503048852, 10.907298068112397 ], [ 106.522341752053364, 10.907440735924975 ], [ 106.521890537418386, 10.907666015729736 ], [ 106.521255535954538, 10.907987049179141 ], [ 106.520425527350298, 10.908410018261499 ], [ 106.519887516699157, 10.908687044989444 ], [ 106.519462556204843, 10.908886031394866 ], [ 106.519013538651933, 10.909119073001117 ], [ 106.518422568619926, 10.909430046635515 ], [ 106.517690575636408, 10.909799055365275 ], [ 106.516937578263693, 10.91018710212275 ], [ 106.516439576552727, 10.910445036817576 ], [ 106.515726579970575, 10.910809112584158 ], [ 106.514934594576673, 10.911207110085703 ], [ 106.513860575040439, 10.911757069508596 ], [ 106.512989556956313, 10.91220308604353 ], [ 106.512211602500159, 10.912603122221023 ], [ 106.511700606985443, 10.91285809592868 ], [ 106.511306571070648, 10.913057085170642 ], [ 106.510926620203421, 10.913247086919748 ], [ 106.510408628233918, 10.913511120217539 ], [ 106.510001562108485, 10.913720084013875 ], [ 106.509981232983179, 10.913730442583104 ], [ 106.509424564120408, 10.914014098046565 ], [ 106.508921621250124, 10.914263083333823 ], [ 106.508378596477016, 10.91453612386352 ], [ 106.507826601617452, 10.914812171809997 ], [ 106.507363614116471, 10.915048124988491 ], [ 106.507005607840838, 10.915235174879509 ], [ 106.506540647412166, 10.915468147462231 ], [ 106.506199592829262, 10.915645119488833 ], [ 106.503782201384183, 10.916878814568253 ], [ 106.503764383743558, 10.916882622059374 ], [ 106.503609648642581, 10.916873193113739 ], [ 106.503598627445598, 10.916872135375684 ], [ 106.503593215127538, 10.916871946191891 ], [ 106.503569652878994, 10.916871121840693 ], [ 106.503569639780437, 10.916871006152984 ], [ 106.503534608974988, 10.916559184631366 ], [ 106.503527766406762, 10.916562806876994 ], [ 106.503500626343026, 10.916577171434806 ], [ 106.503114658999678, 10.916779113387834 ], [ 106.502415674218895, 10.917147194730793 ], [ 106.501794649135206, 10.917462190008608 ], [ 106.500786654320336, 10.918002179360954 ], [ 106.50036163844382, 10.918220218474287 ], [ 106.499792630169864, 10.918518173713894 ], [ 106.499504680861662, 10.918662187506367 ], [ 106.499071660788786, 10.918878165197553 ], [ 106.49876166048179, 10.919046189976342 ], [ 106.498746665180178, 10.919054185133247 ], [ 106.498743649804126, 10.919055186980506 ], [ 106.498238693058738, 10.919321157056302 ], [ 106.49822768968771, 10.919326157212204 ], [ 106.498225941612219, 10.91932326848486 ], [ 106.498198670573188, 10.919278216996156 ], [ 106.4981938552922, 10.919281938140372 ], [ 106.498189632564831, 10.919285202187947 ], [ 106.497373664252635, 10.919767207605883 ], [ 106.497001645661555, 10.919998222715014 ], [ 106.496949663577269, 10.920031169821792 ], [ 106.496852704755753, 10.920091170500921 ], [ 106.496736679813907, 10.920162158655982 ], [ 106.496177673252333, 10.92051017372472 ], [ 106.496110707135799, 10.920626112286202 ], [ 106.495993032647277, 10.920829842403531 ], [ 106.495991650875851, 10.920832234307943 ], [ 106.495947685125415, 10.92084219579178 ], [ 106.495863695662948, 10.920869162633801 ], [ 106.495781695249832, 10.9209072472974 ], [ 106.495699702948755, 10.920948224923412 ], [ 106.495619682509101, 10.920994170072182 ], [ 106.495580656359863, 10.921017230195508 ], [ 106.495540643184484, 10.921039207843233 ], [ 106.495460708121655, 10.921088227465003 ], [ 106.495380692829983, 10.921135167012817 ], [ 106.495301651599732, 10.921180204730994 ], [ 106.495220717299347, 10.92122217412936 ], [ 106.495139705705753, 10.921263238728322 ], [ 106.495058699474811, 10.921307197201365 ], [ 106.49497867436466, 10.921350249201845 ], [ 106.4948976665179, 10.921393212264979 ], [ 106.494816657082808, 10.92143518084198 ], [ 106.494737691611306, 10.921480219143616 ], [ 106.494656683693847, 10.92152318305123 ], [ 106.494576656895191, 10.921565238679282 ], [ 106.494495720552052, 10.921607208806877 ], [ 106.494414717781936, 10.921651166207841 ], [ 106.494334690649296, 10.921694218055499 ], [ 106.494253680131507, 10.9217361864954 ], [ 106.494173650471865, 10.921778242935664 ], [ 106.494091657690262, 10.92181922015863 ], [ 106.494010724592712, 10.921862183723967 ], [ 106.49392971355843, 10.921903248020936 ], [ 106.493848701360932, 10.921944221894197 ], [ 106.493765721963911, 10.921983213397787 ], [ 106.493683725667907, 10.922023193344193 ], [ 106.493601656127666, 10.922064261036631 ], [ 106.493518671707818, 10.922101261740842 ], [ 106.493436671313503, 10.922139254502619 ], [ 106.493352708665867, 10.922177252011622 ], [ 106.493270709784056, 10.922216238293839 ], [ 106.493186668692076, 10.922253242384201 ], [ 106.493103684162364, 10.922290242982205 ], [ 106.493019715564202, 10.922326251478765 ], [ 106.492936660923533, 10.922365241144652 ], [ 106.492853676325851, 10.922402240774584 ], [ 106.492769713523899, 10.922440239036691 ], [ 106.492686725497791, 10.922476245065871 ], [ 106.492603669208052, 10.922514239275959 ], [ 106.492520687640692, 10.92255322956183 ], [ 106.492437709707417, 10.922592218913575 ], [ 106.492355704725128, 10.922629216942335 ], [ 106.492272728304997, 10.922669201622577 ], [ 106.49219073160468, 10.922709183000599 ], [ 106.492108735103628, 10.92274925385979 ], [ 106.4920267377192, 10.922788241631721 ], [ 106.491944663192328, 10.92282822313639 ], [ 106.491862670703412, 10.922869200699923 ], [ 106.491780674109989, 10.922909271476513 ], [ 106.491698674800219, 10.922948257362098 ], [ 106.49161667977053, 10.92298823949521 ], [ 106.491534682890432, 10.92302822251615 ], [ 106.491452686614451, 10.923069195465118 ], [ 106.491370693292581, 10.923110262408935 ], [ 106.491288695702636, 10.923149249994918 ], [ 106.491206698725506, 10.923189231125178 ], [ 106.491125685769248, 10.923230204321237 ], [ 106.491042709861887, 10.923271273562905 ], [ 106.490961691928149, 10.923310258693053 ], [ 106.490878713281177, 10.923350242118376 ], [ 106.490797702697847, 10.923392209697612 ], [ 106.490715705583909, 10.923432191608343 ], [ 106.490633706201223, 10.923471267631502 ], [ 106.490552693999362, 10.923512241587064 ], [ 106.490470695897102, 10.923552221630198 ], [ 106.490387723873653, 10.923594195663551 ], [ 106.490306706614589, 10.923634264601723 ], [ 106.490225691848607, 10.923674241299118 ], [ 106.49014369457521, 10.923714223969903 ], [ 106.490061699737794, 10.923755199276734 ], [ 106.489978723521574, 10.923796267343421 ], [ 106.489897706207145, 10.923835252206585 ], [ 106.489815711299457, 10.923876227451526 ], [ 106.489734694572746, 10.923916206743423 ], [ 106.489652703221381, 10.923958267719977 ], [ 106.489570703316929, 10.923997253069462 ], [ 106.489488708315562, 10.924038228232131 ], [ 106.489406711746199, 10.924078209811119 ], [ 106.489325700963136, 10.924120267430835 ], [ 106.48924370096934, 10.924159253601971 ], [ 106.489161702496617, 10.92419923331558 ], [ 106.489079708297467, 10.924240210181257 ], [ 106.488998692502179, 10.924280279693841 ], [ 106.488915719128315, 10.92432225064265 ], [ 106.488834699684162, 10.924361233437601 ], [ 106.488752702932032, 10.924401215755964 ], [ 106.4886707088327, 10.924442280212498 ], [ 106.488588712661098, 10.924483256055012 ], [ 106.488506711551111, 10.924522243850776 ], [ 106.488425696283969, 10.924562221908657 ], [ 106.488342718963537, 10.924602293281 ], [ 106.48826072515412, 10.924644262602062 ], [ 106.488179705537306, 10.924683248850197 ], [ 106.488097707678762, 10.924723228293638 ], [ 106.488014730963258, 10.924763211886406 ], [ 106.487932733281752, 10.924803281694206 ], [ 106.487851712653082, 10.924842265150691 ], [ 106.487768735868215, 10.924882248680708 ], [ 106.487724300826841, 10.924902593349872 ], [ 106.487685751401571, 10.924920242361608 ], [ 106.487602691896583, 10.924958235298103 ], [ 106.487519708302372, 10.924996229838362 ], [ 106.487408129383439, 10.925055259467852 ], [ 106.487377696137017, 10.925056246850524 ], [ 106.487351693954324, 10.925068243193179 ], [ 106.487267724713504, 10.925104250198327 ], [ 106.487183749625629, 10.925138267349103 ], [ 106.487095690862262, 10.925168227836123 ], [ 106.487009750402365, 10.925200260735261 ], [ 106.486925706685682, 10.925237261397831 ], [ 106.486848698722866, 10.925281298601897 ], [ 106.486780713988551, 10.925342221871979 ], [ 106.486716742705141, 10.925410276669217 ], [ 106.486648751402583, 10.925469301392573 ], [ 106.486570693871201, 10.925516234067915 ], [ 106.486490737947079, 10.92555828844174 ], [ 106.486407755564443, 10.925597276262506 ], [ 106.486323714402587, 10.925634278572314 ], [ 106.486240729523473, 10.925672271884828 ], [ 106.486157749815177, 10.925711258730965 ], [ 106.48607673113807, 10.925751237115664 ], [ 106.48599473871748, 10.925793296268891 ], [ 106.485914705564213, 10.925835260280405 ], [ 106.485833768561335, 10.925877227351025 ], [ 106.485751772999038, 10.925917297507588 ], [ 106.485669705868091, 10.925960261727754 ], [ 106.485588760527051, 10.925999243534729 ], [ 106.485506768880313, 10.926041303467198 ], [ 106.485425746656773, 10.926080288130608 ], [ 106.48534277315008, 10.926122259072239 ], [ 106.485261756981643, 10.926162235439563 ], [ 106.485179759132748, 10.926203300832869 ], [ 106.485097762247122, 10.926243280420938 ], [ 106.485016745717175, 10.926284253007797 ], [ 106.484934748785335, 10.926324232554808 ], [ 106.484852751755227, 10.926365296959546 ], [ 106.484770754776974, 10.926405276465237 ], [ 106.484689731727741, 10.926443264667013 ], [ 106.484607740214642, 10.926486228437629 ], [ 106.484524760885336, 10.926526300647442 ], [ 106.484443746022095, 10.926567273087411 ], [ 106.484361748011111, 10.926607251588193 ], [ 106.484280729963928, 10.926647319929923 ], [ 106.484197752766192, 10.926688297020325 ], [ 106.484116733533611, 10.926728274013394 ], [ 106.484034734515447, 10.926768252433973 ], [ 106.483952732420533, 10.926806243705649 ], [ 106.483870741826834, 10.926849296790719 ], [ 106.483788742741439, 10.926889276053368 ], [ 106.4837067427204, 10.926929256201598 ], [ 106.483624738700996, 10.926967245586765 ], [ 106.48354274404565, 10.927008311463174 ], [ 106.483460744866022, 10.927048289739067 ], [ 106.483378744750766, 10.927088268900539 ], [ 106.483296744915123, 10.927127253568663 ], [ 106.483214747419694, 10.927168318464982 ], [ 106.483132748152272, 10.92720829846631 ], [ 106.483049765739167, 10.927247284523594 ], [ 106.482967767340554, 10.927287264481111 ], [ 106.482884781526423, 10.927325256032251 ], [ 106.482802783306127, 10.927365327258215 ], [ 106.48271972334949, 10.927403319848761 ], [ 106.482636740824759, 10.927442306704506 ], [ 106.482554736515894, 10.927480296723449 ], [ 106.482471756382836, 10.927520277099216 ], [ 106.482389753553321, 10.927559261544925 ], [ 106.482306772769462, 10.927598249216006 ], [ 106.482223784337222, 10.927635246131691 ], [ 106.482141785019309, 10.927675317193025 ], [ 106.482058729756446, 10.927715297642896 ], [ 106.481976727730853, 10.927754282886148 ], [ 106.481894725678302, 10.927793266300592 ], [ 106.481813783785427, 10.927833332035782 ], [ 106.481730732395505, 10.927875304048996 ], [ 106.481649789322148, 10.927915280243647 ], [ 106.481567792055145, 10.927956254316598 ], [ 106.481486775665999, 10.927997316428918 ], [ 106.481405763292969, 10.928039280769035 ], [ 106.481324751727783, 10.928082331774045 ], [ 106.481242756801208, 10.928124300231733 ], [ 106.481161737661338, 10.928164277390744 ], [ 106.481081780197485, 10.928206330438307 ], [ 106.481000771054894, 10.928249289142229 ], [ 106.480918774205321, 10.928291258426908 ], [ 106.480837761886775, 10.928333313032073 ], [ 106.480756746580923, 10.928375278121701 ], [ 106.480675735742096, 10.928418330771665 ], [ 106.48059479723058, 10.92846029473341 ], [ 106.480513782164678, 10.928501265289528 ], [ 106.480432763036646, 10.928541332673356 ], [ 106.48035076541484, 10.928582306440131 ], [ 106.480269754226214, 10.928625264967046 ], [ 106.480187754346147, 10.928665334632191 ], [ 106.480105750269303, 10.928703323126834 ], [ 106.480023747689089, 10.928742306973724 ], [ 106.479941746604723, 10.928782286172876 ], [ 106.479854745188547, 10.928813326130449 ], [ 106.479764780205102, 10.928836325142361 ], [ 106.479674737758913, 10.928858328936839 ], [ 106.479668996869293, 10.92886004408968 ], [ 106.479587800760655, 10.928884304993883 ], [ 106.479557994744539, 10.928917545394542 ], [ 106.479535800341679, 10.928942296532281 ], [ 106.479491782795165, 10.929024316268505 ], [ 106.479426803818157, 10.929082336948369 ], [ 106.479343752628893, 10.929124308351648 ], [ 106.479255762848339, 10.929152275777131 ], [ 106.479165782216612, 10.929169306014535 ], [ 106.479075789534093, 10.929180281724202 ], [ 106.479043241460104, 10.929184196193622 ], [ 106.478983757928901, 10.929191349963617 ], [ 106.478893778880305, 10.929208292424423 ], [ 106.478806764854895, 10.929234268452911 ], [ 106.478723779047428, 10.929272349342851 ], [ 106.47864374870214, 10.929316301406141 ], [ 106.478565763448429, 10.929362327024551 ], [ 106.478485739736101, 10.929408267978975 ], [ 106.478406771923744, 10.929454298612935 ], [ 106.478328785677817, 10.929500323273272 ], [ 106.478250796983673, 10.929545354352109 ], [ 106.478171757789738, 10.929593280926373 ], [ 106.478093774819598, 10.929640304516237 ], [ 106.478014805362392, 10.929685336970531 ], [ 106.47793674457553, 10.92973235799618 ], [ 106.477857779703299, 10.929779291653116 ], [ 106.477779796625157, 10.929826312456422 ], [ 106.477700750225239, 10.92987134592226 ], [ 106.477621783765656, 10.929917284149131 ], [ 106.477567004250488, 10.929948913999249 ], [ 106.47754379393561, 10.929962315966476 ], [ 106.477463771028781, 10.930008347075974 ], [ 106.477384800239278, 10.930053289878959 ], [ 106.477305754632198, 10.930098324151567 ], [ 106.47722481666024, 10.930141283553874 ], [ 106.477144788810818, 10.930185326555096 ], [ 106.477064762437138, 10.930230361294035 ], [ 106.476984802663139, 10.930272325645438 ], [ 106.476904773816699, 10.930316364973896 ], [ 106.476824817326587, 10.930359321943191 ], [ 106.476744785794949, 10.930402278167181 ], [ 106.476663781948588, 10.93044831141277 ], [ 106.476582763925734, 10.930489281899685 ], [ 106.4765028075591, 10.930532329196328 ], [ 106.476422779263117, 10.930576278902652 ], [ 106.476342824354973, 10.930620321533844 ], [ 106.476260825545268, 10.930661293366841 ], [ 106.476180791647877, 10.930703346295466 ], [ 106.476099779235497, 10.930746305595143 ], [ 106.476018764595892, 10.930788359005261 ], [ 106.475937823817688, 10.930830323621272 ], [ 106.475856807409784, 10.930871293019381 ], [ 106.475775791788521, 10.93091334817942 ], [ 106.475693793725782, 10.930954318963421 ], [ 106.475612779561416, 10.930997369456755 ], [ 106.475529792594585, 10.931035359126728 ], [ 106.475448772742823, 10.931075335766018 ], [ 106.475366771253121, 10.9311153110981 ], [ 106.475284773301809, 10.931156375801404 ], [ 106.475201787747665, 10.931195360761304 ], [ 106.475118800667829, 10.931233350326099 ], [ 106.475035812982355, 10.931270346301662 ], [ 106.474952821030556, 10.931306347792576 ], [ 106.474868766690463, 10.931340362834481 ], [ 106.474782831117182, 10.931375375884224 ], [ 106.474698775601439, 10.931409300477728 ], [ 106.474613814936077, 10.931442322223996 ], [ 106.474528777405311, 10.931475344129904 ], [ 106.474442833595546, 10.931507374591655 ], [ 106.474439550665977, 10.931508669763149 ], [ 106.474356818439929, 10.931541302835655 ], [ 106.474271781765552, 10.931574325575388 ], [ 106.474186817672134, 10.931606352742962 ], [ 106.474101784284798, 10.931640369903342 ], [ 106.473997826063439, 10.931681302773997 ], [ 106.473916808436698, 10.931722362095821 ], [ 106.473834811374275, 10.931764329591781 ], [ 106.473752812784923, 10.931805299884832 ], [ 106.473671795087725, 10.931846359145682 ], [ 106.473590776237586, 10.931887329790463 ], [ 106.473509837415293, 10.931930377771533 ], [ 106.473428821840727, 10.931972341937792 ], [ 106.473348792888572, 10.932016382199102 ], [ 106.473268834469494, 10.93205933739347 ], [ 106.473201432279325, 10.9320985869239 ], [ 106.473189790984492, 10.932105365135453 ], [ 106.473110819862143, 10.932150307806728 ], [ 106.473033819047686, 10.93219931500402 ], [ 106.472958787734854, 10.932251299138114 ], [ 106.472885803912931, 10.932306354953127 ], [ 106.472810841833464, 10.932356350846542 ], [ 106.47272982695165, 10.932398314837872 ], [ 106.472646841817479, 10.93243738954838 ], [ 106.472563778103535, 10.932475379542806 ], [ 106.472480796602014, 10.932516351839013 ], [ 106.472399780711299, 10.932558315750303 ], [ 106.472320801425823, 10.932600365235171 ], [ 106.47223979030241, 10.932644318947165 ], [ 106.472158777875208, 10.932687365862726 ], [ 106.472078816687613, 10.932729327202123 ], [ 106.471998788810282, 10.932774362507894 ], [ 106.471917852022344, 10.932817318778129 ], [ 106.471837817457967, 10.932860366016394 ], [ 106.471757784476225, 10.932903321016383 ], [ 106.471677830941402, 10.932947361593882 ], [ 106.4715977979114, 10.932990316554706 ], [ 106.471517840668454, 10.933034357101732 ], [ 106.471436827806116, 10.933077314336062 ], [ 106.471355810904925, 10.933119367492454 ], [ 106.471275854287384, 10.933163318475977 ], [ 106.471194838252998, 10.93320537159023 ], [ 106.471112834644217, 10.933245348563553 ], [ 106.471028854624336, 10.933278367956026 ], [ 106.470943821838688, 10.93331337694989 ], [ 106.47085885662662, 10.933345312836831 ], [ 106.470771852802145, 10.933376352153676 ], [ 106.470685829649611, 10.933407385518073 ], [ 106.4706007917638, 10.933440315981926 ], [ 106.470516814598483, 10.933475325085789 ], [ 106.47043185762, 10.933510333765145 ], [ 106.470348791809911, 10.933547328721172 ], [ 106.470265806012222, 10.933586402822437 ], [ 106.470184787089408, 10.933627370809319 ], [ 106.470102860061374, 10.933667347345432 ], [ 106.470020858781496, 10.933708408916784 ], [ 106.469939837390001, 10.933748382374002 ], [ 106.469858822260861, 10.933791341027234 ], [ 106.469777805833317, 10.933833391979539 ], [ 106.469696866016463, 10.933875355036673 ], [ 106.469615841787643, 10.933915328419655 ], [ 106.469534827693138, 10.9339583764924 ], [ 106.469453819065649, 10.934003323074093 ], [ 106.469374841345555, 10.934046367217242 ], [ 106.46929382865315, 10.93409040698891 ], [ 106.469214853978514, 10.934134355153756 ], [ 106.469133843070722, 10.934178396689596 ], [ 106.469052818677142, 10.934218369932523 ], [ 106.468970814821162, 10.934257350985028 ], [ 106.468886844398071, 10.934295343072366 ], [ 106.468804838099729, 10.934333328709936 ], [ 106.468721853340767, 10.934373396887681 ], [ 106.468638864464197, 10.934411384793947 ], [ 106.468555869864005, 10.934447384647358 ], [ 106.468472808325274, 10.934486368964418 ], [ 106.468389820865454, 10.934525353085972 ], [ 106.468305847325269, 10.934561355176228 ], [ 106.468222855944418, 10.934598348506777 ], [ 106.468139866937022, 10.934636337189025 ], [ 106.468056801280738, 10.934674417340888 ], [ 106.467972830958772, 10.934711412907278 ], [ 106.467889837102433, 10.934747413491383 ], [ 106.467806843782768, 10.934784406719343 ], [ 106.46772280133662, 10.934823393147408 ], [ 106.467638831488273, 10.934861383100305 ], [ 106.467555836066779, 10.93489638822324 ], [ 106.467472845967436, 10.934934376736395 ], [ 106.467389853455288, 10.934971370759129 ], [ 106.467305807588815, 10.935009361707765 ], [ 106.467222819252441, 10.935047350152436 ], [ 106.467139822809671, 10.935082355170469 ], [ 106.46706457030804, 10.935114617134818 ], [ 106.467055848944042, 10.935118356935387 ], [ 106.466971874701628, 10.935155353154073 ], [ 106.466887828160623, 10.935192347712315 ], [ 106.466804834024273, 10.935228348017361 ], [ 106.466721843943688, 10.935266426743896 ], [ 106.466639840028535, 10.935306404391479 ], [ 106.466558820089574, 10.935347369665447 ], [ 106.466476817034362, 10.935387343653444 ], [ 106.466394814737313, 10.935428405212809 ], [ 106.466313869749641, 10.935469372057975 ], [ 106.466232853799895, 10.935512419310021 ], [ 106.466150847350008, 10.935551398748528 ], [ 106.466069832962987, 10.935594354645342 ], [ 106.465988813085971, 10.935635413799854 ], [ 106.465907871838041, 10.935678369484922 ], [ 106.465825870285926, 10.935719429090554 ], [ 106.46574485103416, 10.935760396871807 ], [ 106.465663832312245, 10.935802358202501 ], [ 106.465582817999945, 10.935845405288614 ], [ 106.465501873334446, 10.93588736730957 ], [ 106.465420852377747, 10.935928426324793 ], [ 106.465339835385976, 10.935970385762488 ], [ 106.465334594348008, 10.935973105716482 ], [ 106.465258815849097, 10.936012438304957 ], [ 106.465177877683089, 10.936056388276061 ], [ 106.465096859157583, 10.936097355893832 ], [ 106.465015840461632, 10.936139407469661 ], [ 106.464934820614744, 10.936181370429265 ], [ 106.464855841051829, 10.936223416289975 ], [ 106.464773846123833, 10.936267369536933 ], [ 106.464692825865171, 10.93630842656067 ], [ 106.464611879468947, 10.936349392984564 ], [ 106.464531842954685, 10.936391351735717 ], [ 106.464449844847124, 10.936434399935909 ], [ 106.464368824282388, 10.936475368280746 ], [ 106.464287882767707, 10.936518413065681 ], [ 106.464206863070714, 10.93655938136804 ], [ 106.464125847407786, 10.936602427189998 ], [ 106.464044825831834, 10.936643394552215 ], [ 106.463963880162495, 10.936684360812743 ], [ 106.463882862963146, 10.936726412102365 ], [ 106.463801840402269, 10.936767379406183 ], [ 106.463719846287532, 10.936811422792127 ], [ 106.463637840036768, 10.93685040249802 ], [ 106.463556893335408, 10.936891368659371 ], [ 106.463474891098627, 10.936932428576258 ], [ 106.463393871711034, 10.936974389342037 ], [ 106.463311865368624, 10.937013368965516 ], [ 106.463229859765093, 10.937053432544674 ], [ 106.463147859050338, 10.937094402872447 ], [ 106.463066833900513, 10.937134374619017 ], [ 106.462983849341001, 10.937174439516514 ], [ 106.462901844350213, 10.937214415316474 ], [ 106.462819839332042, 10.937254389287565 ], [ 106.462738892070618, 10.937294452081236 ], [ 106.462655831817841, 10.937335422043899 ], [ 106.46257390266679, 10.937375397583832 ], [ 106.462492881776768, 10.9374164540592 ], [ 106.462410876640803, 10.937456427022878 ], [ 106.46232985549058, 10.937497393955283 ], [ 106.462247852902522, 10.937538453562317 ], [ 106.462166834989873, 10.937580413113913 ], [ 106.462085891160328, 10.937622374280737 ], [ 106.462005859428302, 10.937667408039625 ], [ 106.461926884313172, 10.937712436604492 ], [ 106.461848896469149, 10.937759453609388 ], [ 106.461769849905508, 10.93780638265538 ], [ 106.461691856353411, 10.937851411588852 ], [ 106.461610837360382, 10.937893372812649 ], [ 106.461529898317934, 10.937937412284283 ], [ 106.461447892904076, 10.937977387717382 ], [ 106.461365882172572, 10.938014375194479 ], [ 106.461282889635712, 10.938052452531416 ], [ 106.461197859869543, 10.93808945061093 ], [ 106.461113883445989, 10.938125451740333 ], [ 106.461030890082412, 10.938162442323414 ], [ 106.460946910328957, 10.938197448037068 ], [ 106.460862862107902, 10.938234443743788 ], [ 106.460778883764291, 10.938270442981986 ], [ 106.460696874320718, 10.938308427473702 ], [ 106.460612900134478, 10.938345422038854 ], [ 106.460529901905829, 10.938380424456311 ], [ 106.460445854111953, 10.938418413624941 ], [ 106.46037567299507, 10.938447668863136 ], [ 106.460361875124249, 10.938453419183851 ], [ 106.460277899936074, 10.938490413663835 ], [ 106.46019384588611, 10.938525418449267 ], [ 106.460110853203474, 10.938562410601556 ], [ 106.460026873753407, 10.938598410549918 ], [ 106.459941918673309, 10.938635407219627 ], [ 106.459857862171972, 10.938669417446782 ], [ 106.459774870858382, 10.93870740579335 ], [ 106.459690894064522, 10.938743404743663 ], [ 106.459606917791447, 10.938780400859063 ], [ 106.459522864484086, 10.93881540456305 ], [ 106.459439873997439, 10.938853392821335 ], [ 106.459355896735261, 10.938890385257228 ], [ 106.459272900771168, 10.938926473131756 ], [ 106.459188854477503, 10.938964462872653 ], [ 106.459105855889376, 10.938999464923031 ], [ 106.459022865820089, 10.939038444836809 ], [ 106.458939876111387, 10.939076431156307 ], [ 106.458856886001072, 10.939115412835621 ], [ 106.458773892052903, 10.939152403741954 ], [ 106.458691886113513, 10.939192468882514 ], [ 106.458608895930851, 10.939231448690075 ], [ 106.458526889726386, 10.939271421574322 ], [ 106.458445866965604, 10.939311392156991 ], [ 106.458364922839664, 10.939354436372765 ], [ 106.458284891865191, 10.939399469211779 ], [ 106.458206898026972, 10.939444405997204 ], [ 106.45812890635375, 10.93949142121447 ], [ 106.458049859829018, 10.939538438858209 ], [ 106.457972857214287, 10.939587443410604 ], [ 106.457894867828628, 10.939635454851306 ], [ 106.457816877884966, 10.939682470894308 ], [ 106.45773888769925, 10.939729395608309 ], [ 106.457660894432905, 10.939775418049534 ], [ 106.457580864669154, 10.939821442477403 ], [ 106.457501886821646, 10.939865476400461 ], [ 106.457420864811596, 10.939907437486882 ], [ 106.457338931820118, 10.939946414521087 ], [ 106.457255873892464, 10.939987474403106 ], [ 106.457172880931452, 10.940025462085201 ], [ 106.45709086866664, 10.940063444763497 ], [ 106.457006893877107, 10.94009944391453 ], [ 106.456923904119378, 10.940138425097485 ], [ 106.456840907789555, 10.940175414609048 ], [ 106.456757919117933, 10.940214487057784 ], [ 106.456674926931981, 10.940252471897599 ], [ 106.456592920167481, 10.940292446101781 ], [ 106.456511898808316, 10.940334403342749 ], [ 106.456429894039033, 10.940374467003878 ], [ 106.456347887198575, 10.940414438433891 ], [ 106.456265880866496, 10.940455407030763 ], [ 106.456184937391996, 10.940497455320902 ], [ 106.456103911737202, 10.940538420705334 ], [ 106.456022894116202, 10.940580470934563 ], [ 106.455940885333916, 10.94062044407406 ], [ 106.455859939939373, 10.940662494095609 ], [ 106.45577793672534, 10.940704453422102 ], [ 106.455696915527611, 10.940745418694439 ], [ 106.455614906343087, 10.940784487682471 ], [ 106.455532902537442, 10.940825453375602 ], [ 106.455450896884912, 10.940866421764442 ], [ 106.455369870709433, 10.940906481992531 ], [ 106.4552868757863, 10.940943472909163 ], [ 106.455203885541891, 10.940982451843109 ], [ 106.455119914548305, 10.941021433923959 ], [ 106.455036920473631, 10.941058424774187 ], [ 106.454953919846545, 10.941093426664466 ], [ 106.454869945000041, 10.941130419735304 ], [ 106.45478491020225, 10.94116641984918 ], [ 106.454702899855562, 10.941205488607988 ], [ 106.454618926379538, 10.941243476991072 ], [ 106.454536912901347, 10.941280464545969 ], [ 106.454453922459237, 10.941319445095314 ], [ 106.454372900711022, 10.941361494016727 ], [ 106.454291876374981, 10.941402457135878 ], [ 106.454212898500941, 10.941446491162163 ], [ 106.454133920909484, 10.941491430142671 ], [ 106.454055928930217, 10.941538445288892 ], [ 106.453977942532958, 10.941587448453578 ], [ 106.453899953247017, 10.941634463556436 ], [ 106.453822945702967, 10.941683466236372 ], [ 106.453744881864168, 10.941731475951137 ], [ 106.453667948770146, 10.9417794839461 ], [ 106.453588905063114, 10.941827495881332 ], [ 106.453509927265856, 10.941872432903343 ], [ 106.453506406957402, 10.941874413693354 ], [ 106.45342989390673, 10.941917462744474 ], [ 106.453351901182273, 10.941963483247475 ], [ 106.45327194473947, 10.942010502730993 ], [ 106.453193951236443, 10.942055438313938 ], [ 106.453116944375608, 10.942104440826347 ], [ 106.453041903126021, 10.942154432368833 ], [ 106.452967924849744, 10.942207496190031 ], [ 106.45289796109013, 10.942266426306878 ], [ 106.452832907517603, 10.94232851206662 ], [ 106.452769904134641, 10.94239447878955 ], [ 106.452707956075145, 10.942461437549783 ], [ 106.45269563757374, 10.942473948391692 ], [ 106.452643892013469, 10.942526504428111 ], [ 106.452575895913654, 10.942588505597756 ], [ 106.452504942398448, 10.942644456286557 ], [ 106.452431953491754, 10.942700500240884 ], [ 106.452359939479805, 10.942754462575452 ], [ 106.45228694726336, 10.942809512932365 ], [ 106.452213957150491, 10.942865468242726 ], [ 106.452140955809767, 10.942917443845595 ], [ 106.452065921422033, 10.942970508990692 ], [ 106.451993909110229, 10.94302447305007 ], [ 106.451918948561755, 10.943077448489166 ], [ 106.451844900424675, 10.943132500271847 ], [ 106.451770919132315, 10.943184478949425 ], [ 106.451696943406517, 10.943238445648266 ], [ 106.451622962785933, 10.94329151007963 ], [ 106.45154996774265, 10.943345474492407 ], [ 106.451476901120316, 10.943400523937978 ], [ 106.451416538562171, 10.943445149185631 ], [ 106.451403906022946, 10.943454488318725 ], [ 106.45133197225222, 10.943510441008804 ], [ 106.451259961306747, 10.943565488886113 ], [ 106.451198319050505, 10.943615677969877 ], [ 106.451189913742354, 10.943622521194218 ], [ 106.451119946955146, 10.943680457372578 ], [ 106.451050963939764, 10.943740471543707 ], [ 106.450982966715188, 10.943801477011039 ], [ 106.450912926458912, 10.943860497295269 ], [ 106.450844925017577, 10.94392051097911 ], [ 106.45077594046387, 10.943979528811665 ], [ 106.450705973510821, 10.944037464903968 ], [ 106.450634950069073, 10.944095493812847 ], [ 106.45056391896928, 10.944151443362125 ], [ 106.450489942990089, 10.944205500200054 ], [ 106.45041694609651, 10.944258472603172 ], [ 106.450343953134947, 10.944313519823009 ], [ 106.450269975951201, 10.944367488015684 ], [ 106.45019698130848, 10.944421453034614 ], [ 106.450123910004137, 10.944475509524382 ], [ 106.4500489482365, 10.944527488257906 ], [ 106.449975950766344, 10.944581452330551 ], [ 106.449901973152365, 10.944634515467371 ], [ 106.449827918954583, 10.944688482833762 ], [ 106.449806317297671, 10.944703462166185 ], [ 106.449752957996537, 10.944740462402365 ], [ 106.44967897613833, 10.944792531021385 ], [ 106.449604921859319, 10.944846498338045 ], [ 106.449530943898722, 10.944899470985623 ], [ 106.449456965204263, 10.944952532217238 ], [ 106.449381927269428, 10.945004514590185 ], [ 106.449307945061861, 10.945056490911735 ], [ 106.44923298675144, 10.94511045931166 ], [ 106.44915892877232, 10.94516252798857 ], [ 106.449084948821024, 10.945215500540909 ], [ 106.449009985767589, 10.945267480849711 ], [ 106.448935930237283, 10.945319457255808 ], [ 106.448862935828245, 10.94537450867308 ], [ 106.448787975021077, 10.945427481596001 ], [ 106.448714975179044, 10.945479457344499 ], [ 106.448639939516639, 10.945532523524443 ], [ 106.448565960288164, 10.945585494150855 ], [ 106.448492963697419, 10.945640453276384 ], [ 106.448418987875598, 10.945694510555207 ], [ 106.446685939999028, 10.947025502726763 ], [ 106.446614003751847, 10.947081545712662 ], [ 106.446541988506922, 10.947135506787696 ], [ 106.446469978093745, 10.94719154719944 ], [ 106.446397967939603, 10.947248493474174 ], [ 106.446325957964547, 10.947305528331874 ], [ 106.446255002537697, 10.947360482309401 ], [ 106.44618298786223, 10.947415528190554 ], [ 106.446110978512479, 10.947472474401357 ], [ 106.446039946858619, 10.947528513392108 ], [ 106.445967940899223, 10.947586543545487 ], [ 106.445896984422632, 10.947641497449 ], [ 106.445824970528108, 10.947696544154905 ], [ 106.445752960123158, 10.947753489386594 ], [ 106.445680947084782, 10.947808534251175 ], [ 106.445609994231717, 10.947865478849833 ], [ 106.445537980719223, 10.947921519970942 ], [ 106.445466953912515, 10.947978553306614 ], [ 106.445394941053195, 10.948034505796279 ], [ 106.445323006135993, 10.948090545787718 ], [ 106.445251973052464, 10.948146492398267 ], [ 106.445180946138052, 10.948203526577274 ], [ 106.445109012547206, 10.94826056280589 ], [ 106.445037978892643, 10.948315514893737 ], [ 106.444965970224089, 10.948372550358318 ], [ 106.444895012943988, 10.948428498528221 ], [ 106.44482300513701, 10.948485534863996 ], [ 106.444751976225646, 10.948542568051998 ], [ 106.444680947076023, 10.948599510818251 ], [ 106.444609010056652, 10.948655551564167 ], [ 106.444537000096048, 10.948712496531776 ], [ 106.444466951830606, 10.948769527427533 ], [ 106.444430948089945, 10.948798542337894 ], [ 106.443707958098329, 10.949358504747748 ], [ 106.443716887230138, 10.949369421004198 ], [ 106.44028547915687, 10.952096264326274 ], [ 106.440192000192525, 10.952170544582684 ], [ 106.440119984115711, 10.952225589153255 ], [ 106.440050013102834, 10.9522835230174 ], [ 106.439978000191658, 10.952339562933165 ], [ 106.43990598521593, 10.95239551333489 ], [ 106.439835030343133, 10.952452545306498 ], [ 106.439763994899693, 10.952507587582829 ], [ 106.439691003674341, 10.95256552819902 ], [ 106.439621030403615, 10.952622557906208 ], [ 106.439549012984713, 10.952677511948796 ], [ 106.439477002184788, 10.952734547134423 ], [ 106.439406042544618, 10.952789590066979 ], [ 106.439334031951432, 10.952847529293154 ], [ 106.43513003576119, 10.956012604991175 ], [ 106.435057035889159, 10.956067562072066 ], [ 106.434984037110496, 10.956122608637568 ], [ 106.434912018879075, 10.956177562577968 ], [ 106.434839022332426, 10.956233603586321 ], [ 106.434766024176412, 10.956288558791028 ], [ 106.434694077436319, 10.956341613971114 ], [ 106.434621078769467, 10.956397564528903 ], [ 106.434549062440055, 10.956452608793379 ], [ 106.434476064630758, 10.956508558413224 ], [ 106.434404047334013, 10.956563603552411 ], [ 106.43433104398234, 10.956617563288869 ], [ 106.434258044932307, 10.956672610598927 ], [ 106.434186030998774, 10.956729553331652 ], [ 106.43411408861391, 10.956784597335663 ], [ 106.434042072546447, 10.956840635065195 ], [ 106.433970053964089, 10.956895589705622 ], [ 106.433898037841871, 10.956951627403981 ], [ 106.4338250397862, 10.957007577785012 ], [ 106.433754080336385, 10.957063614891165 ], [ 106.433682063928316, 10.957119563944133 ], [ 106.433610043128553, 10.957173611726345 ], [ 106.433539086587501, 10.957230552852741 ], [ 106.433467070300779, 10.95728659045786 ], [ 106.433395055357877, 10.957343624332538 ], [ 106.433323038358566, 10.957398577924735 ], [ 106.433252076884486, 10.957454613119921 ], [ 106.433180062561988, 10.957511554731123 ], [ 106.433109102869381, 10.957567592603986 ], [ 106.433037090981841, 10.957625619970162 ], [ 106.432966052353493, 10.957679576813593 ], [ 106.432894038127714, 10.9577366087698 ], [ 106.432822096413531, 10.957792557468785 ], [ 106.432751062920644, 10.957849587198233 ], [ 106.432679049530492, 10.95790662091407 ], [ 106.432607104537169, 10.957961574189545 ], [ 106.432536071429141, 10.958017610296054 ], [ 106.432464056122086, 10.958074642161378 ], [ 106.432393094117742, 10.958130588574967 ], [ 106.432321082863709, 10.95818861488039 ], [ 106.432249062260439, 10.958242572863041 ], [ 106.432178100377513, 10.958298607829496 ], [ 106.432106085402935, 10.958354646944324 ], [ 106.432034068359826, 10.958410593832696 ], [ 106.431962052863042, 10.958467627397638 ], [ 106.431890110344639, 10.958522581415975 ], [ 106.431818093424056, 10.958578617760372 ], [ 106.431746073083445, 10.958633571921405 ], [ 106.431674055199409, 10.95868961094887 ], [ 106.431602115051732, 10.958745647978795 ], [ 106.431529113389345, 10.958799608901561 ], [ 106.43145709223225, 10.958854653408853 ], [ 106.431384091426693, 10.958908612489536 ], [ 106.431311086023769, 10.958962573372496 ], [ 106.431237105028032, 10.959017621306357 ], [ 106.431164100038472, 10.959070586771473 ], [ 106.431090113523339, 10.959123645723979 ], [ 106.431016054025704, 10.959177608895947 ], [ 106.430943054630461, 10.959232655475871 ], [ 106.430869066912493, 10.959285623974159 ], [ 106.430795080995424, 10.959338591547755 ], [ 106.430723061395511, 10.959393634987546 ], [ 106.43065006168257, 10.959448590192062 ], [ 106.430577058043852, 10.959502640411996 ], [ 106.430505116367286, 10.959558587703558 ], [ 106.430433098014504, 10.959614624653858 ], [ 106.4303610803467, 10.959670572987786 ], [ 106.430290121861759, 10.95972760292682 ], [ 106.430219089240708, 10.959784633016092 ], [ 106.430148054553641, 10.959841571783365 ], [ 106.430078079053516, 10.959899593965082 ], [ 106.430007122733869, 10.959957620127511 ], [ 106.42993707032079, 10.960015640642945 ], [ 106.429868079639036, 10.960074656873219 ], [ 106.42979810063639, 10.96013159411603 ], [ 106.42972813045624, 10.960191606077528 ], [ 106.429658079764536, 10.96024962743452 ], [ 106.429589086223302, 10.960308641805307 ], [ 106.429519111417051, 10.960366663868017 ], [ 106.429449060438301, 10.960424595678443 ], [ 106.429380067731316, 10.960483610908177 ], [ 106.429309110214419, 10.960541635116353 ], [ 106.429239061627896, 10.960600651765214 ], [ 106.429170064092062, 10.960657586689576 ], [ 106.429098125256601, 10.960714619462001 ], [ 106.429028073401511, 10.960772640689036 ], [ 106.428957114188364, 10.960829580841951 ], [ 106.428885098411683, 10.960886611931398 ], [ 106.428814133897404, 10.960941652607428 ], [ 106.428742115594105, 10.960997599687488 ], [ 106.428670099736536, 10.961054631634488 ], [ 106.428598083416048, 10.961110669990221 ], [ 106.428526137789419, 10.96116562328492 ], [ 106.428455100380731, 10.961221657622914 ], [ 106.428382097958462, 10.961276612333821 ], [ 106.428310080609393, 10.961332648821061 ], [ 106.428239120204765, 10.961389587918944 ], [ 106.428166121090655, 10.961445629271097 ], [ 106.428095081278158, 10.961500668152398 ], [ 106.42802313637651, 10.961555621336144 ], [ 106.42795013625863, 10.961611659930654 ], [ 106.427878120807634, 10.961668602201378 ], [ 106.427807083155543, 10.961724637305071 ], [ 106.42773407913316, 10.961778595587521 ], [ 106.427662133386505, 10.961833639101975 ], [ 106.427590113297853, 10.961888592358671 ], [ 106.427518096080803, 10.961945623154246 ], [ 106.427446077491652, 10.962001661264482 ], [ 106.427374132339239, 10.962056611595433 ], [ 106.427302112345458, 10.96211165429251 ], [ 106.427230093466548, 10.962167601044969 ], [ 106.42715709530701, 10.962224633941119 ], [ 106.427085147791857, 10.962278593349827 ], [ 106.427013126772295, 10.96233363508219 ], [ 106.426941107074398, 10.962389672180938 ], [ 106.426868104990064, 10.962444625652793 ], [ 106.426796088413226, 10.962501657194045 ], [ 106.426724143022383, 10.962556610096364 ], [ 106.426651139717606, 10.962610660353439 ], [ 106.426579119674926, 10.962666606062758 ], [ 106.426507101644248, 10.962722643967428 ], [ 106.426435082664952, 10.962778679146346 ], [ 106.426362154500239, 10.962833633246502 ], [ 106.426290133210586, 10.962888675726095 ], [ 106.426218112603394, 10.962943627781105 ], [ 106.426146090346776, 10.962998671135523 ], [ 106.426073092479172, 10.963055613384574 ], [ 106.426001144761457, 10.963109661156965 ], [ 106.425929123130842, 10.963164613151289 ], [ 106.425855139148297, 10.963219659887995 ], [ 106.425783119721174, 10.963275606326732 ], [ 106.425711100469755, 10.963331642252728 ], [ 106.425638095664524, 10.963385601881834 ], [ 106.425566152301911, 10.96344163941621 ], [ 106.425494128454275, 10.963495686342821 ], [ 106.425422109807428, 10.963551633605304 ], [ 106.425349111866723, 10.963608666102163 ], [ 106.425276104669393, 10.96366163117535 ], [ 106.425205140143262, 10.963717663750622 ], [ 106.425132135150534, 10.963771624172342 ], [ 106.425059135760023, 10.963827663031241 ], [ 106.424987115116707, 10.963883609299376 ], [ 106.424914112502577, 10.963938654556245 ], [ 106.424842163232043, 10.963992610768191 ], [ 106.424770143626674, 10.964048647394153 ], [ 106.424697138672087, 10.964102696318834 ], [ 106.42462414025232, 10.964159640057511 ], [ 106.424552115139306, 10.964213686781518 ], [ 106.424479113071172, 10.964268641533634 ], [ 106.424407165182842, 10.964323682536467 ], [ 106.424334165311322, 10.96437963082894 ], [ 106.424262140094754, 10.964433679298072 ], [ 106.424190121891158, 10.964489623579079 ], [ 106.424117118063265, 10.964544669566548 ], [ 106.424044112657526, 10.964598627036318 ], [ 106.423972168690526, 10.964654663321211 ], [ 106.423899164571708, 10.964709617045594 ], [ 106.423827142358249, 10.964764658990525 ], [ 106.423754139304393, 10.964819703087908 ], [ 106.423681138269671, 10.964875651238692 ], [ 106.423609114638396, 10.964929698657803 ], [ 106.423536113546504, 10.964985645872613 ], [ 106.423464163056465, 10.965039693098477 ], [ 106.423391162826491, 10.965095641183424 ], [ 106.423318158693249, 10.965150685186796 ], [ 106.423246133807822, 10.965204642122078 ], [ 106.423174113601632, 10.965260679305784 ], [ 106.423101110092787, 10.965315631044236 ], [ 106.423028180455972, 10.96536968033746 ], [ 106.422956159046095, 10.965425626164832 ], [ 106.422883155663754, 10.965480670070381 ], [ 106.422810149801123, 10.965534629076281 ], [ 106.422738129428396, 10.965590665261258 ], [ 106.422665122596626, 10.965644624237212 ], [ 106.422592119104962, 10.965699668078624 ], [ 106.422520168556119, 10.965752629305765 ], [ 106.422447166340532, 10.965808666689808 ], [ 106.422374164103161, 10.96586470676999 ], [ 106.422301157135891, 10.965918665665674 ], [ 106.422228154420338, 10.965973708520778 ], [ 106.422157185887244, 10.966027661984336 ], [ 106.422083126361471, 10.966082708042205 ], [ 106.422010123777909, 10.966138655827105 ], [ 106.421938176798335, 10.966193697194235 ], [ 106.421864112907869, 10.966247657419389 ], [ 106.421792163630883, 10.96630170518214 ], [ 106.421720138180945, 10.966355661785599 ], [ 106.421646154843032, 10.966411701155058 ], [ 106.421573152093984, 10.966467648843699 ], [ 106.421501127683854, 10.966521696708584 ], [ 106.421428121304501, 10.966575654505608 ], [ 106.421355190129646, 10.966629703432297 ], [ 106.421282188183554, 10.966685650150746 ], [ 106.421210164075418, 10.966740690625034 ], [ 106.421137159421733, 10.966794650161988 ], [ 106.421064152198113, 10.966848699191786 ], [ 106.420991145658604, 10.966902657796464 ], [ 106.420918143778763, 10.966958694841711 ], [ 106.420845136267872, 10.967012652512127 ], [ 106.420772129850832, 10.967066701475465 ], [ 106.420700181291792, 10.967121652168792 ], [ 106.420627176147306, 10.967176695579099 ], [ 106.42055417484687, 10.96723264484735 ], [ 106.420481169643196, 10.967287686417343 ], [ 106.42040816064376, 10.967340649512369 ], [ 106.42033515630672, 10.967395693760349 ], [ 106.420262148581259, 10.967449652206179 ], [ 106.420189147344601, 10.967505690896912 ], [ 106.420116140475628, 10.967559647500382 ], [ 106.420044189636329, 10.967613693981226 ], [ 106.419970128193015, 10.96766864916127 ], [ 106.419898178214893, 10.967722695608375 ], [ 106.419825176634944, 10.967778642907826 ], [ 106.419751187182314, 10.967832692901849 ], [ 106.419679160981246, 10.967886649965296 ], [ 106.419606153211603, 10.967940696865211 ], [ 106.419532168458872, 10.967995651778319 ], [ 106.419460147769229, 10.968051687249231 ], [ 106.419387138803657, 10.968105645503959 ], [ 106.41931413184642, 10.968159695049623 ], [ 106.419242181421026, 10.968213650043014 ], [ 106.419169176646932, 10.968268694033819 ], [ 106.41909617316297, 10.968324730679575 ], [ 106.419023163653591, 10.968377693468703 ], [ 106.418950157679134, 10.968432647006194 ], [ 106.418878207320716, 10.968486691423394 ], [ 106.418804146352272, 10.968541646340382 ], [ 106.41873114273244, 10.968597683809731 ], [ 106.418659190976783, 10.968650735508229 ], [ 106.418585205356692, 10.968706684692798 ], [ 106.418512199016249, 10.96876073405944 ], [ 106.418440173671783, 10.968815682620253 ], [ 106.418368151656708, 10.968871717855846 ], [ 106.418294160135915, 10.968924682637475 ], [ 106.418222211777305, 10.968979725005598 ], [ 106.418150186326585, 10.969034674407409 ], [ 106.41807718428862, 10.969090711728615 ], [ 106.418005163251706, 10.969147650957636 ], [ 106.417933213460046, 10.969201696071483 ], [ 106.417861189935451, 10.969256736717563 ], [ 106.417788186668986, 10.969312683570084 ], [ 106.417716161261993, 10.969367725092713 ], [ 106.417643157938159, 10.969423671009212 ], [ 106.417570149410864, 10.969477718363862 ], [ 106.417496157596133, 10.96953068477494 ], [ 106.417423151759749, 10.969584732091086 ], [ 106.417349159889213, 10.969637697565107 ], [ 106.417275169307658, 10.969691657501974 ], [ 106.417201174950591, 10.96974272258279 ], [ 106.417125218194286, 10.969794698731006 ], [ 106.417049183754258, 10.969844686066985 ], [ 106.416972161243976, 10.969892682967298 ], [ 106.416894158795515, 10.969940683802575 ], [ 106.416815172347157, 10.96998769319452 ], [ 106.416736182325764, 10.970032711802093 ], [ 106.416657192680589, 10.970078725776066 ], [ 106.416577222692183, 10.970123746489239 ], [ 106.41653685989003, 10.97014690498264 ], [ 106.416497177848186, 10.970169671421351 ], [ 106.416419170791741, 10.970215684091801 ], [ 106.416341162793401, 10.970261695841476 ], [ 106.416263161053195, 10.97030969561961 ], [ 106.416187196383149, 10.97035868811929 ], [ 106.416111163855973, 10.970409667906496 ], [ 106.416037171738722, 10.970462723491808 ], [ 106.415965221055373, 10.970516677768821 ], [ 106.415895163353881, 10.970574698038263 ], [ 106.41582722545607, 10.970634701720922 ], [ 106.41575921381515, 10.970695700033428 ], [ 106.415692183376535, 10.970757690670581 ], [ 106.415626212435001, 10.970819680787489 ], [ 106.415559186200085, 10.970882757182995 ], [ 106.415536386063238, 10.970903527491277 ], [ 106.415492230308672, 10.970943753134655 ], [ 106.415424216302796, 10.971003756901581 ], [ 106.415353182705744, 10.971063677746322 ], [ 106.415283198074533, 10.97111970785804 ], [ 106.415211174888086, 10.97117574240646 ], [ 106.415140207334758, 10.971231684226774 ], [ 106.415068189455965, 10.97128970769773 ], [ 106.41499722204999, 10.971345739894547 ], [ 106.414924214574199, 10.971400690734862 ], [ 106.414853173917052, 10.97145672306063 ], [ 106.414781222254518, 10.971511673373092 ], [ 106.41470821672678, 10.971566713664775 ], [ 106.414635210653131, 10.971622750232333 ], [ 106.414563185712069, 10.971677700657105 ], [ 106.414491233748791, 10.971731745927679 ], [ 106.414418227000752, 10.971786698462502 ], [ 106.414345224868185, 10.971843729440009 ], [ 106.414274176601708, 10.971897681380693 ], [ 106.414201174020363, 10.971953716940471 ], [ 106.414128239251497, 10.972007763370714 ], [ 106.414056214118588, 10.972062712781096 ], [ 106.41398419177321, 10.972119742446848 ], [ 106.413912244745703, 10.972175685234257 ], [ 106.413840217904891, 10.972230725912814 ], [ 106.413768191949956, 10.972285765669621 ], [ 106.413696243925514, 10.972341708412131 ], [ 106.413624221052359, 10.972397743517696 ], [ 106.413552197031024, 10.972453686394388 ], [ 106.41348024638296, 10.97250972040715 ], [ 106.413408219905278, 10.972563766507706 ], [ 106.413335214960753, 10.972619711473468 ], [ 106.413264249119734, 10.972676737777334 ], [ 106.413192226467586, 10.972733766367007 ], [ 106.413120202283267, 10.972789710053878 ], [ 106.413048177887632, 10.972844750554174 ], [ 106.412978191658027, 10.97290168244847 ], [ 106.412908212787585, 10.972960696397609 ], [ 106.412837249914915, 10.973018717990431 ], [ 106.412765228010926, 10.973075746485472 ], [ 106.412694182287964, 10.973130693467411 ], [ 106.412621245644758, 10.973183744181224 ], [ 106.412546199252319, 10.973237705351806 ], [ 106.41247121958429, 10.973288773318627 ], [ 106.412393211763572, 10.973334692815643 ], [ 106.412316190898608, 10.973383776220023 ], [ 106.412238183416349, 10.973430691970224 ], [ 106.41216025667859, 10.973479775499204 ], [ 106.412081195686923, 10.97352777748864 ], [ 106.412005227788129, 10.97357477825269 ], [ 106.411930251780177, 10.973626750162747 ], [ 106.411858231764668, 10.973684773842113 ], [ 106.411785221817098, 10.973738729508698 ], [ 106.411703197121355, 10.97377769618662 ], [ 106.411615258945631, 10.973804740988109 ], [ 106.411524207129219, 10.97382274996407 ], [ 106.411435260415587, 10.973837773604352 ], [ 106.41134418846535, 10.973846740911105 ], [ 106.411253188940208, 10.973853718163205 ], [ 106.411161201022878, 10.97385771770068 ], [ 106.41106920905051, 10.973860718215706 ], [ 106.410978190911806, 10.973859740464722 ], [ 106.410886259790203, 10.973856776605194 ], [ 106.410795235730035, 10.973852723146713 ], [ 106.410794138494552, 10.973852640544235 ], [ 106.410704203416586, 10.973845778444625 ], [ 106.41061225845641, 10.97383576093306 ], [ 106.410521219317062, 10.973825740524795 ], [ 106.410431238804236, 10.973815719601534 ], [ 106.410340189925066, 10.973801721226101 ], [ 106.410250193044234, 10.973784736188129 ], [ 106.410160198766008, 10.973769743700441 ], [ 106.410070205402263, 10.973754747567336 ], [ 106.409979233409814, 10.97374074891529 ], [ 106.409889241354861, 10.973726748112385 ], [ 106.409798198762346, 10.973714738525207 ], [ 106.40970724003229, 10.973706708470848 ], [ 106.409616207769844, 10.973699763439399 ], [ 106.40952419446208, 10.973692729193266 ], [ 106.409433239435742, 10.973686777518846 ], [ 106.409427620037349, 10.973686527503689 ], [ 106.409342214510801, 10.973682725432003 ], [ 106.409338480979287, 10.973682524673016 ], [ 106.409250205819973, 10.973677770467162 ], [ 106.409159249312893, 10.973670735630503 ], [ 106.409068219639025, 10.973665777587374 ], [ 106.408977262756778, 10.973657745500867 ], [ 106.408886223700392, 10.973647725501451 ], [ 106.408795257101289, 10.973635717254492 ], [ 106.408704217339903, 10.973625787609077 ], [ 106.408613249832698, 10.973613777500747 ], [ 106.408523264093574, 10.973601766146169 ], [ 106.408432222859645, 10.973590751530159 ], [ 106.408341256658233, 10.973579736724355 ], [ 106.408251197196847, 10.973568720835368 ], [ 106.408160229915623, 10.973556800092735 ], [ 106.408069261529093, 10.973544790725438 ], [ 106.407978224724559, 10.973535765833885 ], [ 106.40788725634664, 10.97352375550734 ], [ 106.407797194705282, 10.973511742290794 ], [ 106.407706229455471, 10.973500727290519 ], [ 106.407615262013508, 10.973488718687602 ], [ 106.407525202789969, 10.97347779117977 ], [ 106.407434232243517, 10.973464787140674 ], [ 106.407343267934166, 10.973453773836525 ], [ 106.407253206696794, 10.9734427558438 ], [ 106.407162240191951, 10.973430744389249 ], [ 106.407071269667469, 10.973417739335874 ], [ 106.406981210280321, 10.97340672306567 ], [ 106.406890245278404, 10.973395798225214 ], [ 106.406800259643234, 10.973383785449476 ], [ 106.406709212287424, 10.973370781355969 ], [ 106.406618248015093, 10.973359765119778 ], [ 106.406527204695024, 10.973347754542319 ], [ 106.406436236412034, 10.973335745583643 ], [ 106.406346250807616, 10.973323733575677 ], [ 106.406255207506845, 10.973311723819686 ], [ 106.406164242548016, 10.97330079875911 ], [ 106.406074255128573, 10.97328878576938 ], [ 106.405983212759708, 10.973276775928813 ], [ 106.405893226268716, 10.973264763786839 ], [ 106.405802259851669, 10.973252752823729 ], [ 106.405711215670195, 10.973240742904498 ], [ 106.405620248351752, 10.973228732792194 ], [ 106.405529205294116, 10.973216812318903 ], [ 106.40543921883382, 10.973204800944709 ], [ 106.405348249336967, 10.973191794462098 ], [ 106.405257207378014, 10.973180779788692 ], [ 106.405166240999364, 10.973168767728495 ], [ 106.405076254560072, 10.973156755341275 ], [ 106.404985211337703, 10.973144744295542 ], [ 106.404895224911897, 10.973132732758041 ], [ 106.40480425784439, 10.973120812805362 ], [ 106.40471427142802, 10.973108800309477 ], [ 106.404623228226754, 10.973096788249741 ], [ 106.404532261894403, 10.973084778709385 ], [ 106.404441218706665, 10.973072767498447 ], [ 106.404351231398323, 10.973060754895545 ], [ 106.404260264164364, 10.973048743466482 ], [ 106.40416922027984, 10.97303682348624 ], [ 106.404078253974347, 10.973024812904077 ], [ 106.403988270706009, 10.973013794668185 ], [ 106.403897227552562, 10.973001783292068 ], [ 106.403807241195352, 10.972989771427974 ], [ 106.403716273080732, 10.972977759835851 ], [ 106.403626214806579, 10.972966741652398 ], [ 106.403535244718299, 10.972953826836713 ], [ 106.403422233812023, 10.972938788589166 ], [ 106.403331272276489, 10.972929760320344 ], [ 106.403240235565576, 10.972919829916369 ], [ 106.403149270940958, 10.972909808018491 ], [ 106.403058232206632, 10.972899785347908 ], [ 106.40296727252165, 10.972890758773252 ], [ 106.402876233081642, 10.972880827360878 ], [ 106.402785270302871, 10.97287080444486 ], [ 106.402694232505368, 10.972860783470257 ], [ 106.402604254031573, 10.972852748264048 ], [ 106.402513214256842, 10.972841822257651 ], [ 106.402422250578994, 10.9728317983297 ], [ 106.402331212797392, 10.972821776341084 ], [ 106.402239272849329, 10.972813835634394 ], [ 106.402148231067358, 10.972802820018133 ], [ 106.402057269241325, 10.972792797783979 ], [ 106.401966231475683, 10.972782774780786 ], [ 106.401875272388892, 10.972774832767543 ], [ 106.40178423245402, 10.972763816132993 ], [ 106.401694251489758, 10.972753791690144 ], [ 106.401603209734972, 10.972742775004631 ], [ 106.401512252491784, 10.972734831973707 ], [ 106.401421210744431, 10.97272381432899 ], [ 106.401330248041504, 10.972713792780906 ], [ 106.401240268362784, 10.972704762684582 ], [ 106.401149231182984, 10.972695824325738 ], [ 106.401058267226873, 10.972684806404793 ], [ 106.400967229512602, 10.972674784003173 ], [ 106.400876268091793, 10.97266575589618 ], [ 106.400785232760498, 10.972656818327351 ], [ 106.400694266997533, 10.97264580210828 ], [ 106.400603228384242, 10.972635778694338 ], [ 106.400512265717722, 10.972625755090641 ], [ 106.400421224225212, 10.972614829358381 ], [ 106.400330265574752, 10.972605801080432 ], [ 106.400239226066716, 10.972595778462292 ], [ 106.400148265792168, 10.972586840540567 ], [ 106.400057225034061, 10.972575823384666 ], [ 106.399967245411958, 10.972566792003519 ], [ 106.399876284039209, 10.972557764498251 ], [ 106.399785247497732, 10.972547833048242 ], [ 106.399694281780015, 10.972536812910111 ], [ 106.399603245392811, 10.972527785482335 ], [ 106.399512285147196, 10.972518847368349 ], [ 106.399421244420495, 10.972507829115697 ], [ 106.399330280560065, 10.972496812479744 ], [ 106.399239241101824, 10.972486789558822 ], [ 106.399148283046159, 10.972478846719746 ], [ 106.399057245424373, 10.972468822835767 ], [ 106.398966279753139, 10.972457806093519 ], [ 106.398875241225838, 10.972447782156372 ], [ 106.398784282270583, 10.972439839209292 ], [ 106.398693245583658, 10.972429816117227 ], [ 106.398603260769065, 10.972418794464007 ], [ 106.398512226459331, 10.97240985710958 ], [ 106.398421264238664, 10.972400829166402 ], [ 106.398330228480717, 10.972390804154342 ], [ 106.398239261017864, 10.97237978719591 ], [ 106.398148224553367, 10.972369853442114 ], [ 106.398057262347763, 10.972360824484802 ], [ 106.397966224782039, 10.972350801174562 ], [ 106.397875259166611, 10.972339783197965 ], [ 106.397784223971499, 10.972330843817096 ], [ 106.39769326452948, 10.97232181564798 ], [ 106.397602225151772, 10.97231179223143 ], [ 106.397511261383485, 10.972300773236682 ], [ 106.397420224378962, 10.972291835557726 ], [ 106.397330245796823, 10.972282805194132 ], [ 106.397239280210925, 10.972271785216881 ], [ 106.39714824413177, 10.972262846549617 ], [ 106.397057282551231, 10.972252821898786 ], [ 106.396965265444365, 10.972243796660498 ], [ 106.396874223937445, 10.972232777638116 ], [ 106.396783262900144, 10.972223837797053 ], [ 106.396692225399335, 10.972213815005199 ], [ 106.396601265090553, 10.972204785603846 ], [ 106.396511282416455, 10.972193855535799 ], [ 106.396420245259023, 10.972184826242856 ], [ 106.396329284631292, 10.972174802273937 ], [ 106.396238245515633, 10.972164867947789 ], [ 106.396147282152128, 10.972154843929628 ], [ 106.396056248088769, 10.972146809910232 ], [ 106.395965287476727, 10.97213678492715 ], [ 106.395874251455297, 10.972127845874528 ], [ 106.395783287194192, 10.97211782174826 ], [ 106.395692250655372, 10.972107797747672 ], [ 106.395601287514637, 10.972097863971809 ], [ 106.395510250400548, 10.972088835307668 ], [ 106.395419287983401, 10.972078809259253 ], [ 106.395328251462573, 10.972068785148501 ], [ 106.395237290497306, 10.972059845744225 ], [ 106.395146254312664, 10.972050816063977 ], [ 106.395055291004098, 10.972040792619657 ], [ 106.39496425469504, 10.97203085790207 ], [ 106.394873291397531, 10.972020835306742 ], [ 106.394783236072428, 10.972011803440173 ], [ 106.39469227512771, 10.972002862063066 ], [ 106.394601239557105, 10.971992837730312 ], [ 106.394510278430488, 10.971983808602991 ], [ 106.394419240317802, 10.971973873724325 ], [ 106.394328276127908, 10.971963849157984 ], [ 106.394237242729545, 10.97195481919694 ], [ 106.394146279985264, 10.971945880370926 ], [ 106.394055243524264, 10.971935854970782 ], [ 106.393964279353966, 10.971925831198432 ], [ 106.393873244142156, 10.971916801131165 ], [ 106.393782283242146, 10.971907861287209 ], [ 106.393691247713789, 10.97189783577498 ], [ 106.393600283559238, 10.971887810988461 ], [ 106.393509250711304, 10.971879865700622 ], [ 106.39341828748023, 10.971869840857147 ], [ 106.393327252296658, 10.971860812432928 ], [ 106.393236289266056, 10.971850876133727 ], [ 106.393145255324399, 10.971842841234448 ], [ 106.393055278166784, 10.971834802268589 ], [ 106.392963262349724, 10.971825865308318 ], [ 106.392872299144244, 10.971815840299813 ], [ 106.392781263063625, 10.971806809000197 ], [ 106.392690232397371, 10.971799857947133 ], [ 106.392599269204382, 10.971789832856079 ], [ 106.392508233139225, 10.971780803282096 ], [ 106.392417276278536, 10.971772858408247 ], [ 106.392326244510812, 10.971765815031606 ], [ 106.392235284591976, 10.971756874718425 ], [ 106.392144248539807, 10.97174784413037 ], [ 106.392052231651135, 10.971738816486212 ], [ 106.391961272062773, 10.971730871480565 ], [ 106.391870239083445, 10.971722835290135 ], [ 106.391780262170087, 10.971714886351087 ], [ 106.391688248355081, 10.971706852172183 ], [ 106.391597285207212, 10.971696826778338 ], [ 106.391506254581955, 10.971689875367909 ], [ 106.391415294502053, 10.971680844399625 ], [ 106.391324262052933, 10.97167389293814 ], [ 106.391233301980307, 10.971664861914913 ], [ 106.391142266884543, 10.971655831022119 ], [ 106.391050252373901, 10.971647887057884 ], [ 106.390959296599348, 10.971640844917022 ], [ 106.39086826151653, 10.971631814845511 ], [ 106.39077729982769, 10.971622874095944 ], [ 106.39068626383586, 10.971613843067244 ], [ 106.390595233241754, 10.971606891381912 ], [ 106.390504273199312, 10.971597860138532 ], [ 106.390413240275137, 10.971589823508083 ], [ 106.390322280746162, 10.971581877103823 ], [ 106.39023124874366, 10.971573840416507 ], [ 106.390140285855338, 10.971563904989939 ], [ 106.390049250806939, 10.971554874670892 ], [ 106.389958293237513, 10.971547832231995 ], [ 106.389866278461824, 10.971538893419767 ], [ 106.389775241279665, 10.971528865822879 ], [ 106.389684281273958, 10.971519835235936 ], [ 106.389593246748291, 10.971511889673252 ], [ 106.389502286748254, 10.971502858127277 ], [ 106.389411249587084, 10.971492832228419 ], [ 106.389320288872767, 10.971483890132827 ], [ 106.389229252029864, 10.971474859569716 ], [ 106.389138287769882, 10.971463838043828 ], [ 106.389047254179644, 10.971455891410177 ], [ 106.388956295120948, 10.971446860601372 ], [ 106.388866237911174, 10.971436831578124 ], [ 106.388775275089088, 10.971426896643003 ], [ 106.388684237046434, 10.971416869621983 ], [ 106.388593277089555, 10.971407838705405 ], [ 106.388502237112959, 10.971396906649721 ], [ 106.388411273810277, 10.971385886710049 ], [ 106.388320237922557, 10.971376854966008 ], [ 106.388229275844878, 10.971366827648128 ], [ 106.388138237112642, 10.971356892679458 ], [ 106.388047271692216, 10.971344876338311 ], [ 106.387956310547736, 10.971334850744082 ], [ 106.387866253885633, 10.971325906315883 ], [ 106.387775291530488, 10.971314885277712 ], [ 106.387684251408601, 10.97130386437482 ], [ 106.387593289365867, 10.971293837768599 ], [ 106.387502249447849, 10.971282907218104 ], [ 106.387412265208155, 10.971271883119048 ], [ 106.387321298919744, 10.971259868368019 ], [ 106.38723026095451, 10.971249841810806 ], [ 106.387139299125735, 10.971239903666628 ], [ 106.387048258124651, 10.971228882572888 ], [ 106.386957292770958, 10.971216866805573 ], [ 106.386866255738056, 10.971206839232142 ], [ 106.386775290890128, 10.971195909208564 ], [ 106.386685308525358, 10.971184886696051 ], [ 106.386594267249734, 10.97117287007335 ], [ 106.386503303435461, 10.971162843141109 ], [ 106.386412265407188, 10.97115191135237 ], [ 106.386322279103652, 10.971139893347328 ], [ 106.386231243317354, 10.971130860066989 ], [ 106.386140279224961, 10.971119838537534 ], [ 106.386049239389109, 10.971108907546691 ], [ 106.38595925310527, 10.971096888528772 ], [ 106.385868292986729, 10.971086862300767 ], [ 106.385777252251401, 10.971075931229407 ], [ 106.385686289098018, 10.971064908656482 ], [ 106.38559630283612, 10.971052889529751 ], [ 106.385505267092043, 10.971043858741897 ], [ 106.385413247363743, 10.971032928698486 ], [ 106.385322282402882, 10.971021906923243 ], [ 106.385231243335156, 10.971010885274991 ], [ 106.385141262264625, 10.971000855881483 ], [ 106.385050296595196, 10.970989923529334 ], [ 106.384959258459673, 10.970978902700832 ], [ 106.384868297768065, 10.970969868851638 ], [ 106.38477725781047, 10.970958847067745 ], [ 106.384686297028182, 10.970948909083507 ], [ 106.384596312950862, 10.970937885949079 ], [ 106.384505275128163, 10.970927857662556 ], [ 106.384414316484907, 10.970918915888102 ], [ 106.384323275637144, 10.970907893968592 ], [ 106.384232313770212, 10.97089786544133 ], [ 106.384141276162495, 10.970887929260428 ], [ 106.384051295145881, 10.970877898636685 ], [ 106.383960260387269, 10.97086886557134 ], [ 106.38386929781997, 10.970858929152007 ], [ 106.383778263071576, 10.970849896935725 ], [ 106.383687300316623, 10.970839868245573 ], [ 106.383596265765249, 10.970830924573745 ], [ 106.383505306054218, 10.970821891214804 ], [ 106.383414269200387, 10.970811862596246 ], [ 106.383323307860195, 10.970802919593764 ], [ 106.383232271017164, 10.970792891824219 ], [ 106.383141311320756, 10.970783857451229 ], [ 106.383050273766017, 10.970773920940239 ], [ 106.38295931619804, 10.970765882804601 ], [ 106.382868280765891, 10.970756939818679 ], [ 106.382777318969701, 10.970746910851551 ], [ 106.382686284555831, 10.970738872793151 ], [ 106.382595247935427, 10.970728935238558 ], [ 106.382503307426333, 10.970719902709591 ], [ 106.382413254779323, 10.970711862530385 ], [ 106.382322296231735, 10.970702921028041 ], [ 106.382231257604346, 10.970692892055419 ], [ 106.38214030237134, 10.970685936756436 ], [ 106.382049263754155, 10.970675908632849 ], [ 106.38195830594141, 10.970666874802866 ], [ 106.381867271752398, 10.970658926904756 ], [ 106.381776312117367, 10.970649893023623 ], [ 106.381685274620509, 10.970639953387563 ], [ 106.381594318022337, 10.970631914838068 ], [ 106.381503281544283, 10.970622881937896 ], [ 106.381411268637862, 10.970615927707499 ], [ 106.381320307830151, 10.970605901010448 ], [ 106.381229271551788, 10.970596956626979 ], [ 106.381138314971437, 10.970588917939898 ], [ 106.381047278510792, 10.970579883997852 ], [ 106.380957298746978, 10.970569942854825 ], [ 106.380865285393142, 10.970561905369964 ], [ 106.380774249861332, 10.970552872247572 ], [ 106.380683293765728, 10.970545916511149 ], [ 106.380592257960927, 10.970535887941262 ], [ 106.380501294634499, 10.970525949601928 ], [ 106.380410264249093, 10.970518905336995 ], [ 106.380319301652364, 10.970508875629015 ], [ 106.38022826724881, 10.970499931843349 ], [ 106.380137304662881, 10.970489902984426 ], [ 106.380046274482524, 10.970482949017327 ], [ 106.379955311904851, 10.970472920103424 ], [ 106.379864276130945, 10.9704628895052 ], [ 106.379773317967036, 10.970454940817667 ], [ 106.379682281565948, 10.970445906463066 ], [ 106.379591321750695, 10.970435877433472 ], [ 106.379500285549256, 10.970426933431556 ], [ 106.379409326934223, 10.970417899737809 ], [ 106.37931829074067, 10.970408955680881 ], [ 106.379227255276732, 10.970399922090921 ], [ 106.379136293649523, 10.970389891119439 ], [ 106.379045257468206, 10.970380946979965 ], [ 106.378954296766764, 10.970370916855668 ], [ 106.37886326223628, 10.970361884057844 ], [ 106.378772300823741, 10.97035194609628 ], [ 106.378681264462088, 10.970342908726826 ], [ 106.37859030488832, 10.97033297070648 ], [ 106.378499265524397, 10.970322941511052 ], [ 106.378408303936965, 10.970312912127659 ], [ 106.378317268703853, 10.970303967766206 ], [ 106.378226308038379, 10.970293937421827 ], [ 106.37813526632425, 10.970281920046297 ], [ 106.378044307961176, 10.970272975443809 ], [ 106.377953270724376, 10.970263940568318 ], [ 106.377863287905313, 10.970252914513249 ], [ 106.377772326537126, 10.970242973537136 ], [ 106.377681292058128, 10.970233938573733 ], [ 106.37759032959687, 10.970223908944895 ], [ 106.377499292037896, 10.9702129762659 ], [ 106.377408328671194, 10.9702029465839 ], [ 106.377317293027062, 10.970192917023228 ], [ 106.377226256928424, 10.970183971429666 ], [ 106.377135293310332, 10.970172948080096 ], [ 106.377044330877098, 10.97016291828616 ], [ 106.376953295706244, 10.970153972608156 ], [ 106.376863313857939, 10.97014294715596 ], [ 106.376772276407721, 10.970132915625994 ], [ 106.376681316930132, 10.970122977028472 ], [ 106.37659027975792, 10.970113941740777 ], [ 106.376499318266951, 10.970103911780168 ], [ 106.376408276838646, 10.970091982480954 ], [ 106.376317319547354, 10.970083942340352 ], [ 106.376226283956356, 10.97007391154547 ], [ 106.376135320846146, 10.970063972790438 ], [ 106.376044280428331, 10.970052948364657 ], [ 106.375953325895736, 10.970044907204448 ], [ 106.375862286853263, 10.97003496671474 ], [ 106.375771327491037, 10.970025931019647 ], [ 106.37568028892413, 10.970014907384009 ], [ 106.375590311775156, 10.970006953611103 ], [ 106.375499276483353, 10.969997917989787 ], [ 106.37540726681857, 10.969991958219197 ], [ 106.375316316945089, 10.969986991639516 ], [ 106.375225290026236, 10.969981934782425 ], [ 106.375133277360391, 10.969974979540588 ], [ 106.375042313847118, 10.96996395465408 ], [ 106.374952333008792, 10.969952927724314 ], [ 106.374861289646987, 10.969940909360833 ], [ 106.374770323988187, 10.969927984016255 ], [ 106.374680335071062, 10.96991397355127 ], [ 106.374590273478518, 10.969901951284385 ], [ 106.374499298644494, 10.969885953805973 ], [ 106.37440832982378, 10.969871945267831 ], [ 106.374319315510704, 10.969854948322334 ], [ 106.374229324540792, 10.969839942331706 ], [ 106.37413932706373, 10.96982095927059 ], [ 106.374050298427164, 10.969797994428765 ], [ 106.373962320795286, 10.969770959038566 ], [ 106.373874278769591, 10.969748986613382 ], [ 106.373785333098326, 10.969728916392668 ], [ 106.373695271771211, 10.969716983359744 ], [ 106.373603337953369, 10.969710933378297 ], [ 106.373597739677791, 10.969710688077539 ], [ 106.373512313391743, 10.969706959992862 ], [ 106.373421291832116, 10.969703981968379 ], [ 106.37332928650109, 10.969700916425184 ], [ 106.373237288014451, 10.969698933930506 ], [ 106.373146280568207, 10.969704003030065 ], [ 106.373054308497629, 10.969715944195775 ], [ 106.372963340107518, 10.96973792040237 ], [ 106.372944496049826, 10.969748684963678 ], [ 106.372886301537704, 10.969781930421833 ], [ 106.372817293633403, 10.969839938184666 ], [ 106.372751314767029, 10.969903004410181 ], [ 106.372689269449651, 10.969970942818906 ], [ 106.372629342938339, 10.970040957179256 ], [ 106.372570317138738, 10.970108982515645 ], [ 106.372514319015451, 10.970180978713008 ], [ 106.372459302870922, 10.970253966481245 ], [ 106.372405343481461, 10.970326951177586 ], [ 106.372352293795146, 10.970400930305711 ], [ 106.372297276660404, 10.970473919858051 ], [ 106.372243318050053, 10.970546002253169 ], [ 106.372189281701324, 10.970618987976732 ], [ 106.372135323350648, 10.970692968927048 ], [ 106.37208128761462, 10.9707649601418 ], [ 106.372027329878577, 10.970837947487407 ], [ 106.3719732952556, 10.970910933173339 ], [ 106.371918280866822, 10.970984011259144 ], [ 106.371865297909821, 10.971055008512234 ], [ 106.371810280532969, 10.971127995274442 ], [ 106.371756326826642, 10.971202972454249 ], [ 106.371702289994374, 10.971274963611332 ], [ 106.371647348484274, 10.971347952000652 ], [ 106.371594295440715, 10.971420936527693 ], [ 106.371539352712844, 10.971492929507534 ], [ 106.371486299804914, 10.971566003521708 ], [ 106.371431281999463, 10.971637997541393 ], [ 106.371377328104714, 10.971712972853693 ], [ 106.371323292253848, 10.971785958439453 ], [ 106.371268348482076, 10.971857952281898 ], [ 106.371214312582808, 10.971930939658678 ], [ 106.371160353263946, 10.972002930572012 ], [ 106.371106317499667, 10.97207600743562 ], [ 106.371052357464876, 10.972148994632114 ], [ 106.370998323285832, 10.972221979259032 ], [ 106.370944290245987, 10.972295960173835 ], [ 106.370889351112496, 10.972368948436477 ], [ 106.370835310876515, 10.972439945876914 ], [ 106.370782331745431, 10.972513019631602 ], [ 106.37072731475898, 10.972586007122773 ], [ 106.370673355454983, 10.972658993353898 ], [ 106.370619322259614, 10.972732975121795 ], [ 106.37056536082622, 10.972804965945516 ], [ 106.370511327578441, 10.97287894769646 ], [ 106.370456308138245, 10.972949945263597 ], [ 106.370403327917188, 10.97302302167409 ], [ 106.370348313736102, 10.973097003589173 ], [ 106.370294353088241, 10.973168994368489 ], [ 106.370240318792398, 10.973242975174683 ], [ 106.370186358338827, 10.973315961331297 ], [ 106.370132320757477, 10.973387953145766 ], [ 106.370077305285022, 10.973460940529183 ], [ 106.370024323720685, 10.973533020584869 ], [ 106.369969307284535, 10.973606009760996 ], [ 106.369915348772281, 10.973679989457501 ], [ 106.369861314964439, 10.973752975712118 ], [ 106.36980735133875, 10.973824966420585 ], [ 106.369753315649035, 10.973897952661975 ], [ 106.369698299996074, 10.973970941792855 ], [ 106.369645321235865, 10.974044014466674 ], [ 106.369591357506863, 10.974116005141239 ], [ 106.369537323787071, 10.974189986739271 ], [ 106.369482310097027, 10.974263968513949 ], [ 106.369428344220125, 10.974334965580477 ], [ 106.369374312247572, 10.97440894534104 ], [ 106.369320348579166, 10.974481027284993 ], [ 106.369265331798815, 10.974554015444358 ], [ 106.369212350580241, 10.974626006773425 ], [ 106.369157335814606, 10.974699987593887 ], [ 106.369104353624166, 10.974771976195951 ], [ 106.369049336738755, 10.974844964320713 ], [ 106.368995375712259, 10.974917950290472 ], [ 106.368941342804945, 10.974992021296847 ], [ 106.368887379656144, 10.975064012763081 ], [ 106.368833343525125, 10.975136999763988 ], [ 106.368778327419108, 10.975209986035335 ], [ 106.36872534596796, 10.975281976385322 ], [ 106.368670330963937, 10.975355957127832 ], [ 106.368616366772557, 10.975427949457446 ], [ 106.368562331849631, 10.975502019503928 ], [ 106.368508370351435, 10.975574011811007 ], [ 106.368454334034126, 10.97564699694418 ], [ 106.368399316828885, 10.975719983156683 ], [ 106.368346337028228, 10.975791973444531 ], [ 106.368292375903479, 10.975865954698401 ], [ 106.368238336688748, 10.975938036624775 ], [ 106.368184380080834, 10.976012015140181 ], [ 106.368129361832786, 10.976085003119469 ], [ 106.368075323268982, 10.976156995514561 ], [ 106.368021361771682, 10.976229980427359 ], [ 106.36796732406934, 10.976301971899506 ], [ 106.36791336458721, 10.976375951282041 ], [ 106.367859330002915, 10.976449027629899 ], [ 106.36780536565837, 10.976522013418458 ], [ 106.367751330834011, 10.976594999341467 ], [ 106.367696384184313, 10.976665997219833 ], [ 106.367643331324587, 10.976739976528682 ], [ 106.367588387840357, 10.976812963365015 ], [ 106.367535333048508, 10.976886037674314 ], [ 106.367480393411171, 10.976960020784546 ], [ 106.367426355681459, 10.977033004853871 ], [ 106.367371333850656, 10.977104004640459 ], [ 106.367318353794602, 10.977176987452172 ], [ 106.367264391932764, 10.977249972246112 ], [ 106.367209375069208, 10.977322960978366 ], [ 106.36715534038045, 10.977397031706005 ], [ 106.36710137935502, 10.977470016472497 ], [ 106.367047342359612, 10.977543001384451 ], [ 106.366993375327368, 10.977613998972304 ], [ 106.366939338280162, 10.977686983867244 ], [ 106.366885379216683, 10.977760963990674 ], [ 106.366831340242896, 10.977833045693814 ], [ 106.36677738112698, 10.977907025800295 ], [ 106.366722364257853, 10.977981008040912 ], [ 106.366669379767188, 10.978052002683121 ], [ 106.366615341648597, 10.97812498752897 ], [ 106.366561379215071, 10.978196977721984 ], [ 106.366507344211641, 10.97827104834777 ], [ 106.366453381962714, 10.978344034822497 ], [ 106.366399344654809, 10.978417019632499 ], [ 106.366345386244134, 10.978490999669324 ], [ 106.366290362974993, 10.978561997476152 ], [ 106.366237384466871, 10.978635975512242 ], [ 106.366182365273147, 10.978708964083582 ], [ 106.36612840190476, 10.978781044618282 ], [ 106.366074367420509, 10.978855025670327 ], [ 106.366020407018539, 10.978929003851679 ], [ 106.365967346252674, 10.978999998539241 ], [ 106.365912404015887, 10.979073980498283 ], [ 106.365859347091799, 10.979145970556418 ], [ 106.365804403840102, 10.97921904660919 ], [ 106.365751349153868, 10.979293024724042 ], [ 106.365697385393048, 10.979365015687177 ], [ 106.365643348869156, 10.979438996675164 ], [ 106.365590367989554, 10.979511980124681 ], [ 106.365535347329839, 10.979583971391301 ], [ 106.365482369560624, 10.979658039717158 ], [ 106.365427347937342, 10.979730032776455 ], [ 106.365374369013949, 10.979804010679624 ], [ 106.365320406214408, 10.979876995168192 ], [ 106.365266367219078, 10.979948987119322 ], [ 106.365212406613537, 10.980023056485772 ], [ 106.365143389278771, 10.980115060728043 ], [ 106.365088369319594, 10.980187052825167 ], [ 106.365033425508912, 10.980260040154759 ], [ 106.364978401609051, 10.98033103775092 ], [ 106.364923381573035, 10.980403030725631 ], [ 106.364868362881154, 10.980477012670979 ], [ 106.364812358941293, 10.980548012220005 ], [ 106.364757414998238, 10.980620999505323 ], [ 106.364702391882588, 10.980691997055253 ], [ 106.364647372856965, 10.980764984474449 ], [ 106.36459136789658, 10.98083598398909 ], [ 106.364537403583881, 10.980907974769702 ], [ 106.364481402870979, 10.980981053648287 ], [ 106.364426382601664, 10.981053048351248 ], [ 106.364371360472362, 10.981125041240901 ], [ 106.364316414257985, 10.981197032160274 ], [ 106.364261390935411, 10.981268030543367 ], [ 106.364205390816963, 10.981341018967035 ], [ 106.364150366526971, 10.98141201733409 ], [ 106.36409436841214, 10.981486001130728 ], [ 106.364040405004928, 10.981558986321954 ], [ 106.363985382464506, 10.981629983754704 ], [ 106.363930362364556, 10.981703060564389 ], [ 106.363875413890767, 10.981774059638122 ], [ 106.3638203903554, 10.981845056142093 ], [ 106.363765369993317, 10.981918044325502 ], [ 106.36371042851512, 10.981992025024036 ], [ 106.363655406045751, 10.982064018702683 ], [ 106.363600385376401, 10.98213601056062 ], [ 106.363546417626566, 10.982207006699831 ], [ 106.363491398043564, 10.982279993029218 ], [ 106.36343743229564, 10.982351983638367 ], [ 106.363382412848409, 10.982425061262273 ], [ 106.363328375207331, 10.982499040077514 ], [ 106.363272373500877, 10.982571035667707 ], [ 106.363218407646897, 10.982643025338287 ], [ 106.363164443597199, 10.982715014996684 ], [ 106.36311040471557, 10.98278800019267 ], [ 106.363056441246798, 10.982862070127785 ], [ 106.363002402089052, 10.982934059911823 ], [ 106.362949422233115, 10.983009031931722 ], [ 106.362895385302366, 10.983083013389205 ], [ 106.362842399933214, 10.983154007438333 ], [ 106.362789419047559, 10.983228074448396 ], [ 106.362735379985594, 10.983301060489413 ], [ 106.362682400689735, 10.983375036167294 ], [ 106.362628437517472, 10.983448020230414 ], [ 106.362575383363549, 10.983522992341898 ], [ 106.362521418276913, 10.983595073213001 ], [ 106.362469418857088, 10.983669050501819 ], [ 106.362415381683675, 10.983743028267469 ], [ 106.362362396306125, 10.983815016733395 ], [ 106.362308435027913, 10.983888995233453 ], [ 106.36225439705089, 10.98396306519169 ], [ 106.362201415475923, 10.98403604811633 ], [ 106.362148432960396, 10.984109031034654 ], [ 106.362094392450373, 10.984181021581563 ], [ 106.362039448321966, 10.984255002016114 ], [ 106.361985407249875, 10.984328077446571 ], [ 106.361931443524441, 10.984400068717278 ], [ 106.361876422240854, 10.984473056597478 ], [ 106.361821400706802, 10.984545047265613 ], [ 106.361767434372851, 10.984618031198803 ], [ 106.36172141047328, 10.984679086052878 ], [ 106.361712415753047, 10.984691018143048 ], [ 106.361658448235815, 10.984763008474012 ], [ 106.361602446622413, 10.984835001980978 ], [ 106.361548403293455, 10.984907082855182 ], [ 106.361493458685771, 10.98498007051932 ], [ 106.361438436052921, 10.985052061127695 ], [ 106.361384395419961, 10.985125045149497 ], [ 106.361328390715897, 10.98519604593422 ], [ 106.36127442598027, 10.985269031594205 ], [ 106.361219404375717, 10.985342017560622 ], [ 106.361164457559397, 10.985414008876431 ], [ 106.361109434772658, 10.985486001240035 ], [ 106.361054411228793, 10.985558083100479 ], [ 106.360999466379454, 10.985631068877144 ], [ 106.360944443515621, 10.985703062118285 ], [ 106.360890403563644, 10.98577604696434 ], [ 106.360834398833774, 10.985848040350945 ], [ 106.360780430685352, 10.98591903605239 ], [ 106.360725407712991, 10.985991027450103 ], [ 106.360670463836868, 10.986065008567262 ], [ 106.360615443045816, 10.986138086650797 ], [ 106.360560417036638, 10.986209084440466 ], [ 106.360505471032511, 10.986282069235545 ], [ 106.360450449762112, 10.986354062393508 ], [ 106.360395424803542, 10.986426054645866 ], [ 106.36034047554763, 10.986497050437716 ], [ 106.360286436436112, 10.986571029677721 ], [ 106.360230431414394, 10.986643022965305 ], [ 106.360176466154869, 10.986716008452248 ], [ 106.360120460866995, 10.986787007230658 ], [ 106.360066418666634, 10.986859088771215 ], [ 106.360011470382048, 10.986931078999463 ], [ 106.359956448170976, 10.987004065666783 ], [ 106.359901427763319, 10.987077052321606 ], [ 106.359846479403373, 10.987149044331488 ], [ 106.359791456197669, 10.987222030974094 ], [ 106.359735451640091, 10.987293029687509 ], [ 106.359681407237829, 10.987365018954767 ], [ 106.359626460604801, 10.987437011829682 ], [ 106.359571438390191, 10.987510087034858 ], [ 106.35951641984019, 10.987584069019301 ], [ 106.359461467425021, 10.987655066483423 ], [ 106.359406443610538, 10.987726063177602 ], [ 106.359351422023209, 10.987799049745725 ], [ 106.359297455427722, 10.987872034191803 ], [ 106.359241449719818, 10.987943033730049 ], [ 106.359186426221115, 10.988016019371196 ], [ 106.359131481574934, 10.988089096157966 ], [ 106.359077438717932, 10.988161086230187 ], [ 106.359021430157554, 10.988232084833717 ], [ 106.358967464319903, 10.988305069225914 ], [ 106.358911460493047, 10.988377063197566 ], [ 106.358857417531993, 10.988449053234998 ], [ 106.358801487767039, 10.988521046136169 ], [ 106.358746467927162, 10.988595027094522 ], [ 106.358692420808708, 10.988665027226581 ], [ 106.358636491174508, 10.988738015496077 ], [ 106.358582450306741, 10.988811090385612 ], [ 106.358526445377038, 10.988883083391841 ], [ 106.358472478180474, 10.988955073216493 ], [ 106.358416472282741, 10.989027066206502 ], [ 106.358362431126594, 10.989100051557385 ], [ 106.358307481823445, 10.989171048828448 ], [ 106.358251478798408, 10.989244036277189 ], [ 106.358196453702789, 10.989316028173556 ], [ 106.358141429497806, 10.989388020963318 ], [ 106.3580874604705, 10.989460099330621 ], [ 106.358032438246042, 10.989533084782325 ], [ 106.357976434175882, 10.989606073995958 ], [ 106.357921484687751, 10.989677070300768 ], [ 106.357866460555343, 10.989750056633486 ], [ 106.357812494876327, 10.989822046350252 ], [ 106.357756488661707, 10.989894040136017 ], [ 106.357701462410617, 10.989966030146286 ], [ 106.357646440187366, 10.990039106847876 ], [ 106.357591489631247, 10.990110104909538 ], [ 106.357536466253222, 10.990183090283193 ], [ 106.357482498587956, 10.990255079951494 ], [ 106.357426493127235, 10.990327072777173 ], [ 106.357371468552074, 10.990399064538753 ], [ 106.357316444863841, 10.990471055385562 ], [ 106.357261498421778, 10.990545035956908 ], [ 106.357206471733491, 10.990616033204153 ], [ 106.35715144743989, 10.990689108925572 ], [ 106.357096499597375, 10.990761101393465 ], [ 106.35704147486608, 10.990833094005948 ], [ 106.356986448271087, 10.990905082996871 ], [ 106.356930443489773, 10.990977077547445 ], [ 106.356876474620975, 10.991049066217753 ], [ 106.356821452732405, 10.991122053280705 ], [ 106.356766502896576, 10.991194042986889 ], [ 106.356711476177438, 10.991266035549803 ], [ 106.35665547144626, 10.991338119559126 ], [ 106.356601501530392, 10.991410107283732 ], [ 106.356545494531332, 10.991481107283258 ], [ 106.356491454511357, 10.991555085018021 ], [ 106.356645448065052, 10.991604054924345 ], [ 106.356663648889992, 10.991613828824592 ], [ 106.356930452471843, 10.991757104472688 ], [ 106.357394514812043, 10.991998044613867 ], [ 106.357786497025828, 10.992202055246354 ], [ 106.358170458845422, 10.992395052473498 ], [ 106.357966513711318, 10.992795103071879 ], [ 106.357965512388418, 10.992797651876437 ], [ 106.357906444367472, 10.992948028607946 ], [ 106.357878470076997, 10.993071051607332 ], [ 106.358011460025494, 10.993183082778657 ], [ 106.3580314741222, 10.993184582409731 ], [ 106.358038483497609, 10.993185109034382 ], [ 106.358087482802731, 10.993155082273098 ], [ 106.358137481753502, 10.993135091540488 ], [ 106.358185461811132, 10.99313236740233 ], [ 106.358201846451493, 10.993131437777986 ], [ 106.358208495278788, 10.993131061036809 ], [ 106.358222490620975, 10.993147038025469 ], [ 106.358232477805927, 10.993195028479304 ], [ 106.358230497286542, 10.993260041444643 ], [ 106.358309493424358, 10.993284026045069 ], [ 106.358423473990698, 10.99336408689423 ], [ 106.358388657627188, 10.993432406701325 ], [ 106.358368448787175, 10.993472064964449 ], [ 106.358495471666672, 10.993545049644151 ], [ 106.358781485167228, 10.993710030074212 ], [ 106.359184471959423, 10.993942045965683 ], [ 106.359437464428751, 10.994088014843962 ], [ 106.359543461747862, 10.994139069275144 ], [ 106.35981750959408, 10.99428409151971 ], [ 106.359754512469607, 10.994443080600451 ], [ 106.359930515927417, 10.994513071521972 ], [ 106.360299512995539, 10.994658083610373 ], [ 106.359956461861515, 10.995313029669468 ], [ 106.36011350019615, 10.995373022281903 ], [ 106.360508502046443, 10.995537058904361 ], [ 106.360791473064253, 10.995653038481988 ], [ 106.360994523889232, 10.99573608539121 ], [ 106.361389497595837, 10.995886015376174 ], [ 106.361401515235045, 10.995931019938414 ], [ 106.36157637763408, 10.996006184385523 ], [ 106.361750523916299, 10.996081041876183 ], [ 106.361794490911365, 10.996100031337365 ], [ 106.362059464922567, 10.996236027926699 ], [ 106.362059515009335, 10.996325965940816 ], [ 106.36205952112617, 10.996336029269413 ], [ 106.362052230806469, 10.996335084717343 ], [ 106.362013469009852, 10.996330064642196 ], [ 106.362010965979309, 10.996330329153425 ], [ 106.361966457611899, 10.996335041336081 ], [ 106.361915463140932, 10.996348073278469 ], [ 106.361880513551938, 10.996383043925633 ], [ 106.361870465551675, 10.996415073189183 ], [ 106.361885487260409, 10.996452023537341 ], [ 106.361922518955865, 10.996513069480189 ], [ 106.361959521139582, 10.996558023714687 ], [ 106.361992460430614, 10.996610037966617 ], [ 106.362099459712311, 10.996707020411311 ], [ 106.362207490755893, 10.996829046528621 ], [ 106.362292520139036, 10.996923089674301 ], [ 106.362385516200519, 10.997073083955822 ], [ 106.362463483274993, 10.997183054930455 ], [ 106.362537531008257, 10.997296017251365 ], [ 106.362587515371629, 10.997341035642265 ], [ 106.362652499050583, 10.997377071568376 ], [ 106.362708471269485, 10.997398025664712 ], [ 106.362778491721727, 10.997424014288248 ], [ 106.362836473673184, 10.997469016510692 ], [ 106.362902524338026, 10.997509028190208 ], [ 106.362945470074024, 10.997546012571043 ], [ 106.362979108498806, 10.997573101551271 ], [ 106.362981531935787, 10.997575054905655 ], [ 106.363042476145111, 10.997555039467811 ], [ 106.363102163082559, 10.997552303563996 ], [ 106.363108512035836, 10.99755201229957 ], [ 106.363162478845268, 10.997589063919996 ], [ 106.363227510113859, 10.997648066922189 ], [ 106.363238748964164, 10.997660098373043 ], [ 106.36324150388073, 10.99766304735488 ], [ 106.363311463030882, 10.997623032555383 ], [ 106.363407513409697, 10.99753404972285 ], [ 106.363496488940285, 10.997420035356916 ], [ 106.363590378636246, 10.997265507265992 ], [ 106.363591379958649, 10.997263860719267 ], [ 106.363592472475517, 10.997262063910815 ], [ 106.363831524956311, 10.997345036137451 ], [ 106.363983507359123, 10.997404042366933 ], [ 106.364163472392207, 10.997491021228251 ], [ 106.364328484702838, 10.997574052239747 ], [ 106.364557477092276, 10.997681999576475 ], [ 106.364753509987906, 10.997765057123313 ], [ 106.364948509466601, 10.99785806333678 ], [ 106.365178517964864, 10.997947021502894 ], [ 106.365469480359152, 10.998055022590554 ], [ 106.365687507015323, 10.998153044531154 ], [ 106.365688689432403, 10.998153565599115 ], [ 106.36600049516565, 10.998291020498577 ], [ 106.366378516140273, 10.998453003217415 ], [ 106.366671482145748, 10.998581976441907 ], [ 106.366906509418115, 10.998687016610413 ], [ 106.366945482226157, 10.998700047582023 ], [ 106.367365468471647, 10.998751999385592 ], [ 106.367694523800424, 10.998778002058296 ], [ 106.367933523122673, 10.998797047062455 ], [ 106.36805403512372, 10.998807582265881 ], [ 106.368310523671809, 10.998830005213287 ], [ 106.368323509670176, 10.998831968675116 ], [ 106.368524476344376, 10.998853983648718 ], [ 106.368758523673037, 10.998888046727929 ], [ 106.368939499361588, 10.998914982355082 ], [ 106.369326526305684, 10.998979023720336 ], [ 106.369666511320347, 10.999033032088683 ], [ 106.369969514879372, 10.999089015894691 ], [ 106.370439517113113, 10.99916500121523 ], [ 106.371073500614088, 10.99926199063119 ], [ 106.371481481136797, 10.99931196951086 ], [ 106.371513492743844, 10.999315973310347 ], [ 106.371564449143975, 10.999321021446965 ], [ 106.371591476014785, 10.999323951440866 ], [ 106.37192045472429, 10.999347961567022 ], [ 106.372453518772033, 10.999406003367564 ], [ 106.372488472290371, 10.999409999229014 ], [ 106.372645500629062, 10.999426947276929 ], [ 106.373011482380534, 10.999460013413104 ], [ 106.373332471410265, 10.999489013530575 ], [ 106.37373151677464, 10.999524994434454 ], [ 106.37379546319977, 10.999532998995555 ], [ 106.374043461249144, 10.999559977478988 ], [ 106.374115486308312, 10.999569955262565 ], [ 106.374317498079975, 10.999622976872775 ], [ 106.374416499365623, 10.999647006428528 ], [ 106.374554470416513, 10.999681983831266 ], [ 106.374814506543203, 10.999726929032391 ], [ 106.374993463600191, 10.999762999068526 ], [ 106.375295491607318, 10.999819973059115 ], [ 106.375576375226018, 10.999874233732772 ], [ 106.375588349069943, 10.999876547033521 ], [ 106.375590498502703, 10.999876962101627 ], [ 106.375609776484538, 10.99987673888527 ], [ 106.376018443518575, 10.999872012432101 ], [ 106.376115933530642, 10.999874465955687 ], [ 106.37617446286157, 10.999875939247712 ], [ 106.376239283849472, 10.999875977444743 ], [ 106.37624344828312, 10.999875978807403 ], [ 106.376437676467717, 10.99989794540754 ], [ 106.376455438333267, 10.999899953819842 ], [ 106.376652470218872, 10.999917992602626 ], [ 106.37679544546927, 10.999928006043852 ], [ 106.376902484148061, 10.999933932982197 ], [ 106.376977449993092, 10.999942007250901 ], [ 106.377002224463467, 10.999963303265282 ], [ 106.377013442417038, 10.999972945635369 ], [ 106.377038436060474, 11.000013942900702 ], [ 106.37710949551446, 11.000173925060885 ], [ 106.377148494320934, 11.000269957292334 ], [ 106.377204502289402, 11.000378974060935 ], [ 106.377227446270439, 11.000413917298943 ], [ 106.377238139747817, 11.00042001674929 ], [ 106.37724150207714, 11.000421936402576 ], [ 106.377344441062888, 11.000380946284931 ], [ 106.377469451620485, 11.000318932292613 ], [ 106.377645443797661, 11.000237917686839 ], [ 106.377833481465217, 11.000142952557864 ], [ 106.377941500893357, 11.000076997344012 ], [ 106.377958198664587, 11.000073002969389 ], [ 106.377962472569777, 11.000071980663991 ], [ 106.377986496893058, 11.000082961691319 ], [ 106.378068476321801, 11.000195000291651 ], [ 106.378122449625579, 11.000269933663294 ], [ 106.378141400854673, 11.000283926707841 ], [ 106.378141500752704, 11.000284000635851 ], [ 106.378165504758428, 11.000284944598155 ], [ 106.378213470923356, 11.000267938244663 ], [ 106.378413485697266, 11.000125932251418 ], [ 106.378612672021717, 10.999979548487918 ], [ 106.378681465104151, 10.999928992888879 ], [ 106.378912479565173, 10.999776976674264 ], [ 106.379018493605216, 10.999726937044798 ], [ 106.37909143030403, 10.999667925063317 ], [ 106.379144443801891, 10.999609948801575 ], [ 106.379180485636368, 10.999557973691264 ], [ 106.379341426134985, 10.999426990101947 ], [ 106.379653449114443, 10.99917896322277 ], [ 106.380013420498912, 10.998905972659253 ], [ 106.380189467326616, 10.99877992796514 ], [ 106.38031449012955, 10.998688980491359 ], [ 106.380456475375468, 10.998623947570147 ], [ 106.380492429486083, 10.99860190204668 ], [ 106.380507457230621, 10.998569955062413 ], [ 106.38052148971272, 10.99849596503052 ], [ 106.380522490333533, 10.998469921854381 ], [ 106.380539441026883, 10.998454968474245 ], [ 106.380683432566713, 10.998410907739521 ], [ 106.380731276526205, 10.99839947762478 ], [ 106.380733447759013, 10.998398958697603 ], [ 106.38076848231654, 10.998404946029723 ], [ 106.380808427874427, 10.998413903009713 ], [ 106.380944420436762, 10.998441922008805 ], [ 106.381197449086983, 10.998527926020778 ], [ 106.381670481562736, 10.998607955025561 ], [ 106.381988467081058, 10.998680895009484 ], [ 106.382316426489552, 10.99875796995128 ], [ 106.382604448489531, 10.998829884911812 ], [ 106.382719447745117, 10.998852972553141 ], [ 106.383110611204671, 10.998931329903485 ], [ 106.383113452747921, 10.998931898977908 ], [ 106.383191029542402, 10.998928188844127 ], [ 106.383196469900625, 10.998927928887207 ], [ 106.383265428085124, 10.998950931427334 ], [ 106.383302455736356, 10.998971922920191 ], [ 106.383343426133663, 10.999000950684644 ], [ 106.383470416173623, 10.999053940765332 ], [ 106.383515426853393, 10.999065964306059 ], [ 106.383737422673335, 10.999110888910936 ], [ 106.383800455681339, 10.999114918027662 ], [ 106.38405848671232, 10.999174957567028 ], [ 106.38442146468951, 10.99925087492776 ], [ 106.384480437466962, 10.999262956869092 ], [ 106.384822365959081, 10.999289821700684 ], [ 106.38482346146678, 10.999289908915971 ], [ 106.384908472540729, 10.999293617951732 ], [ 106.384914420953294, 10.999293876747474 ], [ 106.384942426884237, 10.99929589851881 ], [ 106.385099475166967, 10.999322876229842 ], [ 106.385191428716936, 10.999330404873517 ], [ 106.385197460903157, 10.999330898548974 ], [ 106.385261449441472, 10.999323893796118 ], [ 106.385380483604209, 10.999291909074902 ], [ 106.385623456576056, 10.999192937786505 ], [ 106.38574940914134, 10.999183903854657 ], [ 106.38587341646155, 10.999183914725133 ], [ 106.385968417546579, 10.999172867892584 ], [ 106.386094431403379, 10.999157864061075 ], [ 106.386183936531836, 10.999157002259285 ], [ 106.386190436947402, 10.999156940734904 ], [ 106.386337480565203, 10.999234932381338 ], [ 106.386439463645644, 10.999241862843711 ], [ 106.386507607337151, 10.999285585097903 ], [ 106.386688752159927, 10.999401810028987 ], [ 106.386690467504877, 10.999402910314632 ], [ 106.386896010479802, 10.999375453994073 ], [ 106.387284737858778, 10.9993235306047 ], [ 106.387289431657649, 10.999322903276019 ], [ 106.38740934938528, 10.999368371004309 ], [ 106.387413464996314, 10.999369931851415 ], [ 106.387632469683837, 10.999286920132775 ], [ 106.387673468194649, 10.999281146550933 ], [ 106.387675479790303, 10.999280862969766 ], [ 106.387799442512829, 10.999295882649641 ], [ 106.387938616675697, 10.999312400046387 ], [ 106.387942431598162, 10.999312853117754 ], [ 106.388007383821787, 10.999311062297524 ], [ 106.388013451189721, 10.999310894961951 ], [ 106.388422128888692, 10.999486324647339 ], [ 106.388423441378777, 10.999486889650935 ], [ 106.388653404083186, 10.99947890169431 ], [ 106.388735108987916, 10.999477031208896 ], [ 106.388740422453353, 10.999476910647143 ], [ 106.388934424712943, 10.999523881012818 ], [ 106.389071410308034, 10.999557860225989 ], [ 106.389119193696473, 10.999562585701122 ], [ 106.389122444663343, 10.999562906139978 ], [ 106.389234218917224, 10.999563870750258 ], [ 106.389240416702833, 10.999563924614652 ], [ 106.389492433820251, 10.999633920579901 ], [ 106.389647138998967, 10.999659997665033 ], [ 106.389652428109429, 10.999660887897363 ], [ 106.389876463563482, 10.999600921593476 ], [ 106.390091012905913, 10.999575048893794 ], [ 106.390092421725555, 10.999574879576016 ], [ 106.390170404978349, 10.99958185842236 ], [ 106.39040740254454, 10.999687870257642 ], [ 106.390476309689006, 10.999707275711529 ], [ 106.390478468701673, 10.999707883221593 ], [ 106.390642461332732, 10.999699851973105 ], [ 106.390821398444103, 10.999690885044695 ], [ 106.391230771301949, 10.999640912904578 ], [ 106.391231430883735, 10.999640832858043 ], [ 106.391368439648716, 10.999649857527364 ], [ 106.39165842669307, 10.999791831916827 ], [ 106.391698672635371, 10.999809159463124 ], [ 106.391700433011039, 10.999809916978913 ], [ 106.392027294572827, 10.999786257580498 ], [ 106.392032400695513, 10.999785886969603 ], [ 106.392137464335192, 10.999820838102456 ], [ 106.392583429353408, 11.000086895615935 ], [ 106.392711442005378, 11.000192863903042 ], [ 106.392962445822903, 11.000352912374714 ], [ 106.393072425809919, 11.000391829798629 ], [ 106.393293438628319, 11.000434851708652 ], [ 106.393464444226595, 11.000457908844259 ], [ 106.393625446239696, 11.000496898827315 ], [ 106.394119443873947, 11.000636903432875 ], [ 106.394896404232739, 11.000845833000351 ], [ 106.395600443930334, 11.001049855349171 ], [ 106.396527436129162, 11.001319855826905 ], [ 106.39694644680857, 11.00144084519696 ], [ 106.39762845409588, 11.001646807253151 ], [ 106.398596462831591, 11.001929826490944 ], [ 106.398591452102323, 11.001950813562056 ], [ 106.398582393266892, 11.001984828875129 ], [ 106.398633451126031, 11.002000814238142 ], [ 106.399017426969849, 11.002114823648999 ], [ 106.399414460035132, 11.002228802839355 ], [ 106.399782417176198, 11.002334799213791 ], [ 106.400077415081768, 11.002418796872261 ], [ 106.400145464565938, 11.00243881485917 ], [ 106.400331443081143, 11.00247485287546 ], [ 106.400805408234532, 11.002631797143476 ], [ 106.400851405676804, 11.002646797573329 ], [ 106.401022390465172, 11.002693810207639 ], [ 106.401071428385833, 11.002717845748244 ], [ 106.40262043274889, 11.003190835188466 ], [ 106.402976432815251, 11.003315838827231 ], [ 106.403214448483041, 11.003399776800034 ], [ 106.403321407226855, 11.003437790983455 ], [ 106.403312593556521, 11.003482338356406 ], [ 106.40330043141789, 11.00354380456182 ], [ 106.403509389140751, 11.003594802415927 ], [ 106.40377833970544, 11.003628031603373 ], [ 106.403865439226095, 11.003638792489006 ], [ 106.404387436713336, 11.003704847574193 ], [ 106.404464444076964, 11.00371480912554 ], [ 106.404784388226389, 11.00374576499577 ], [ 106.405277435235774, 11.003792802238079 ], [ 106.40528354897954, 11.00409888439747 ], [ 106.405289400279869, 11.004391784800593 ], [ 106.405265409318943, 11.00483867555104 ], [ 106.405265404022359, 11.004838763257728 ], [ 106.405429432546583, 11.004844830097561 ], [ 106.405554089181265, 11.004848765033225 ], [ 106.405555414292593, 11.004848806472998 ], [ 106.405573454242699, 11.004849762020269 ], [ 106.405599391098434, 11.005178820900104 ], [ 106.406128433210512, 11.005288801063138 ], [ 106.406165438348424, 11.005297762772939 ], [ 106.406158452143828, 11.005620835381729 ], [ 106.406315441062702, 11.005788760746666 ], [ 106.406292434350618, 11.005998755570308 ], [ 106.406284446632498, 11.006038827855818 ], [ 106.406304458247021, 11.006145836989448 ], [ 106.406313447393643, 11.006182798735228 ], [ 106.40632746495514, 11.006207813117328 ], [ 106.406353457937385, 11.006220777426634 ], [ 106.406421414505559, 11.00623175067398 ], [ 106.406714417952941, 11.006299833242817 ], [ 106.407045428150269, 11.006384832610696 ], [ 106.407141412918037, 11.006408766439032 ], [ 106.407222689042129, 11.006418359091176 ], [ 106.407226424432949, 11.006418799428607 ], [ 106.407269444396704, 11.006417801350585 ], [ 106.407291164631218, 11.006417824861298 ], [ 106.407297448456248, 11.006417832055224 ], [ 106.407334460754427, 11.006430771524027 ], [ 106.407355400819796, 11.006445826051412 ], [ 106.407410401309306, 11.006469758090917 ], [ 106.407546398139729, 11.00649676852939 ], [ 106.407599267085729, 11.006509812860481 ], [ 106.407611420425283, 11.006512811577684 ], [ 106.407616284738154, 11.006514775543238 ], [ 106.40765841037836, 11.006531788506754 ], [ 106.407711449195361, 11.006555814240677 ], [ 106.40775744092835, 11.006567831039094 ], [ 106.407832422817194, 11.006581774000901 ], [ 106.407875955800009, 11.006590512508803 ], [ 106.407877426980704, 11.006590808570515 ], [ 106.407880240204776, 11.006591762603382 ], [ 106.408045418221263, 11.006647767449385 ], [ 106.408198446024983, 11.006696803712691 ], [ 106.40845244452025, 11.00677075606594 ], [ 106.408722437081963, 11.006842774952345 ], [ 106.409005439132514, 11.006925796873013 ], [ 106.409088194252362, 11.006952702439664 ], [ 106.409171461286334, 11.006979775933598 ], [ 106.409257422442948, 11.007009787220404 ], [ 106.409310455541203, 11.007030739727146 ], [ 106.409355406176346, 11.007049809408981 ], [ 106.409363783503949, 11.007053840567901 ], [ 106.409436406554434, 11.007088783554241 ], [ 106.409591450004115, 11.007161774480315 ], [ 106.409655424469832, 11.007181798181287 ], [ 106.409869415803371, 11.007253757737995 ], [ 106.410184459740648, 11.007354790369474 ], [ 106.410317460499925, 11.007391753566401 ], [ 106.410349402139502, 11.00739873679108 ], [ 106.410420750249614, 11.007408433328813 ], [ 106.410423393789856, 11.007408792825634 ], [ 106.410427636079433, 11.007408791736381 ], [ 106.410505248220019, 11.007408781151844 ], [ 106.41051245718738, 11.007408780841432 ], [ 106.41052094726308, 11.007448204402776 ], [ 106.410528397111591, 11.007482795239605 ], [ 106.410550453777631, 11.007557793524562 ], [ 106.410568409412036, 11.0075877715249 ], [ 106.410613405454228, 11.007626734151168 ], [ 106.410657457511249, 11.007647794546887 ], [ 106.410725431923268, 11.007667809309792 ], [ 106.410795434755272, 11.007682757734214 ], [ 106.410867464957903, 11.007693812404829 ], [ 106.410938425662977, 11.007698811187836 ], [ 106.410961408862121, 11.007749756345795 ], [ 106.410993414745761, 11.007818764239941 ], [ 106.411033420214025, 11.007887755619929 ], [ 106.4110674314405, 11.007941750611449 ], [ 106.411113435375924, 11.007992734237618 ], [ 106.411202454661222, 11.00803973848746 ], [ 106.411240466217237, 11.008060721537626 ], [ 106.411338396591276, 11.008109785709868 ], [ 106.411524412496391, 11.008193738733535 ], [ 106.411559460325918, 11.008205778773348 ], [ 106.41161946289553, 11.008237744463596 ], [ 106.411663430469616, 11.008255732845598 ], [ 106.411731442638256, 11.008291751198565 ], [ 106.411852415175673, 11.008350800196618 ], [ 106.411908398217292, 11.008374729236959 ], [ 106.412023411334459, 11.008434786538055 ], [ 106.41212839520486, 11.008499747659018 ], [ 106.4121854565213, 11.008532805435856 ], [ 106.412219395601269, 11.008554792621322 ], [ 106.412283450915538, 11.008576805429415 ], [ 106.412362430143276, 11.008623740808071 ], [ 106.412808441834855, 11.008930724781388 ], [ 106.412791416629773, 11.008979766335472 ], [ 106.412746440010409, 11.009084747863774 ], [ 106.412699406774777, 11.009181775317673 ], [ 106.412640435662681, 11.009306769205123 ], [ 106.412617446260484, 11.009354739783374 ], [ 106.412595424080436, 11.009395746884753 ], [ 106.412528441684827, 11.009550775279321 ], [ 106.412492413748907, 11.00964072782358 ], [ 106.412447468256161, 11.009759721479348 ], [ 106.412444471850321, 11.009769765943316 ], [ 106.412439449985158, 11.009785780806405 ], [ 106.412435400898886, 11.009797722504777 ], [ 106.412422451355923, 11.009846757861464 ], [ 106.412401405705111, 11.009953765598352 ], [ 106.41239244869881, 11.009998723913235 ], [ 106.412352442250295, 11.010165808907356 ], [ 106.412341445118514, 11.010209773574728 ], [ 106.412324466663705, 11.010279794930652 ], [ 106.412314459378933, 11.010327734456343 ], [ 106.412309438414042, 11.010343749315682 ], [ 106.412288437307083, 11.010402748846658 ], [ 106.412264467395829, 11.010451804621493 ], [ 106.412245449492318, 11.010486747857048 ], [ 106.412216451331616, 11.010547749268872 ], [ 106.412207436291595, 11.010566756280783 ], [ 106.412156487013078, 11.010692858163704 ], [ 106.412129445696806, 11.010759784213427 ], [ 106.412101462392158, 11.010836790925056 ], [ 106.412088476402118, 11.010868735747037 ], [ 106.412058462764861, 11.010948727613041 ], [ 106.412015465143369, 11.011060756507016 ], [ 106.4119924827787, 11.011112796264484 ], [ 106.411901460337504, 11.011317786333182 ], [ 106.411849435692588, 11.011444754811698 ], [ 106.41181445407662, 11.01152973079612 ], [ 106.41177345438966, 11.011624757822815 ], [ 106.411741472911928, 11.011701770510413 ], [ 106.411682451848122, 11.011838789430412 ], [ 106.411668478142801, 11.01186775385229 ], [ 106.411603459887019, 11.011989775501421 ], [ 106.41157449970342, 11.01204044502853 ], [ 106.411563461995186, 11.012059755680816 ], [ 106.411558425810199, 11.012069802774791 ], [ 106.411547444097749, 11.012086733783477 ], [ 106.411531427318494, 11.012113804098441 ], [ 106.411523460030537, 11.012128739575715 ], [ 106.411516478356432, 11.012145752273632 ], [ 106.41150344374411, 11.012190808956444 ], [ 106.411496429421774, 11.012226809073749 ], [ 106.411490451840351, 11.0122537671022 ], [ 106.411487487766152, 11.012278726890042 ], [ 106.411485429835011, 11.01230377782278 ], [ 106.411482457796197, 11.012324760609232 ], [ 106.411481464363362, 11.01235279176016 ], [ 106.411482469759079, 11.012363728856783 ], [ 106.411486325594879, 11.012372585797518 ], [ 106.411496429692065, 11.012395796655587 ], [ 106.411508482330262, 11.01241873656517 ], [ 106.411514690610261, 11.01244141346835 ], [ 106.411519442075758, 11.012458766746066 ], [ 106.411518454785153, 11.012490776710079 ], [ 106.411514479366389, 11.012501725565132 ], [ 106.411498463476889, 11.012528794973058 ], [ 106.411492978006663, 11.012536807976227 ], [ 106.411485445745569, 11.012547810689863 ], [ 106.411463559430075, 11.012573192327029 ], [ 106.411460451591225, 11.012576797311324 ], [ 106.411377438128483, 11.012649764238567 ], [ 106.411367433121569, 11.01266479455972 ], [ 106.411361453687562, 11.012691750781908 ], [ 106.411354458156353, 11.012769795690589 ], [ 106.411344476130424, 11.012862764316079 ], [ 106.411343448657917, 11.012876781499706 ], [ 106.411299470648004, 11.013091796343414 ], [ 106.411292463864214, 11.013130781690212 ], [ 106.411285477718806, 11.013145806336253 ], [ 106.411270435888923, 11.01316979885854 ], [ 106.411237461019169, 11.013207754985624 ], [ 106.411226453916839, 11.013213745848612 ], [ 106.411200433200932, 11.013222754667337 ], [ 106.411115494801209, 11.013246809029619 ], [ 106.411060443872373, 11.013267814835041 ], [ 106.411003430847515, 11.013290814769372 ], [ 106.410989480810926, 11.013296812937224 ], [ 106.410928491931656, 11.013329765419495 ], [ 106.410884492137853, 11.013365757460733 ], [ 106.410849850599107, 11.013396645516067 ], [ 106.410829500944757, 11.013414792083777 ], [ 106.410790470866488, 11.013445799080515 ], [ 106.410756479232219, 11.013467753465942 ], [ 106.410745469891779, 11.013472749836573 ], [ 106.410735448385211, 11.013480818810081 ], [ 106.410705432916799, 11.01349173393465 ], [ 106.410702205000973, 11.013492385565545 ], [ 106.410690493403678, 11.013494750801161 ], [ 106.410675476633003, 11.013496772450287 ], [ 106.410660460389622, 11.013497799616781 ], [ 106.410637436131751, 11.013496765747991 ], [ 106.410636688355865, 11.013496701378243 ], [ 106.410544504096521, 11.013488740036331 ], [ 106.410539922856429, 11.013488616203517 ], [ 106.410510458691888, 11.013487819646063 ], [ 106.4103874358144, 11.013491794041093 ], [ 106.410316428999124, 11.013500808447107 ], [ 106.410297489419094, 11.013503743589414 ], [ 106.410198433695442, 11.013525749949752 ], [ 106.410160491885478, 11.013536771765889 ], [ 106.410138467831416, 11.013544776418948 ], [ 106.410110491742046, 11.01355677284292 ], [ 106.410095491005052, 11.013564762218131 ], [ 106.410086451167302, 11.013572738629019 ], [ 106.410073502215369, 11.013587774410372 ], [ 106.410061468068932, 11.013606787933417 ], [ 106.410054475000976, 11.013618738719851 ], [ 106.410042449001281, 11.013641820555367 ], [ 106.410004496381532, 11.013715773126394 ], [ 106.409974438715579, 11.013776779370769 ], [ 106.4099074736164, 11.013939764892172 ], [ 106.409885496167789, 11.01400075175232 ], [ 106.409829476984399, 11.01416479925278 ], [ 106.409820475898229, 11.014189773963011 ], [ 106.409813506457596, 11.014212753486316 ], [ 106.409796468836007, 11.014255738538658 ], [ 106.409792490788533, 11.014266777787839 ], [ 106.409778438623135, 11.014294746920431 ], [ 106.409754447105271, 11.014332773779376 ], [ 106.409670498131064, 11.014427803518288 ], [ 106.409639493935217, 11.01446982353534 ], [ 106.409620452416803, 11.014494819159088 ], [ 106.409603452855293, 11.014520805728823 ], [ 106.409590507742848, 11.014538827638876 ], [ 106.409568469995719, 11.014572780099634 ], [ 106.409551468597215, 11.014598767574896 ], [ 106.409529506468388, 11.014633806565266 ], [ 106.409510451444561, 11.014652744919509 ], [ 106.409500499888281, 11.014657739853622 ], [ 106.409489486052763, 11.014660747229893 ], [ 106.409475454236784, 11.014663761163808 ], [ 106.409466470758261, 11.0146637806846 ], [ 106.409455452110507, 11.014663804627379 ], [ 106.409452016929222, 11.014663437805256 ], [ 106.409445486149025, 11.014662740490042 ], [ 106.409431440134142, 11.014659787567286 ], [ 106.409421470861545, 11.014656824881868 ], [ 106.40940447414701, 11.014650804518958 ], [ 106.409346468744289, 11.014634745819125 ], [ 106.409316480740003, 11.014624775751274 ], [ 106.409299487155621, 11.014619748952349 ], [ 106.4092884631673, 11.014617783938673 ], [ 106.409263461743421, 11.014610784667438 ], [ 106.409238471922691, 11.014607765100857 ], [ 106.409231186020804, 11.014607403928439 ], [ 106.409219448574873, 11.014606815557899 ], [ 106.409197485578702, 11.014607763720818 ], [ 106.40916549489485, 11.014612806513568 ], [ 106.409125474446014, 11.014639747131973 ], [ 106.409109460824084, 11.014668806289743 ], [ 106.409103468788842, 11.01468979471505 ], [ 106.409094477775426, 11.014719741790206 ], [ 106.409089484243935, 11.014747781629131 ], [ 106.409078465665772, 11.014782797727594 ], [ 106.409071500200241, 11.014806772613365 ], [ 106.409058503266337, 11.014867741728464 ], [ 106.409058451925858, 11.014913763707236 ], [ 106.40906645744667, 11.014948827090185 ], [ 106.409108814093997, 11.015017666193447 ], [ 106.40911751613271, 11.015031808702702 ], [ 106.409124495869989, 11.015048791935248 ], [ 106.409191481054705, 11.015198827529302 ], [ 106.409202454279423, 11.015245819135574 ], [ 106.409194491810112, 11.015263830207701 ], [ 106.409185369261323, 11.015281550879678 ], [ 106.409175478597149, 11.015300761324957 ], [ 106.409160515955122, 11.015326742544739 ], [ 106.409150448993429, 11.015347741629759 ], [ 106.409097490944646, 11.01546277525247 ], [ 106.409072478687349, 11.015518796249884 ], [ 106.4090474890872, 11.01558377023696 ], [ 106.40903650127153, 11.015631803118518 ], [ 106.409030456898506, 11.015663825874061 ], [ 106.408999449061938, 11.015771758230448 ], [ 106.408978486988985, 11.015848748549091 ], [ 106.408971471982497, 11.015918746309438 ], [ 106.408962515115149, 11.015997788117913 ], [ 106.408960498606845, 11.016007829521547 ], [ 106.408951459264017, 11.01604980268443 ], [ 106.408940468095039, 11.01609675249005 ], [ 106.408932509311796, 11.016149753907536 ], [ 106.408931467742974, 11.016190804725184 ], [ 106.408926509647046, 11.016269749249735 ], [ 106.408922472100087, 11.016387749560497 ], [ 106.40892645275035, 11.016447778632633 ], [ 106.408933510895736, 11.016498757573883 ], [ 106.40894045397603, 11.016531744797073 ], [ 106.408942488077003, 11.01656374729528 ], [ 106.408942453652443, 11.016582824225679 ], [ 106.408940522654305, 11.016596751151411 ], [ 106.408943514706309, 11.016618808568484 ], [ 106.408950481731438, 11.016628829559124 ], [ 106.408951843268355, 11.016630412347354 ], [ 106.408962513534732, 11.016642816570062 ], [ 106.408991473770129, 11.0166658102639 ], [ 106.409013467896173, 11.016678782963931 ], [ 106.409128500220888, 11.016745801603305 ], [ 106.409230455670354, 11.016805798641759 ], [ 106.409253515227263, 11.016821751546733 ], [ 106.409316482853853, 11.016863748172712 ], [ 106.409334491885829, 11.016883781279645 ], [ 106.409344492051829, 11.016899764362066 ], [ 106.409349901004333, 11.016912400596052 ], [ 106.409350485136812, 11.016913766285787 ], [ 106.409352477012561, 11.016926780615055 ], [ 106.409365380285379, 11.016996371655312 ], [ 106.409365463654936, 11.016996825319021 ], [ 106.409387467069038, 11.017081767638775 ], [ 106.409406459723584, 11.017170786637376 ], [ 106.409433471123734, 11.017300747252229 ], [ 106.40945951359933, 11.017437759932523 ], [ 106.409474510818768, 11.017528776567721 ], [ 106.409480457879141, 11.017555798148129 ], [ 106.409510498016616, 11.017723817271234 ], [ 106.409513474416357, 11.017738820227606 ], [ 106.40952245788948, 11.017807786922537 ], [ 106.409523468168118, 11.017853806581002 ], [ 106.409521480462786, 11.017876776173262 ], [ 106.409518498092183, 11.017892786562749 ], [ 106.409503467749332, 11.018024826601618 ], [ 106.409494505067855, 11.018100796382088 ], [ 106.40948346124145, 11.018157782433329 ], [ 106.409472505653568, 11.018187824194349 ], [ 106.409457475816595, 11.01821778530754 ], [ 106.409438785932153, 11.018244224872982 ], [ 106.409433473071999, 11.018251741133522 ], [ 106.409421473054138, 11.01828576579805 ], [ 106.409416532205498, 11.018303770308806 ], [ 106.409414526770405, 11.018318782285208 ], [ 106.409405221780602, 11.018366794339 ], [ 106.409403482922784, 11.018375768334083 ], [ 106.409386481083743, 11.01850274893741 ], [ 106.409384462111134, 11.018545791737081 ], [ 106.409334506487241, 11.018585773558009 ], [ 106.40932446777407, 11.018585796278558 ], [ 106.409311486075239, 11.018585823586259 ], [ 106.409300465249729, 11.0185857571289 ], [ 106.409300352691659, 11.01858575737351 ], [ 106.409286501645866, 11.018585788377495 ], [ 106.409268467882058, 11.018588810104013 ], [ 106.409245485114255, 11.01860576892962 ], [ 106.40922847110086, 11.018625786825398 ], [ 106.409213524401565, 11.018659816981843 ], [ 106.409180484098542, 11.018804825294183 ], [ 106.409156844940483, 11.018885397046276 ], [ 106.409153515404896, 11.018896745880754 ], [ 106.409123474623343, 11.0189648037949 ], [ 106.409091481791677, 11.019037748847666 ], [ 106.409068486911096, 11.019083820658759 ], [ 106.409019509889305, 11.019189803088322 ], [ 106.409009483897478, 11.019216520346333 ], [ 106.409004501384032, 11.019229801158708 ], [ 106.408996530675907, 11.019273761863417 ], [ 106.408994535129921, 11.019329822363281 ], [ 106.408987479758068, 11.019415824106964 ], [ 106.408986488116682, 11.019444759320798 ], [ 106.408981476996814, 11.019465747420414 ], [ 106.40896447894653, 11.01956081149476 ], [ 106.408944523496771, 11.019649823796579 ], [ 106.408931509056004, 11.019703829765493 ], [ 106.40892652098006, 11.019734764429252 ], [ 106.408915520753695, 11.019811821700999 ], [ 106.408883525510632, 11.019950770424016 ], [ 106.408868508711379, 11.020020784646045 ], [ 106.408862506124876, 11.020070798363943 ], [ 106.408857477892681, 11.020117824715228 ], [ 106.408854515772632, 11.020143780765949 ], [ 106.408853761832532, 11.020153701896175 ], [ 106.408852535765689, 11.020169824186798 ], [ 106.408853984902336, 11.020179510897385 ], [ 106.408855525061924, 11.020189800427161 ], [ 106.408864485360454, 11.020213831124392 ], [ 106.408880525446591, 11.020264792349179 ], [ 106.408886497783328, 11.020302753168767 ], [ 106.408891500776363, 11.020346775193 ], [ 106.40888948769512, 11.020425802806487 ], [ 106.408890531695292, 11.020487826296812 ], [ 106.408885518961071, 11.020541815786427 ], [ 106.408873492357316, 11.0206318053408 ], [ 106.408868524766334, 11.020672774268116 ], [ 106.408864514980223, 11.020735803215739 ], [ 106.408867532345155, 11.020768798953551 ], [ 106.408875549203074, 11.020843827760329 ], [ 106.408885522141489, 11.020915777564024 ], [ 106.408905483976838, 11.020999820250195 ], [ 106.40892051856315, 11.021039751245583 ], [ 106.408927481898914, 11.021081778238241 ], [ 106.408926506340634, 11.021118762378812 ], [ 106.408916533052647, 11.021147807508685 ], [ 106.408914489462859, 11.021179818854105 ], [ 106.408928526609884, 11.021279788808071 ], [ 106.408955506757394, 11.0213968194341 ], [ 106.408958760326684, 11.021416696552661 ], [ 106.40897448457163, 11.021512780745701 ], [ 106.409000512084191, 11.021675834377106 ], [ 106.409021556249343, 11.021770816693389 ], [ 106.40903153083481, 11.021809764192144 ], [ 106.409045544625897, 11.021831795840443 ], [ 106.409057513995293, 11.021851752562 ], [ 106.409065491149207, 11.021874790902809 ], [ 106.4090654924494, 11.021942783533294 ], [ 106.409058507954285, 11.021992798478783 ], [ 106.409054483153724, 11.022015772491949 ], [ 106.409044492323474, 11.022037765892504 ], [ 106.40902251393139, 11.022065752223595 ], [ 106.409000527592568, 11.022089759744363 ], [ 106.408967538793476, 11.022122833709167 ], [ 106.408942527930165, 11.022144768429131 ], [ 106.408911509603357, 11.022180822452977 ], [ 106.408900484844025, 11.0222127610929 ], [ 106.408893517216228, 11.022235833713198 ], [ 106.408894536690909, 11.022286825747845 ], [ 106.408897549095315, 11.022385825164211 ], [ 106.408904505630545, 11.022424779222135 ], [ 106.40891953867343, 11.022464801524634 ], [ 106.408950242323655, 11.022543071853622 ], [ 106.408950511065839, 11.022543757461261 ], [ 106.408952434193054, 11.022546838884617 ], [ 106.408970511057518, 11.022575811316228 ], [ 106.408992524851342, 11.022597825581606 ], [ 106.409044520180004, 11.022659827848612 ], [ 106.409099515676743, 11.022713777334115 ], [ 106.409118508296174, 11.022734802770264 ], [ 106.409131524895827, 11.022750777479509 ], [ 106.409146529523937, 11.022776784887252 ], [ 106.409169513947703, 11.022827820488102 ], [ 106.409204528583899, 11.02289076551099 ], [ 106.409230507434174, 11.022930761288688 ], [ 106.409260489617736, 11.022971835961087 ], [ 106.409314510851871, 11.023028771864277 ], [ 106.409334549394629, 11.023044822608638 ], [ 106.409356534246157, 11.02305381644584 ], [ 106.409377542133882, 11.023063805981808 ], [ 106.409418552189734, 11.023074747409281 ], [ 106.409447563396967, 11.023085806233738 ], [ 106.409472512337004, 11.023103833443367 ], [ 106.409504514412873, 11.023136766134371 ], [ 106.409571562350237, 11.023213745887425 ], [ 106.409598193633855, 11.023238078952303 ], [ 106.409605523151811, 11.023244775752859 ], [ 106.409624511022997, 11.023262817722046 ], [ 106.409637518420212, 11.023273819120503 ], [ 106.40964555537731, 11.023290801828123 ], [ 106.409670535722782, 11.023355754861196 ], [ 106.40968352299835, 11.023391804547925 ], [ 106.409690515903662, 11.023413759214368 ], [ 106.409690552486794, 11.023429762131091 ], [ 106.409689519196149, 11.023440796781751 ], [ 106.409678525905136, 11.023452754459303 ], [ 106.409626536193883, 11.023494820152104 ], [ 106.409588545580618, 11.02351777944806 ], [ 106.4095454998821, 11.023542826389507 ], [ 106.409532887974692, 11.023550379322437 ], [ 106.409515498162918, 11.023560793188068 ], [ 106.409478560453465, 11.023582756604982 ], [ 106.409435515650728, 11.023607803529801 ], [ 106.409404535124963, 11.023626767830919 ], [ 106.409381544629127, 11.02364083276154 ], [ 106.40935051271839, 11.023670829572657 ], [ 106.409330565570997, 11.023695826262543 ], [ 106.409318557588776, 11.023726774380656 ], [ 106.409311494943992, 11.023775795919805 ], [ 106.409318520355654, 11.023812760849442 ], [ 106.4093201714618, 11.023816144821351 ], [ 106.409337554059221, 11.02385177722984 ], [ 106.409357562139022, 11.023887810761254 ], [ 106.409381523987932, 11.023936763938273 ], [ 106.409425543690475, 11.024010809438556 ], [ 106.409452542480963, 11.024067802254104 ], [ 106.409504545546696, 11.024166786409861 ], [ 106.40952954355177, 11.024206786995595 ], [ 106.409568515417675, 11.024250825513223 ], [ 106.409601499560992, 11.024283755143923 ], [ 106.409624501195836, 11.024308750643359 ], [ 106.409655560498265, 11.024358772337427 ], [ 106.409679514488175, 11.024403748484721 ], [ 106.409744522435247, 11.024547819344878 ], [ 106.409757555205999, 11.024569763577432 ], [ 106.409767548105904, 11.02458276048522 ], [ 106.409808511112701, 11.024639814187934 ], [ 106.409827519438309, 11.024667803606878 ], [ 106.409837536936436, 11.024691830147869 ], [ 106.409843498435109, 11.024724820356727 ], [ 106.409846538148827, 11.024767760821273 ], [ 106.409847536950764, 11.024809802558073 ], [ 106.409851503343745, 11.024828781265759 ], [ 106.409859544014736, 11.024845761242686 ], [ 106.40987355580485, 11.024866798361163 ], [ 106.409891557624235, 11.024883758467512 ], [ 106.409898546355009, 11.024903815484317 ], [ 106.409909549323842, 11.024929831549667 ], [ 106.409940526849155, 11.024976779536448 ], [ 106.409960498475129, 11.024996807390423 ], [ 106.41000557095883, 11.025034774369852 ], [ 106.410027528639716, 11.025064745409487 ], [ 106.410054569419955, 11.025106820862387 ], [ 106.410109544177246, 11.025184820311411 ], [ 106.410123553581911, 11.025204772533797 ], [ 106.410139511705438, 11.025218751823948 ], [ 106.410147539481954, 11.025230759418827 ], [ 106.410151500158932, 11.025246753788764 ], [ 106.410154550423997, 11.02526076118054 ], [ 106.410168564474191, 11.025282792757746 ], [ 106.410215544083442, 11.025363793934989 ], [ 106.410240570036152, 11.025415819459496 ], [ 106.410271544434153, 11.025495770589204 ], [ 106.410314532570411, 11.025579762974633 ], [ 106.410327561580303, 11.025600801303629 ], [ 106.410328531407828, 11.025629823543753 ], [ 106.410328502259759, 11.025650799903643 ], [ 106.410331505042805, 11.025676741156534 ], [ 106.410331796817616, 11.025677903158662 ], [ 106.41033752260536, 11.025700780906947 ], [ 106.410353568408951, 11.025720817279895 ], [ 106.410358937314214, 11.025724838655231 ], [ 106.410389558499787, 11.02574777338077 ], [ 106.41047056073522, 11.025784758851188 ], [ 106.410517560309742, 11.025807802536219 ], [ 106.410538518408487, 11.025829818964839 ], [ 106.41055454451066, 11.025873816912089 ], [ 106.410557520609885, 11.025921820305737 ], [ 106.410556547820107, 11.02606079196185 ], [ 106.410564560756342, 11.026201823406604 ], [ 106.41057457446631, 11.026325762612281 ], [ 106.410590527720018, 11.026404749230004 ], [ 106.410597541882609, 11.026435748160306 ], [ 106.410601525866156, 11.026495774425642 ], [ 106.410613568064988, 11.026581824945337 ], [ 106.410630566552527, 11.026622746917697 ], [ 106.410649571561578, 11.026648745509352 ], [ 106.410662543570865, 11.026677830189364 ], [ 106.410668515403017, 11.026715793651562 ], [ 106.410698567716707, 11.026820790442514 ], [ 106.410721514756531, 11.026888823431058 ], [ 106.410737532217837, 11.026963743375706 ], [ 106.410741527385994, 11.026994746167482 ], [ 106.410733517468501, 11.027024783356111 ], [ 106.410731569627458, 11.027064751227398 ], [ 106.410736520476817, 11.02708481356156 ], [ 106.410757580378416, 11.027118763503879 ], [ 106.410836544722841, 11.027324830235093 ], [ 106.410906579976597, 11.027487788525903 ], [ 106.410924526241146, 11.027547783434862 ], [ 106.410942556583592, 11.027609771638788 ], [ 106.410972570605537, 11.027698765481505 ], [ 106.411000557755784, 11.0277587402988 ], [ 106.411047538222476, 11.027873827543932 ], [ 106.411108522004923, 11.028038794466257 ], [ 106.411144527869411, 11.028173797026517 ], [ 106.41118352372915, 11.028329770251275 ], [ 106.411207540447336, 11.028437765373546 ], [ 106.411243560838344, 11.028544828426838 ], [ 106.411302519660595, 11.028682767036935 ], [ 106.411339543732453, 11.028766772229131 ], [ 106.411357535724235, 11.028812755684346 ], [ 106.411365532365707, 11.028844743304127 ], [ 106.411367535763191, 11.028862822189238 ], [ 106.411359583833004, 11.028884810306916 ], [ 106.411354221991132, 11.028888893043709 ], [ 106.411342553659253, 11.028897778411546 ], [ 106.411300546363648, 11.028914776214586 ], [ 106.41128456872562, 11.028925753964646 ], [ 106.411282560207766, 11.028939771468893 ], [ 106.411288524724895, 11.02897276162 ], [ 106.411324590634763, 11.029067799488411 ], [ 106.411355593558895, 11.02915977545557 ], [ 106.41135955174903, 11.029173780845257 ], [ 106.41135853407485, 11.029191775914409 ], [ 106.411361542964997, 11.029220793689131 ], [ 106.411374591841749, 11.029249788652802 ], [ 106.411408557529214, 11.02931779751674 ], [ 106.411425534585632, 11.029347778385402 ], [ 106.411443576810967, 11.029381824349988 ], [ 106.411473576672293, 11.029430765932032 ], [ 106.411501584257692, 11.029465785528021 ], [ 106.411542521424451, 11.029510813912484 ], [ 106.411605556473035, 11.029580749164541 ], [ 106.41168756793536, 11.029663752927432 ], [ 106.411704529861197, 11.029687766028916 ], [ 106.411744594680471, 11.029747806598712 ], [ 106.411792532751534, 11.029817772958145 ], [ 106.411809535868215, 11.029859779713023 ], [ 106.411827543783602, 11.029912813954137 ], [ 106.41184153048151, 11.029956816252016 ], [ 106.411857551777686, 11.030032820975931 ], [ 106.411873566092964, 11.030071756039058 ], [ 106.411898576277849, 11.030116817338454 ], [ 106.41193258731164, 11.030169818429515 ], [ 106.411953569923782, 11.030201779472003 ], [ 106.411969555720376, 11.03022877902924 ], [ 106.411985530911494, 11.030249811731924 ], [ 106.412021539725586, 11.030284814698081 ], [ 106.412062534117908, 11.03032179572754 ], [ 106.412082573111974, 11.030337754934681 ], [ 106.412117587555016, 11.030366791375609 ], [ 106.412142548030204, 11.030388800726607 ], [ 106.41216357848414, 11.03040982056595 ], [ 106.412189532435946, 11.030437791906198 ], [ 106.412214576863917, 11.030463776272406 ], [ 106.412249585770013, 11.030490736054661 ], [ 106.412274533293612, 11.030507769408642 ], [ 106.412286549865797, 11.030513800433395 ], [ 106.412297575781537, 11.030516761585325 ], [ 106.412316529775893, 11.030519794010587 ], [ 106.412330572514477, 11.030521751376943 ], [ 106.412350585728007, 11.030525776868688 ], [ 106.412389575607179, 11.030543774906995 ], [ 106.412434563088595, 11.030576768332299 ], [ 106.412454540649989, 11.030598787642184 ], [ 106.412465594411955, 11.030613771077858 ], [ 106.412507591102553, 11.030659790570885 ], [ 106.412537557460439, 11.030692818622718 ], [ 106.412552529600063, 11.030704811858973 ], [ 106.412589584180751, 11.03073474785174 ], [ 106.412627554794071, 11.030768751969186 ], [ 106.41266559508658, 11.030800766970408 ], [ 106.412718594165028, 11.03083880563489 ], [ 106.412778554799829, 11.030883792227902 ], [ 106.412836546183698, 11.030926795060466 ], [ 106.412875581842712, 11.030964775635058 ], [ 106.412909555047264, 11.031000775606836 ], [ 106.412961583391876, 11.031043790552129 ], [ 106.412980564176678, 11.031058757529392 ], [ 106.412989572872206, 11.031069768404153 ], [ 106.413025592135128, 11.031109743610047 ], [ 106.413038601846765, 11.031120746633846 ], [ 106.413072539613722, 11.031141739067523 ], [ 106.413111562864572, 11.031173750951901 ], [ 106.413159583565005, 11.031213790286847 ], [ 106.413179563449219, 11.031236802208545 ], [ 106.413191534422992, 11.031256759618635 ], [ 106.413197602656652, 11.031269765879349 ], [ 106.413222568140839, 11.031294755845604 ], [ 106.413246536985184, 11.031312787540861 ], [ 106.413286597394517, 11.031336750889942 ], [ 106.413319551535267, 11.031355755583817 ], [ 106.413331586409242, 11.031370738643833 ], [ 106.413344568751043, 11.031403802875968 ], [ 106.413376563556128, 11.031466752078119 ], [ 106.413384555644058, 11.03149575800381 ], [ 106.413386541437816, 11.031539785574953 ], [ 106.413383572866394, 11.031595759548575 ], [ 106.4133695611837, 11.031675809624588 ], [ 106.413357604156616, 11.031729813411319 ], [ 106.413334603402717, 11.031806807510149 ], [ 106.413310589256653, 11.031869790711283 ], [ 106.413298580501817, 11.031900738063639 ], [ 106.413296579278665, 11.031916746324708 ], [ 106.413301592768022, 11.031930749369513 ], [ 106.413311577564869, 11.031940763616303 ], [ 106.413367598749744, 11.031978796437466 ], [ 106.413423541958366, 11.032016739010896 ], [ 106.413525587404465, 11.032079806947804 ], [ 106.413692593848623, 11.032195806114835 ], [ 106.413709607291963, 11.03220878929406 ], [ 106.413723600749762, 11.032221779086871 ], [ 106.413738591781865, 11.032241726238698 ], [ 106.413809581238851, 11.032323761713705 ], [ 106.413827599574006, 11.032347771455857 ], [ 106.413833589670531, 11.032359783392319 ], [ 106.413829553991746, 11.03237778597382 ], [ 106.413810583275122, 11.032400793667282 ], [ 106.413801567754021, 11.032419798924085 ], [ 106.413799571018828, 11.032437795230644 ], [ 106.413809571077508, 11.03245377810727 ], [ 106.413886564139446, 11.032520787391737 ], [ 106.413935597067692, 11.03257375530273 ], [ 106.413956541604335, 11.032589804600692 ], [ 106.413988565536897, 11.032631776478606 ], [ 106.414064559558611, 11.03272374389716 ], [ 106.414090590464028, 11.03275280157459 ], [ 106.414103545345924, 11.032772754975356 ], [ 106.414159554179705, 11.032839809266212 ], [ 106.414208591679909, 11.032894766977995 ], [ 106.414272598570435, 11.032960811042036 ], [ 106.414311559642599, 11.032998790660809 ], [ 106.414358550213606, 11.033049771300808 ], [ 106.41440756858762, 11.033095776900209 ], [ 106.414445552613969, 11.03313674298229 ], [ 106.41445661084704, 11.033152813016228 ], [ 106.41447456095257, 11.033179808106988 ], [ 106.414484540752667, 11.033186747573133 ], [ 106.414527559166615, 11.033216761528392 ], [ 106.414576542945298, 11.03324775687199 ], [ 106.414655564168498, 11.033309789998327 ], [ 106.41474956673116, 11.033387794109693 ], [ 106.414764554337083, 11.033405752252163 ], [ 106.414805538327201, 11.03343776048907 ], [ 106.414875569609393, 11.033496738529131 ], [ 106.414924583664657, 11.033540755087024 ], [ 106.414960539838916, 11.03358579296405 ], [ 106.414990599706371, 11.033626776359252 ], [ 106.415011570388316, 11.033687760584369 ], [ 106.415015132954338, 11.033688106257134 ], [ 106.415021612757997, 11.033688733925761 ], [ 106.415039564684392, 11.033682727651561 ], [ 106.415049591393199, 11.033676737867749 ], [ 106.415063542676904, 11.03367173304385 ], [ 106.415080594193057, 11.03366780810812 ], [ 106.415106561624967, 11.033667751107444 ], [ 106.41515258887884, 11.033659784646447 ], [ 106.415170547509561, 11.033656760881817 ], [ 106.415176985341631, 11.033655003698735 ], [ 106.415181561968581, 11.033653752361246 ], [ 106.415240594256716, 11.033688795658017 ], [ 106.4152945367738, 11.033709742987437 ], [ 106.415236611214908, 11.033897756110548 ], [ 106.41521759780268, 11.033901774866106 ], [ 106.415196582352124, 11.033921803696984 ], [ 106.415167551284497, 11.033968792357562 ], [ 106.415137551677205, 11.034021752725819 ], [ 106.415115552012722, 11.034040787425598 ], [ 106.415141581720803, 11.0341017605312 ], [ 106.415159543140973, 11.034133730653355 ], [ 106.415167704974451, 11.03414125630702 ], [ 106.415172552551908, 11.034145725338551 ], [ 106.415303551585637, 11.033924733080264 ], [ 106.415312866285504, 11.033922395491579 ], [ 106.415315547096355, 11.033921722400175 ], [ 106.415637577399906, 11.033993800072912 ], [ 106.41570458258721, 11.03401580441569 ], [ 106.415863564742764, 11.03408778890727 ], [ 106.416033592088311, 11.034170777796342 ], [ 106.41609856029585, 11.034217199162606 ], [ 106.416103606361375, 11.034220804353915 ], [ 106.41613257345881, 11.034178789048102 ], [ 106.416172556333862, 11.034134757850286 ], [ 106.4162069360831, 11.034106742837851 ], [ 106.416210604619366, 11.034103753144235 ], [ 106.416251604130764, 11.034141728006103 ], [ 106.416278609281861, 11.034166804513886 ], [ 106.41629359294717, 11.034183768102695 ], [ 106.416296560936132, 11.034194792149011 ], [ 106.416302550561596, 11.03420572095119 ], [ 106.4163175900146, 11.034213732302392 ], [ 106.416343582964728, 11.034225792403754 ], [ 106.416364602170404, 11.034240755565888 ], [ 106.416386549083455, 11.03426575278074 ], [ 106.416404558781053, 11.034285784453893 ], [ 106.416422577039754, 11.03430880135015 ], [ 106.416426609475025, 11.0343227169854 ], [ 106.416423540611348, 11.03433474788295 ], [ 106.416413602199242, 11.034345802124458 ], [ 106.416409552088396, 11.034357745677164 ], [ 106.416409584588692, 11.034371759613714 ], [ 106.416418597081787, 11.034384759319709 ], [ 106.416438561956838, 11.034401715559623 ], [ 106.416471585452669, 11.034416740906522 ], [ 106.416499602814255, 11.034422736550461 ], [ 106.416536575778707, 11.034449780964801 ], [ 106.416572576466635, 11.034480714115391 ], [ 106.416613563035952, 11.03451371655879 ], [ 106.416620539734112, 11.034527714311425 ], [ 106.416615603803976, 11.034547797360132 ], [ 106.416620608328969, 11.034557732939851 ], [ 106.416649548939603, 11.034571774579081 ], [ 106.416679560923271, 11.034591779823439 ], [ 106.416717594797205, 11.034619725949927 ], [ 106.416762591629663, 11.034656786961845 ], [ 106.41677257020541, 11.03466273277466 ], [ 106.416796594184703, 11.034671721516874 ], [ 106.416834592599955, 11.034684747819469 ], [ 106.416863610103263, 11.034698788363555 ], [ 106.416910542648779, 11.034723731441961 ], [ 106.416925583064909, 11.03473174547039 ], [ 106.416945604669138, 11.034739748532491 ], [ 106.416971607988799, 11.034756780039709 ], [ 106.417003599225325, 11.034782747761392 ], [ 106.417034546635122, 11.034815773148313 ], [ 106.417051582094757, 11.034838790357519 ], [ 106.41707358765926, 11.03488973784301 ], [ 106.417085581273398, 11.034918733924325 ], [ 106.417087593143577, 11.034940791540803 ], [ 106.417076601100447, 11.034953745768579 ], [ 106.417090597075784, 11.034967728956588 ], [ 106.417109612385886, 11.034997794460477 ], [ 106.417116610238025, 11.035020746072519 ], [ 106.417123609120537, 11.035045776141416 ], [ 106.417124557965394, 11.03506476044836 ], [ 106.417119606151743, 11.035077791783891 ], [ 106.417136606237548, 11.035084716599789 ], [ 106.417154588486184, 11.035091727850771 ], [ 106.417161554422009, 11.035101749507445 ], [ 106.417164547143031, 11.035123714555647 ], [ 106.417163567765954, 11.035157712496089 ], [ 106.417157603119776, 11.035190726936824 ], [ 106.417187575927983, 11.035193734771235 ], [ 106.417216571353961, 11.035196746563345 ], [ 106.417216605987747, 11.035245751657522 ], [ 106.417215553665386, 11.035314740019313 ], [ 106.417222558978565, 11.035355588601174 ], [ 106.417222591427318, 11.035355773864273 ], [ 106.417306611363529, 11.035357759479059 ], [ 106.417608573560912, 11.035366767753302 ], [ 106.417610589472858, 11.035323725012759 ], [ 106.417621599473563, 11.035318728359483 ], [ 106.417639013015787, 11.03531947652578 ], [ 106.41764560647637, 11.035319760338485 ], [ 106.417757576891645, 11.035331719416879 ], [ 106.418100578497928, 11.035395791391663 ], [ 106.418106575943284, 11.035445777804719 ], [ 106.418123584386763, 11.035488779492022 ], [ 106.418125589389817, 11.035507761462309 ], [ 106.418126611099595, 11.035525752027278 ], [ 106.418124591477351, 11.035566714507709 ], [ 106.418123569260786, 11.035615722827078 ], [ 106.418121547552801, 11.035689778825493 ], [ 106.418120592976933, 11.035702710048023 ], [ 106.418121544744537, 11.035855781608522 ], [ 106.418122615145492, 11.03599574297462 ], [ 106.418123524097595, 11.036008382592369 ], [ 106.418123552406385, 11.036008760431542 ], [ 106.418462553930851, 11.036007741343189 ], [ 106.418656841095171, 11.036004865238153 ], [ 106.418663566401662, 11.036004765410725 ], [ 106.418696614433742, 11.036031726888856 ], [ 106.418756608183941, 11.036057724807323 ], [ 106.41899956519957, 11.036081781786008 ], [ 106.419359266052481, 11.036099420292626 ], [ 106.419366551561694, 11.036099778479535 ], [ 106.419513590339392, 11.036096740423909 ], [ 106.41954672574245, 11.036097590244479 ], [ 106.419552542856195, 11.036097739215815 ], [ 106.419587580185222, 11.036102725471386 ], [ 106.41961257097401, 11.036105744071179 ], [ 106.419681596299441, 11.036118701412626 ], [ 106.419784593994919, 11.036134748776744 ], [ 106.419844552927643, 11.036145738075106 ], [ 106.419861542982161, 11.036147779867825 ], [ 106.419903598246137, 11.036151755185767 ], [ 106.419961506307018, 11.036156688107198 ], [ 106.419962564439317, 11.036156777982193 ], [ 106.419984608291486, 11.036157725514311 ], [ 106.420065269147571, 11.036158623853879 ], [ 106.420072551285571, 11.036158705385535 ], [ 106.420073607080326, 11.036258703190722 ], [ 106.420084562517061, 11.036262747274129 ], [ 106.420105562183508, 11.036269754378937 ], [ 106.420116587033434, 11.036271718041416 ], [ 106.420099543606085, 11.036677723162262 ], [ 106.420084609299764, 11.036816724484904 ], [ 106.420087613313527, 11.036842757780649 ], [ 106.420115580256791, 11.036925697714715 ], [ 106.420189574540089, 11.037133760412557 ], [ 106.420244608824305, 11.037269714796862 ], [ 106.420289608331331, 11.037373774977063 ], [ 106.420331615813168, 11.037489775498591 ], [ 106.420369617521985, 11.037603705515542 ], [ 106.420384549318115, 11.037630706883125 ], [ 106.420412549953113, 11.037695743397119 ], [ 106.420434563296354, 11.037749764406444 ], [ 106.420453621992266, 11.037798726447766 ], [ 106.420495607232539, 11.037871780933376 ], [ 106.420570609476272, 11.03802369307598 ], [ 106.420577582368807, 11.038036698962429 ], [ 106.420648551726117, 11.038175782210473 ], [ 106.420667596947283, 11.038218776495448 ], [ 106.420744551976171, 11.03836770172969 ], [ 106.42075956072415, 11.038394703806988 ], [ 106.420766607332226, 11.038406713239137 ], [ 106.420769576452344, 11.038417737224357 ], [ 106.420771570372921, 11.038431747705166 ], [ 106.420855595396645, 11.03860172298466 ], [ 106.420949587321104, 11.038772762845525 ], [ 106.42103256016965, 11.038911728977215 ], [ 106.421114591065901, 11.039068689971808 ], [ 106.421177587322362, 11.039185729607661 ], [ 106.421179590303254, 11.039203717972178 ], [ 106.421232566724626, 11.039296727917668 ], [ 106.42127257241593, 11.03936273400236 ], [ 106.421295612151951, 11.03940273594965 ], [ 106.421301606309925, 11.039416738461236 ], [ 106.421326599139789, 11.039452758167837 ], [ 106.42133660210547, 11.039469733415071 ], [ 106.421190621146877, 11.039573763775065 ], [ 106.421046598402143, 11.039675711273429 ], [ 106.421027612031537, 11.039691757193552 ], [ 106.421046631455738, 11.039723720939564 ], [ 106.421070624955576, 11.039751698465466 ], [ 106.421109629286633, 11.039808753781122 ], [ 106.421160577770465, 11.039872745767029 ], [ 106.421220560119067, 11.039959772410288 ], [ 106.421252602633416, 11.040008708312058 ], [ 106.421299563816106, 11.040078765473687 ], [ 106.421343563071602, 11.040141779254737 ], [ 106.421394593485545, 11.040208753539179 ], [ 106.421435567130175, 11.040267703889096 ], [ 106.421493584345598, 11.040353742155336 ], [ 106.421544633118401, 11.040428763495829 ], [ 106.42157561327727, 11.040475710949904 ], [ 106.421598563632855, 11.040509748008626 ], [ 106.421614621900517, 11.040533762462537 ], [ 106.42162459120388, 11.040569725952187 ], [ 106.421625604120948, 11.040583738598169 ], [ 106.421660620677997, 11.040645776865169 ], [ 106.421746584901101, 11.040771716589543 ], [ 106.421798609440401, 11.040844745854926 ], [ 106.42186563692357, 11.040941704193894 ], [ 106.421905628078278, 11.041000747053321 ], [ 106.422187635807717, 11.041460699530408 ], [ 106.422135572208319, 11.041503762039245 ], [ 106.422041615586664, 11.041580734257279 ], [ 106.422000619275735, 11.041644749312965 ], [ 106.421622642335123, 11.041970722231859 ], [ 106.42180864418161, 11.042103762948649 ], [ 106.42196061539812, 11.042210750547932 ], [ 106.422008629409049, 11.042245724603324 ], [ 106.422194624600365, 11.042375690334524 ], [ 106.42220763014052, 11.042385697537949 ], [ 106.422352580877387, 11.042491705128525 ], [ 106.422728606168022, 11.042767722191217 ], [ 106.422553832780025, 11.043005345604632 ], [ 106.422347594496429, 11.043285747061701 ], [ 106.42240758097752, 11.043307764445007 ], [ 106.422443632601144, 11.04332775652451 ], [ 106.422531650643663, 11.043393746137657 ], [ 106.422696642464857, 11.043515711936029 ], [ 106.42286660669302, 11.04363368958192 ], [ 106.422573628972472, 11.04402674299855 ], [ 106.422200592310958, 11.044534713048357 ], [ 106.422451640244887, 11.044722762460028 ], [ 106.422772632076544, 11.044962736023743 ], [ 106.422909650894937, 11.045065687040227 ], [ 106.42334764866095, 11.045404766073872 ], [ 106.423124642002392, 11.04572877066831 ], [ 106.422949633120922, 11.045981689915882 ], [ 106.422753644872131, 11.046270732598874 ], [ 106.422606650051193, 11.046545201183795 ], [ 106.422587598000234, 11.046580775260777 ], [ 106.422961647659079, 11.046683739990234 ], [ 106.423264621800143, 11.046766701616297 ], [ 106.423576128934158, 11.046869531653572 ], [ 106.42398260173465, 11.047003710037579 ], [ 106.424300641944029, 11.047105712895872 ], [ 106.424303659958937, 11.047567730687836 ], [ 106.424311672256152, 11.047704693766864 ], [ 106.424315613766765, 11.047778733666405 ], [ 106.424298628481537, 11.047778682010103 ], [ 106.424252665108725, 11.04778176694464 ], [ 106.42413762045561, 11.047881752915265 ], [ 106.423916605198315, 11.048085771032046 ], [ 106.423832606710192, 11.048161726308541 ], [ 106.423739667982375, 11.048254700680767 ], [ 106.423577615807375, 11.048397736204699 ], [ 106.423448659908232, 11.048520717162246 ], [ 106.423306650846342, 11.048646709638509 ], [ 106.423131650917796, 11.048771693273068 ], [ 106.422743652698756, 11.049042717342564 ], [ 106.422662665204015, 11.04911369324657 ], [ 106.422568679676118, 11.049179724736831 ], [ 106.422462664914164, 11.049266758245857 ], [ 106.422444672726684, 11.049288770731481 ], [ 106.422342653692596, 11.049439720255894 ], [ 106.422315685159518, 11.049463739824597 ], [ 106.422194638563496, 11.049613737106231 ], [ 106.422005661911655, 11.049866778260755 ], [ 106.421988677409999, 11.049866724671661 ], [ 106.421973701275746, 11.049885749717316 ], [ 106.421607651852909, 11.050350751463592 ], [ 106.421596653183798, 11.050359728877089 ], [ 106.42158663286115, 11.05036870231045 ], [ 106.421574661860333, 11.050382742862002 ], [ 106.421563671957401, 11.050396782139506 ], [ 106.421425627417037, 11.05057376085737 ], [ 106.421235650115506, 11.050818755781496 ], [ 106.421041664880136, 11.051061771441233 ], [ 106.420940701648618, 11.051179716961103 ], [ 106.420846637227839, 11.051309761684273 ], [ 106.420673651784455, 11.051525786586208 ], [ 106.42057767380696, 11.051644714518984 ], [ 106.420477667794785, 11.051752713015114 ], [ 106.420341706753447, 11.051916755770984 ], [ 106.42031365501785, 11.051996745811493 ], [ 106.420330682121417, 11.052080794683958 ], [ 106.420362701735002, 11.052186781932635 ], [ 106.420404635837457, 11.052269782030809 ], [ 106.420431682192614, 11.052377766530448 ], [ 106.42045466673882, 11.052460719112094 ], [ 106.420518711034759, 11.052639779999382 ], [ 106.420562711729389, 11.052801707980416 ], [ 106.420625645678086, 11.053023720016027 ], [ 106.420626924401716, 11.05302822487111 ], [ 106.420676709085697, 11.053203713699157 ], [ 106.42070870319408, 11.053329773998572 ], [ 106.420745695079134, 11.053463778115772 ], [ 106.420759662510022, 11.053497742862614 ], [ 106.420780697544402, 11.053519756411665 ], [ 106.420802655384705, 11.053548731958706 ], [ 106.420812690702007, 11.053579722897847 ], [ 106.420817671161089, 11.053678715581666 ], [ 106.420815655756627, 11.05372176008024 ], [ 106.420802716085703, 11.053774770856741 ], [ 106.420829655263603, 11.053968744277238 ], [ 106.420838682477751, 11.054087710626131 ], [ 106.420844696448469, 11.054242759638083 ], [ 106.420856704374017, 11.054311720724174 ], [ 106.420890659040339, 11.054503779117232 ], [ 106.420925650296454, 11.05465379055712 ], [ 106.420946717070308, 11.054722731540018 ], [ 106.421004691155758, 11.054820702573139 ], [ 106.421058714556025, 11.054941740643743 ], [ 106.421137689773218, 11.055046718594403 ], [ 106.421223652662903, 11.055136762966562 ], [ 106.421293660031594, 11.055215720868167 ], [ 106.421320675778489, 11.055277776780947 ], [ 106.421301665664629, 11.055316787975164 ], [ 106.42128268041067, 11.055333738017575 ], [ 106.421260681498111, 11.055352775011078 ], [ 106.421242657495569, 11.055493772055284 ], [ 106.42121470303185, 11.055815713456568 ], [ 106.421182666426787, 11.056035767184319 ], [ 106.421173680188076, 11.056100704716965 ], [ 106.421145660710778, 11.056327709952471 ], [ 106.421122717897376, 11.056463746427761 ], [ 106.421073733134179, 11.056566748148342 ], [ 106.421023714077336, 11.056646786089342 ], [ 106.420973684400906, 11.056688760024068 ], [ 106.420949671131197, 11.056718740706241 ], [ 106.420953688944053, 11.056759780146411 ], [ 106.420970666851886, 11.056789761186305 ], [ 106.42105871296107, 11.056899781778347 ], [ 106.421147706136566, 11.057027793925217 ], [ 106.421158723661975, 11.057058781753108 ], [ 106.4211476973516, 11.057090723481274 ], [ 106.421093695890846, 11.057178726986123 ], [ 106.421042680501174, 11.057251714500895 ], [ 106.421008698152932, 11.057313724974362 ], [ 106.420989739398664, 11.057375791609507 ], [ 106.420982691369005, 11.057396783460476 ], [ 106.420976208071039, 11.057394046764882 ], [ 106.42096372426731, 11.057388778429669 ], [ 106.42090071788941, 11.057367762111722 ], [ 106.42090000910089, 11.057369598040575 ], [ 106.420895689052159, 11.057380793672777 ], [ 106.420883670756368, 11.057406768929658 ], [ 106.420788725033688, 11.057615749925077 ], [ 106.420601683400662, 11.058058749138709 ], [ 106.4205476820011, 11.058180749174676 ], [ 106.42052869379269, 11.05822871146899 ], [ 106.42056169846721, 11.058235782226902 ], [ 106.420621698330748, 11.058262773033899 ], [ 106.420653741597704, 11.058277711314945 ], [ 106.420690687083777, 11.058290740173026 ], [ 106.420799702584816, 11.058326754211967 ], [ 106.420983744662976, 11.058390720977254 ], [ 106.421140742049758, 11.058446791852624 ], [ 106.42118870584423, 11.058457716830329 ], [ 106.421363702024237, 11.058527761601693 ], [ 106.421374734511147, 11.058532709482925 ], [ 106.421391722747003, 11.058566758774914 ], [ 106.421431708438845, 11.058589726449581 ], [ 106.421587688399967, 11.058695708465084 ], [ 106.421676740053385, 11.058749760200348 ], [ 106.421710684411963, 11.058770750496894 ], [ 106.421815693483495, 11.058837788038879 ], [ 106.421906722681996, 11.058897710850266 ], [ 106.42209370735398, 11.059027765930493 ], [ 106.42214571746787, 11.059058752984793 ], [ 106.422261690574715, 11.059132728217183 ], [ 106.421949675030433, 11.05952672795023 ], [ 106.421848729642832, 11.059652720023989 ], [ 106.421801694583166, 11.059717743017471 ], [ 106.421917721749395, 11.059815769190777 ], [ 106.421616726196831, 11.06017674200713 ], [ 106.421084757653048, 11.060815715069589 ], [ 106.42108025815223, 11.060812013855868 ], [ 106.4209936947599, 11.060740781860991 ], [ 106.420978733369537, 11.060734757809058 ], [ 106.420976014816304, 11.060736238379691 ], [ 106.420967725688442, 11.060740749096938 ], [ 106.420881689073042, 11.060850796179388 ], [ 106.420874904885252, 11.060849801390939 ], [ 106.420867718769557, 11.060848746017651 ], [ 106.420866156638141, 11.060849228641034 ], [ 106.420854741548666, 11.060852752721168 ], [ 106.420842759518294, 11.06086173140274 ], [ 106.420793750477955, 11.060921786259293 ], [ 106.420764750721531, 11.060949789052783 ], [ 106.420736729830367, 11.060976795195918 ], [ 106.420721763901525, 11.061001781609988 ], [ 106.420706727880855, 11.061029754318596 ], [ 106.4206977384829, 11.061060785636625 ], [ 106.420687691355695, 11.061090737130778 ], [ 106.420872727872919, 11.061258770827775 ], [ 106.420882721663943, 11.0612717681432 ], [ 106.421124691721644, 11.061478734692692 ], [ 106.42124870192248, 11.061600791590475 ], [ 106.421538733459599, 11.061862714247795 ], [ 106.421568765606807, 11.061889772296931 ], [ 106.420183726410414, 11.06335875443237 ], [ 106.420209766202859, 11.063389800272628 ], [ 106.420279772712689, 11.063466768418335 ], [ 106.420386769902095, 11.063609750965639 ], [ 106.42049974739048, 11.063760765507988 ], [ 106.420579717420679, 11.063870715402146 ], [ 106.420761777729751, 11.064123744436106 ], [ 106.420958730814164, 11.064418785794997 ], [ 106.420983721608664, 11.064453722285062 ], [ 106.421072709519095, 11.064578749042024 ], [ 106.421077726342446, 11.064626748466832 ], [ 106.421071740730866, 11.064649727815155 ], [ 106.42105774945297, 11.064672724037413 ], [ 106.421012731843589, 11.064727796802368 ], [ 106.42076573519617, 11.065000767281186 ], [ 106.420746770803916, 11.065026758860672 ], [ 106.420728757043193, 11.065072729151055 ], [ 106.420726775788324, 11.065130781086687 ], [ 106.420745753820796, 11.065176760577145 ], [ 106.420814763484472, 11.065280766040182 ], [ 106.420912747000983, 11.065410747042696 ], [ 106.42109373544875, 11.06565672642682 ], [ 106.421159767743632, 11.065745730869088 ], [ 106.421199752016292, 11.065799801183909 ], [ 106.421229731031474, 11.065836715512429 ], [ 106.421260759226243, 11.065869737299664 ], [ 106.421399731074075, 11.065997729414885 ], [ 106.421537758219301, 11.066108723454233 ], [ 106.42160276407769, 11.066177746535718 ], [ 106.421678758143855, 11.066231735829803 ], [ 106.421728720376876, 11.066258750427753 ], [ 106.421794763585751, 11.066285727454376 ], [ 106.422453724594845, 11.066442761034896 ], [ 106.422685734514175, 11.066484740305418 ], [ 106.42277372076498, 11.066500728124851 ], [ 106.423358735085316, 11.0666067468339 ], [ 106.424270634758358, 11.066780379879166 ], [ 106.424277737502223, 11.066781731882642 ], [ 106.424339666643291, 11.066437270339524 ], [ 106.424339759725129, 11.066436750292681 ], [ 106.424552784741465, 11.066462764867046 ], [ 106.424875772653522, 11.066507703544771 ], [ 106.425104963345547, 11.066527471572847 ], [ 106.425107733460493, 11.066527711289673 ], [ 106.425558425630001, 11.066539598629722 ], [ 106.425562758715401, 11.066539712798491 ], [ 106.425728302180659, 11.066553344808394 ], [ 106.425732727365386, 11.066553709195514 ], [ 106.4257343345474, 11.066553705601024 ], [ 106.425741710558924, 11.066553688200321 ], [ 106.425614765134881, 11.067062740731766 ], [ 106.425461732817595, 11.067520766293615 ], [ 106.425405768321568, 11.067707688983335 ], [ 106.425251762102306, 11.068367705251431 ], [ 106.425233755951041, 11.06858175911905 ], [ 106.425222795346372, 11.068805741980183 ], [ 106.425331734493653, 11.069234700958081 ], [ 106.425439782045828, 11.06950570588072 ], [ 106.425632742005519, 11.069998762331382 ], [ 106.425819739721078, 11.070359735030092 ], [ 106.426004792342979, 11.070596750724535 ], [ 106.42631674905013, 11.071162687424179 ], [ 106.42677975897881, 11.072281716329128 ], [ 106.426854776517473, 11.07246771371695 ], [ 106.427108779883469, 11.073240739166277 ], [ 106.427139780290503, 11.073326744974857 ], [ 106.427136774290162, 11.073398722688545 ], [ 106.427231811472751, 11.073721744268044 ], [ 106.427277794997806, 11.073889724370247 ], [ 106.427303812776614, 11.073975740423872 ], [ 106.427347752934224, 11.0740097287997 ], [ 106.427370816363009, 11.074320705039565 ], [ 106.427393820429174, 11.074508718348671 ], [ 106.427394766229867, 11.074854736105506 ], [ 106.42729579132417, 11.075149712910864 ], [ 106.427179830485386, 11.075444726885356 ], [ 106.427056799639971, 11.075719774990437 ], [ 106.426835822077777, 11.076014754035857 ], [ 106.426721805382414, 11.076170704439885 ], [ 106.42666180829633, 11.076213696221586 ], [ 106.426624777628547, 11.076262694670945 ], [ 106.426607803857095, 11.076333708302904 ], [ 106.426415805965675, 11.077511709344325 ], [ 106.426328850279702, 11.078011720325998 ], [ 106.426321787845424, 11.078010107925996 ], [ 106.426017793735895, 11.077940717397674 ], [ 106.426017727135616, 11.077942007650458 ], [ 106.426013493251361, 11.078025052071725 ], [ 106.426009526508295, 11.078102859538198 ], [ 106.425987811344697, 11.078528756274244 ], [ 106.425979856659609, 11.078910778549945 ], [ 106.425991838893154, 11.079361743702798 ], [ 106.425996497817152, 11.079459448437941 ], [ 106.426000801883703, 11.079549697223078 ], [ 106.425990818332579, 11.079772774591477 ], [ 106.425968028233001, 11.079954524101876 ], [ 106.425910822358276, 11.080410745845104 ], [ 106.425864823917891, 11.080894750665866 ], [ 106.425841821710335, 11.081168760660814 ], [ 106.425845817700775, 11.081199764820475 ], [ 106.425849848818672, 11.081211781689255 ], [ 106.425856823981221, 11.081224784629491 ], [ 106.425866444600516, 11.081233902293485 ], [ 106.425877857623817, 11.081244720108506 ], [ 106.425963865111896, 11.0813177641017 ], [ 106.426051832096164, 11.081388724323887 ], [ 106.426157870673109, 11.081472754800348 ], [ 106.426196461920398, 11.081503150742906 ], [ 106.426289851743846, 11.081576707872951 ], [ 106.426508866736185, 11.081739776158274 ], [ 106.426515839399173, 11.081882708840192 ], [ 106.426514859386302, 11.08204771767392 ], [ 106.426512834966402, 11.082349710317949 ], [ 106.42648380879794, 11.082991725103755 ], [ 106.426477859731023, 11.083129711667819 ], [ 106.42651481495902, 11.083801777916952 ], [ 106.426520873002147, 11.083908725353528 ], [ 106.426528837711729, 11.084056716751796 ], [ 106.426533606208679, 11.084133051767553 ], [ 106.426536832474824, 11.084184727305578 ], [ 106.426545838147391, 11.084258757393105 ], [ 106.426554872173412, 11.084346711849108 ], [ 106.426602839847618, 11.084752748924958 ], [ 106.426560843076928, 11.084808719851221 ], [ 106.426486889021547, 11.084856716246803 ], [ 106.426466878891574, 11.084888766882557 ], [ 106.426463834624087, 11.084943747282567 ], [ 106.426463855885899, 11.085018700678253 ], [ 106.426462844504925, 11.0851377802597 ], [ 106.426443868869924, 11.085651743936292 ], [ 106.426451868796534, 11.08683273241313 ], [ 106.426469835453688, 11.08778377086052 ], [ 106.426385877992487, 11.087782782977143 ], [ 106.426345905418927, 11.088358729446114 ], [ 106.426315880455405, 11.088566751931364 ], [ 106.426347855308578, 11.088714779846654 ], [ 106.426373881158995, 11.088836783084583 ], [ 106.426357842910676, 11.089151736089644 ], [ 106.426258904748082, 11.089267778822682 ], [ 106.426218905327318, 11.089569766097114 ], [ 106.426181893971176, 11.089923734091997 ], [ 106.426125907217724, 11.090266715021016 ], [ 106.426040859863335, 11.090678747683356 ], [ 106.42600489687139, 11.090996727847299 ], [ 106.425964866800882, 11.091613721659991 ], [ 106.426211903400542, 11.09167971418495 ], [ 106.42656888348408, 11.091752781826713 ], [ 106.426862915606918, 11.091834761615479 ], [ 106.426896589154808, 11.09192791601561 ], [ 106.426896879331579, 11.091928718174742 ], [ 106.427665883057159, 11.091879702527107 ], [ 106.427988649864005, 11.091895422708062 ], [ 106.427995930340501, 11.091895777906322 ], [ 106.428458927291757, 11.091877738987414 ], [ 106.428771888526128, 11.091883724620654 ], [ 106.429217914937283, 11.091872775363468 ], [ 106.429582887636542, 11.09187574996176 ], [ 106.429621923460573, 11.091876745941777 ], [ 106.429656631980549, 11.091876725557739 ], [ 106.429675905237488, 11.091876714654207 ], [ 106.429725888408271, 11.091877687748459 ], [ 106.429796858913718, 11.09187770944639 ], [ 106.430286580717237, 11.091880702929776 ], [ 106.430293879697444, 11.091880747936186 ], [ 106.430283906609205, 11.09203762398765 ], [ 106.430283899531233, 11.092037729779284 ], [ 106.430829624360896, 11.092056484937777 ], [ 106.430836904595807, 11.092056734291896 ], [ 106.430839909069903, 11.092278697245401 ], [ 106.430839893641732, 11.092728694889503 ], [ 106.430836873992163, 11.093446687758432 ], [ 106.430839922438764, 11.093458706749347 ], [ 106.430844931060122, 11.093469726841118 ], [ 106.430859885345455, 11.093504684006341 ], [ 106.430818877496691, 11.093629731103546 ], [ 106.430810917763552, 11.093648734451534 ], [ 106.430813885631935, 11.093658763776869 ], [ 106.430828932451675, 11.093733684034225 ], [ 106.430872901403418, 11.094104740565761 ], [ 106.430911880352653, 11.094276712398218 ], [ 106.430947900412932, 11.094507731786763 ], [ 106.431035902835077, 11.0950477643258 ], [ 106.431037891137919, 11.095059695301014 ], [ 106.431050871548678, 11.095219699963321 ], [ 106.431061165483086, 11.09533349036435 ], [ 106.43106489676326, 11.095374729903542 ], [ 106.431083937852335, 11.095608682429454 ], [ 106.431165935613137, 11.095806688070677 ], [ 106.431206904571937, 11.09612069750564 ], [ 106.431249946358747, 11.096384702017966 ], [ 106.431297886657148, 11.096675731504662 ], [ 106.43130191048084, 11.096718760421764 ], [ 106.431375902352116, 11.097142729788525 ], [ 106.431397952430757, 11.097306694488635 ], [ 106.431480943955705, 11.097834712164735 ], [ 106.431491934683962, 11.097885681088297 ], [ 106.431526884747413, 11.098110735894233 ], [ 106.431549893908269, 11.098284398106554 ], [ 106.431549937707402, 11.098284733415547 ], [ 106.432261110163978, 11.098286732097016 ], [ 106.432262901523217, 11.098286737081555 ], [ 106.432277821716227, 11.098286704201939 ], [ 106.43228494862457, 11.098286688064274 ], [ 106.432594913456768, 11.099048728208004 ], [ 106.432698925104432, 11.099295686414115 ], [ 106.432913963509392, 11.09985269952028 ], [ 106.433082244878904, 11.100294951611856 ], [ 106.433082912592326, 11.100296705791093 ], [ 106.433101929919914, 11.100292684787355 ], [ 106.43315392896119, 11.10028370704641 ], [ 106.433166910483664, 11.100281689571343 ], [ 106.433255892673301, 11.100266747910661 ], [ 106.433475919527538, 11.100240754204844 ], [ 106.433638890466781, 11.100224741407157 ], [ 106.433833829761213, 11.100217929852501 ], [ 106.433840916815271, 11.100217682325356 ], [ 106.433941924564408, 11.100535714409959 ], [ 106.433965929072883, 11.100598679522253 ], [ 106.43403896034512, 11.100834676992374 ], [ 106.434089899942592, 11.100986729801276 ], [ 106.43414390825798, 11.101126751573471 ], [ 106.434187930556021, 11.101258748032864 ], [ 106.434233926518644, 11.101394717881927 ], [ 106.43424696011067, 11.101447671863472 ], [ 106.434277900935882, 11.101538741195911 ], [ 106.434325928545974, 11.101671722092606 ], [ 106.434330939769239, 11.101683736569806 ], [ 106.434377904158779, 11.101813737362029 ], [ 106.434419950038361, 11.101939680126355 ], [ 106.434427915247781, 11.101955664867493 ], [ 106.434477945349371, 11.102105731606649 ], [ 106.43452297008632, 11.102246675948422 ], [ 106.434594924195309, 11.102473727231244 ], [ 106.43467897699837, 11.102708704940838 ], [ 106.434701968382441, 11.102789664047855 ], [ 106.434743971013859, 11.102897706373662 ], [ 106.434798960849577, 11.103069731415701 ], [ 106.434857946477038, 11.103238673538772 ], [ 106.434923981313986, 11.10345271602206 ], [ 106.434989943034964, 11.103635747447486 ], [ 106.435015974063049, 11.103724747580415 ], [ 106.435111921250865, 11.10397669716974 ], [ 106.435196923843478, 11.104230750962779 ], [ 106.43521693436449, 11.104295713955098 ], [ 106.435220985275322, 11.104316679923881 ], [ 106.435246978687957, 11.104390670843012 ], [ 106.435271969470776, 11.104454718433921 ], [ 106.435305920502927, 11.104605725613242 ], [ 106.4353149560974, 11.104627675610798 ], [ 106.435328924438394, 11.104659740801507 ], [ 106.435384931959263, 11.104815670122758 ], [ 106.435400937931348, 11.104847731575385 ], [ 106.435464987990926, 11.105019735810014 ], [ 106.435488981147813, 11.105076733043882 ], [ 106.435546935575019, 11.105224701224518 ], [ 106.435673928163823, 11.105578749021337 ], [ 106.435792974865109, 11.105893665262643 ], [ 106.435847963973359, 11.106032688978832 ], [ 106.4359229482004, 11.106230707008466 ], [ 106.435992967338663, 11.106435701228758 ], [ 106.436011959337591, 11.106485746699269 ], [ 106.436061957281439, 11.106621707914067 ], [ 106.436122936108802, 11.106771749294072 ], [ 106.436159995889966, 11.106863704839965 ], [ 106.436299999223195, 11.107226674637907 ], [ 106.436315952703026, 11.107268680841702 ], [ 106.436375930309666, 11.107409681988463 ], [ 106.436458961658943, 11.10759366849755 ], [ 106.436607978100582, 11.107969727366617 ], [ 106.436648955660644, 11.108089705282278 ], [ 106.436714990974437, 11.108270746142225 ], [ 106.436818942152371, 11.108521682217585 ], [ 106.436882937908209, 11.108669724846026 ], [ 106.436976998381169, 11.108887683293352 ], [ 106.437103963127797, 11.109228709958039 ], [ 106.437112011660929, 11.109247678723509 ], [ 106.437235954566816, 11.109587718638725 ], [ 106.437292949837669, 11.109744729159994 ], [ 106.437397951351983, 11.109895663226533 ], [ 106.437272957454738, 11.109977683176265 ], [ 106.437132969719642, 11.110137676591787 ], [ 106.437212954470027, 11.110341742657814 ], [ 106.437355945313953, 11.110561666738922 ], [ 106.43742496628694, 11.110630676272814 ], [ 106.437415986421939, 11.111245699253844 ], [ 106.437397951668885, 11.111443659736459 ], [ 106.437458952181174, 11.111569739366061 ], [ 106.437512012093336, 11.111657682042326 ], [ 106.437613017246292, 11.111810705347315 ], [ 106.437681978583313, 11.112014705095909 ], [ 106.437802977182159, 11.112160720447815 ], [ 106.437863986763219, 11.112225678063886 ], [ 106.437929800844543, 11.112238494607892 ], [ 106.43793098957147, 11.112238726043 ], [ 106.438118739961453, 11.112242563096769 ], [ 106.438125952714628, 11.11224271024064 ], [ 106.438144971157044, 11.112303698231885 ], [ 106.438280013596184, 11.112352666273045 ], [ 106.438533964173573, 11.112557688249879 ], [ 106.438750955995289, 11.11284272276308 ], [ 106.438872960555983, 11.112967667047167 ], [ 106.439487000624368, 11.113624664298507 ], [ 106.439921979545531, 11.114071672785176 ], [ 106.440159960475384, 11.114323656093354 ], [ 106.440127985512419, 11.114404650247454 ], [ 106.440180967030571, 11.114458688393729 ], [ 106.440303034313985, 11.114576670587173 ], [ 106.440343833082181, 11.11462577334707 ], [ 106.440426003493727, 11.114724668236562 ], [ 106.44060825796285, 11.114762545158511 ], [ 106.440955135038053, 11.114834634305421 ], [ 106.440960012866981, 11.114835648310688 ], [ 106.441363872116497, 11.114725079584185 ], [ 106.441368987754274, 11.114723679190478 ], [ 106.441546219977795, 11.114867818786108 ], [ 106.441711987845537, 11.115002635715712 ], [ 106.441774761104583, 11.115045878241975 ], [ 106.441786027888838, 11.115053639024582 ], [ 106.441848986797353, 11.115112717562109 ], [ 106.441913021043774, 11.115178662675264 ], [ 106.44193457413995, 11.115203075221197 ], [ 106.441973964857013, 11.115247690499309 ], [ 106.442033026747112, 11.115318710669918 ], [ 106.442083973221372, 11.11537365719081 ], [ 106.442136999640255, 11.1154476746249 ], [ 106.442187991667126, 11.115522692100285 ], [ 106.442235970851868, 11.115600700805519 ], [ 106.442282968746184, 11.115678709046948 ], [ 106.442329964113299, 11.115755635122884 ], [ 106.4423769634964, 11.11583464052284 ], [ 106.442417023876033, 11.115916646191659 ], [ 106.442441011870244, 11.116002664005046 ], [ 106.442447981640242, 11.116076699673364 ], [ 106.4424559758844, 11.116168634312389 ], [ 106.442458004141713, 11.116259675003837 ], [ 106.442465001171584, 11.116345644223893 ], [ 106.442473973177286, 11.116435676271541 ], [ 106.442484982881609, 11.116525704531822 ], [ 106.442495011581599, 11.116616638206683 ], [ 106.442515004568932, 11.116705652221814 ], [ 106.44253197672974, 11.116794671380188 ], [ 106.442556042259355, 11.116881685271043 ], [ 106.442578976880128, 11.116969696230194 ], [ 106.442597986258903, 11.117057717127317 ], [ 106.442647982663885, 11.117158685167642 ], [ 106.442693023011913, 11.117238690375697 ], [ 106.442695263379832, 11.117242331298151 ], [ 106.44274100171495, 11.117316697160749 ], [ 106.44278000603974, 11.117398704283596 ], [ 106.442801043601492, 11.117482651307624 ], [ 106.442806588026897, 11.11755311467167 ], [ 106.44280797154228, 11.11757069910243 ], [ 106.442805999009266, 11.117662655764351 ], [ 106.442801004929166, 11.11775470979083 ], [ 106.442796993265134, 11.117845676680188 ], [ 106.442798039233594, 11.117936632825007 ], [ 106.44280701898181, 11.118030642698416 ], [ 106.442810985425396, 11.11811164562865 ], [ 106.442823977882114, 11.118209716343614 ], [ 106.442837995769054, 11.118294673088355 ], [ 106.442851005597504, 11.118368693007055 ], [ 106.442875990290119, 11.118460676168439 ], [ 106.442901052418776, 11.118553656327943 ], [ 106.442926035319601, 11.11864564129451 ], [ 106.442946046703497, 11.118742702264029 ], [ 106.442962017385625, 11.118822681254686 ], [ 106.442966005039153, 11.118912635240951 ], [ 106.442973014287048, 11.119003667139058 ], [ 106.443001030075763, 11.119100707850729 ], [ 106.443008671183719, 11.1191286610077 ], [ 106.443014524606127, 11.11915007830161 ], [ 106.443020985622297, 11.11917371728287 ], [ 106.443029558855187, 11.119191691067439 ], [ 106.443061051388824, 11.1192577117345 ], [ 106.443099995642015, 11.119346679293967 ], [ 106.443134983872014, 11.119422638380687 ], [ 106.443162021660001, 11.119489663767119 ], [ 106.443174353421483, 11.119511815593246 ], [ 106.443206003799219, 11.119568675020433 ], [ 106.443249006072236, 11.119648682087695 ], [ 106.443312044081068, 11.119740670596657 ], [ 106.443357003445854, 11.119818686005818 ], [ 106.443392994498225, 11.119903683356197 ], [ 106.443427021488361, 11.119987690761317 ], [ 106.443457049176345, 11.120073696317473 ], [ 106.443480055435387, 11.120159627653083 ], [ 106.443489024675046, 11.120248666066246 ], [ 106.443492031942299, 11.120339706257074 ], [ 106.44349602634027, 11.120431649136505 ], [ 106.443499032183567, 11.12052169666975 ], [ 106.443503023318854, 11.120612643279559 ], [ 106.443509050040873, 11.120702682037187 ], [ 106.443517036861863, 11.120791633208286 ], [ 106.443521437106313, 11.120831431597599 ], [ 106.443526944903553, 11.120881249857391 ], [ 106.44352699073373, 11.120881662003695 ], [ 106.443537997745011, 11.120970696613835 ], [ 106.443551045013194, 11.121059634303142 ], [ 106.443564016529223, 11.121148664379897 ], [ 106.443578049144449, 11.121239678230705 ], [ 106.443594039731082, 11.121328701341101 ], [ 106.443611993161781, 11.121416632336494 ], [ 106.443629041994171, 11.121505652097939 ], [ 106.443642011726624, 11.121594680362211 ], [ 106.443650005372874, 11.121685709038136 ], [ 106.443655052992057, 11.121776655006538 ], [ 106.443663041033474, 11.121865695662564 ], [ 106.443681071246672, 11.12195471315224 ], [ 106.44370905803811, 11.122039639394799 ], [ 106.443743009417801, 11.122123645099235 ], [ 106.443782015260396, 11.122206647381379 ], [ 106.443823055976296, 11.122287654218608 ], [ 106.443866056510132, 11.122366669399529 ], [ 106.443913056019142, 11.122444678164619 ], [ 106.443962015868635, 11.122521688833013 ], [ 106.444012031624126, 11.122597704395261 ], [ 106.444061062188737, 11.122673628199001 ], [ 106.444113036870235, 11.122747649380322 ], [ 106.444159057534208, 11.122826656632721 ], [ 106.444204022346113, 11.122906659877167 ], [ 106.444246044619277, 11.12298766437438 ], [ 106.444278032695152, 11.123071676339226 ], [ 106.444298021150431, 11.123158700313654 ], [ 106.444309032486956, 11.123248636202872 ], [ 106.444315059568027, 11.123338678526901 ], [ 106.444324033916942, 11.123429702182895 ], [ 106.444335044369836, 11.123519641686823 ], [ 106.444346050327283, 11.123607679055217 ], [ 106.444358044698149, 11.123698699349443 ], [ 106.444370033239068, 11.123787640315159 ], [ 106.444371203166696, 11.123795761506235 ], [ 106.444383008441406, 11.123877663874053 ], [ 106.444396056363459, 11.12396669279625 ], [ 106.444398501691254, 11.123986882968927 ], [ 106.444407068301743, 11.124057624043497 ], [ 106.444422078003356, 11.124146648431566 ], [ 106.44444305119849, 11.124234662768117 ], [ 106.444472020930661, 11.124319676133345 ], [ 106.444511029132926, 11.124402677370711 ], [ 106.444685080945462, 11.125010677553295 ], [ 106.444680076392302, 11.125097667918892 ], [ 106.444688070523753, 11.125188697425235 ], [ 106.444697042517916, 11.125278639797733 ], [ 106.444711060421923, 11.125427701518172 ], [ 106.444721019793619, 11.125518635168898 ], [ 106.444730064345364, 11.125608666871642 ], [ 106.444734054805338, 11.125698711157684 ], [ 106.444731019108815, 11.12578868037089 ], [ 106.444722021198558, 11.125878663362702 ], [ 106.444706074626367, 11.125967669753758 ], [ 106.444688091340453, 11.126058668880734 ], [ 106.444671090693106, 11.1261486703649 ], [ 106.444667040430602, 11.126224628072841 ], [ 106.444672056311234, 11.126333657073863 ], [ 106.444676039315723, 11.126421711536119 ], [ 106.444693090468704, 11.126510640761293 ], [ 106.444719048115132, 11.126599639806008 ], [ 106.444756023683098, 11.126684634609395 ], [ 106.444778091675516, 11.126756644484296 ], [ 106.444826062284335, 11.126830673821409 ], [ 106.444881057057998, 11.126904686910812 ], [ 106.444940042141027, 11.126973626213989 ], [ 106.445002045135368, 11.12704165536891 ], [ 106.4450650262376, 11.127108689588518 ], [ 106.445128076050594, 11.127172645307168 ], [ 106.445192038946331, 11.1272386827589 ], [ 106.445194466786006, 11.127241035838045 ], [ 106.445258034695939, 11.127302633440964 ], [ 106.445324023226945, 11.127364686499874 ], [ 106.445392047746253, 11.127423659217499 ], [ 106.445462035525864, 11.127483624554193 ], [ 106.445519048809174, 11.127530877161321 ], [ 106.445532092973238, 11.127541688471903 ], [ 106.445604034982139, 11.127597670478583 ], [ 106.445685098925537, 11.127647662744359 ], [ 106.445769089508943, 11.127690687848967 ], [ 106.445849090919793, 11.127737698222717 ], [ 106.445921026480065, 11.127791690324083 ], [ 106.445975027809993, 11.127859647372615 ], [ 106.446013041968612, 11.127937677408763 ], [ 106.446042082922091, 11.128020701456506 ], [ 106.446064039532331, 11.128109619204741 ], [ 106.446084040221237, 11.128200619915239 ], [ 106.446104040010937, 11.128291621529309 ], [ 106.446129094729727, 11.128380622499312 ], [ 106.446161086909598, 11.128466623092571 ], [ 106.446194059930974, 11.128551626942228 ], [ 106.446228084667467, 11.128634639417214 ], [ 106.446264075408379, 11.128718641798574 ], [ 106.446300061444092, 11.128800654347792 ], [ 106.446339071739317, 11.128883655254366 ], [ 106.446378076950865, 11.128965662603521 ], [ 106.446421083047383, 11.129046664399974 ], [ 106.446464084442553, 11.129125677266442 ], [ 106.446511083453373, 11.129202692831097 ], [ 106.446558080439658, 11.129279616177127 ], [ 106.446609077092134, 11.129354633524057 ], [ 106.446661054211333, 11.129429648587514 ], [ 106.44671408960636, 11.129504659378458 ], [ 106.446770062006323, 11.129576680853338 ], [ 106.446828067266878, 11.129646617359302 ], [ 106.44688803586476, 11.129715645238816 ], [ 106.446951084504377, 11.129778699163214 ], [ 106.447015042524797, 11.129842654119486 ], [ 106.447020921648843, 11.129848087446064 ], [ 106.447039508597527, 11.129865263969023 ], [ 106.447082090050472, 11.129904614769091 ], [ 106.447151094350104, 11.129963676965421 ], [ 106.447221081648237, 11.130022645553248 ], [ 106.447300072299399, 11.130089639366863 ], [ 106.447363042006714, 11.130150613134136 ], [ 106.447432361165511, 11.130208065300486 ], [ 106.447433100477795, 11.130208678345509 ], [ 106.447504070165806, 11.130267645483773 ], [ 106.447573073501729, 11.130326616264069 ], [ 106.447640105594459, 11.130381613738701 ], [ 106.447714067007311, 11.13042863847453 ], [ 106.447784052911828, 11.130487697325652 ], [ 106.447857048678088, 11.130541686432087 ], [ 106.44792808794233, 11.130598663461502 ], [ 106.448000107675455, 11.130655637290701 ], [ 106.448074081599216, 11.130708630504932 ], [ 106.448151064677475, 11.130756643473536 ], [ 106.448392050022193, 11.130865665476172 ], [ 106.448109095779913, 11.131332681445175 ], [ 106.447995117876658, 11.131508622274957 ], [ 106.447929094753988, 11.131560675015949 ], [ 106.447735062676529, 11.131952619813619 ], [ 106.447622547562304, 11.132180611996809 ], [ 106.447616103628363, 11.13219367164128 ], [ 106.447497070022635, 11.132434631388355 ], [ 106.44691109957337, 11.133571690477837 ], [ 106.446712131146967, 11.133952707948666 ], [ 106.44603011886376, 11.135318647720075 ], [ 106.445770033863582, 11.135826282485892 ], [ 106.445739091658041, 11.135886675766777 ], [ 106.446440118245164, 11.135943637784866 ], [ 106.44781914517516, 11.136090616680379 ], [ 106.449564130843228, 11.136220642015278 ], [ 106.450479108106165, 11.136288671671926 ], [ 106.450891134005957, 11.136431649309728 ], [ 106.451776082829127, 11.13698264995816 ], [ 106.452354107164894, 11.137417639111552 ], [ 106.452493943087731, 11.137546364628378 ], [ 106.453575101590005, 11.138541619571299 ], [ 106.453618509614785, 11.138588412283418 ], [ 106.454421134289362, 11.139453635514977 ], [ 106.455473128716591, 11.140254589479838 ], [ 106.4558891402028, 11.140700621380052 ], [ 106.456309134171391, 11.141481628347089 ], [ 106.456618115631173, 11.142758640499421 ], [ 106.45763712461131, 11.144932606620372 ], [ 106.457865221297951, 11.145499687486375 ], [ 106.457962123502682, 11.145740597221872 ], [ 106.45799795905684, 11.146052504676589 ], [ 106.458135144977263, 11.147246583482051 ], [ 106.458162042910558, 11.147380691135551 ], [ 106.458277162408521, 11.147954647615542 ], [ 106.45816417419077, 11.149131566396218 ], [ 106.458196151270556, 11.150612569641712 ], [ 106.458048168648872, 11.151902590656405 ], [ 106.457743186033767, 11.152909622626526 ], [ 106.457169172364274, 11.153305635514975 ], [ 106.456755153184702, 11.153411582449579 ], [ 106.456329209846743, 11.153396585019879 ], [ 106.456328987109842, 11.153396475249473 ], [ 106.45561921373141, 11.153050611949617 ], [ 106.454407157982232, 11.152125625946079 ], [ 106.453354184602176, 11.151531634024829 ], [ 106.452685207697613, 11.151440615571985 ], [ 106.452683447194687, 11.151441011153302 ], [ 106.452167153894976, 11.151556655866591 ], [ 106.451806220379964, 11.151976662596871 ], [ 106.4516670460646, 11.152333852491752 ], [ 106.451552166263625, 11.15262869319112 ], [ 106.45152165927226, 11.152895469826417 ], [ 106.451511741632416, 11.152982192195731 ], [ 106.45145519943091, 11.153476647135706 ], [ 106.451472861948744, 11.153666060232116 ], [ 106.451629207858957, 11.155342666904902 ], [ 106.451963231506554, 11.156827667116399 ], [ 106.45264097549169, 11.157970550508344 ], [ 106.452760211322698, 11.158171620010037 ], [ 106.453791261569606, 11.159310683906963 ], [ 106.455122208420249, 11.160047598136414 ], [ 106.455882186805681, 11.160239076805167 ], [ 106.455992114321788, 11.160266774049047 ], [ 106.456139593751786, 11.160303931432146 ], [ 106.456142230291462, 11.160304596030793 ], [ 106.456850239101371, 11.160257628501 ], [ 106.4573232095034, 11.160041597671098 ], [ 106.458009249349928, 11.159374618563893 ], [ 106.458638190128028, 11.158736616043379 ], [ 106.45921920730386, 11.158515624992011 ], [ 106.459665204477176, 11.158358605321464 ], [ 106.46023353137808, 11.15833684850198 ], [ 106.460239225485694, 11.158336630694746 ], [ 106.460781231479714, 11.158533624561706 ], [ 106.461792310710962, 11.159268481286599 ], [ 106.462640194315497, 11.159884726894401 ], [ 106.462692238921022, 11.159922552696184 ], [ 106.462791140980912, 11.159957019694081 ], [ 106.463070382220295, 11.160054333440195 ], [ 106.463308581616801, 11.160137344793124 ], [ 106.463312229488693, 11.160138615350396 ], [ 106.463453802192035, 11.160102891856898 ], [ 106.463843238553153, 11.160004623171904 ], [ 106.464183215574892, 11.159819549632678 ], [ 106.464322250730461, 11.159637983248667 ], [ 106.464680191598305, 11.159170546168239 ], [ 106.465805201100935, 11.157738593971928 ], [ 106.466289176432241, 11.157211588912345 ], [ 106.466793204531669, 11.156886520109017 ], [ 106.4682511706512, 11.156355554661632 ], [ 106.469843153315892, 11.155910516558599 ], [ 106.470946162073304, 11.1552485658154 ], [ 106.471263137526307, 11.154650528266631 ], [ 106.471330166441547, 11.154271531182253 ], [ 106.471159128103622, 11.153630543033756 ], [ 106.471096424442507, 11.15352038740961 ], [ 106.470489129357134, 11.152453514797603 ], [ 106.47016964051673, 11.151878602648754 ], [ 106.469641121460356, 11.150927549701636 ], [ 106.469017017219699, 11.150317472973915 ], [ 106.468707106186514, 11.150014528142155 ], [ 106.467978338876208, 11.149266139664361 ], [ 106.467817120248981, 11.149100579759608 ], [ 106.467342381502391, 11.14851201976473 ], [ 106.467304105107431, 11.148464566999881 ], [ 106.467295268856176, 11.148389589489815 ], [ 106.467286195133752, 11.148312597406855 ], [ 106.467235161753379, 11.147879570133767 ], [ 106.467498158737342, 11.147441517705641 ], [ 106.467780334976396, 11.147288719223429 ], [ 106.468558091311024, 11.146867564090595 ], [ 106.469925110034069, 11.145855535524454 ], [ 106.471597081063365, 11.143880489385054 ], [ 106.472276110481104, 11.143338541415712 ], [ 106.473042088553839, 11.143116538238772 ], [ 106.474218077926707, 11.143070484876063 ], [ 106.47535509577564, 11.142900474906641 ], [ 106.476401041584211, 11.142789539552613 ], [ 106.477812067671564, 11.142579525448616 ], [ 106.47837815935118, 11.14243142534964 ], [ 106.478764030490424, 11.14233047424753 ], [ 106.479446760113888, 11.142270612127245 ], [ 106.479448094595583, 11.142270494973728 ], [ 106.479623519521439, 11.142284515420057 ], [ 106.480199060809042, 11.14233051369324 ], [ 106.482413026022243, 11.142494465486333 ], [ 106.48265601603363, 11.142551466115828 ], [ 106.483423166675479, 11.142731555063779 ], [ 106.484053053026244, 11.142879421853882 ], [ 106.485670466940874, 11.143729591893363 ], [ 106.485963085950203, 11.143883402387194 ], [ 106.486719615308928, 11.144050286836721 ], [ 106.4874020413219, 11.14420082442226 ], [ 106.487867053339741, 11.144303402554106 ], [ 106.488134031677632, 11.144334363487692 ], [ 106.488393074119841, 11.144364403490471 ], [ 106.488708888539236, 11.144400898597667 ], [ 106.490032978592907, 11.144553910160987 ], [ 106.490037079344233, 11.144554383717194 ], [ 106.491454016048976, 11.144503418472722 ], [ 106.492360031567614, 11.144302360845185 ], [ 106.493266044060078, 11.144101387352491 ], [ 106.494906058996705, 11.143613427565876 ], [ 106.496512032189855, 11.14304435194774 ], [ 106.497858043697406, 11.142428357410679 ], [ 106.49938686651285, 11.141212636951549 ], [ 106.499801004438297, 11.14088331348874 ], [ 106.500361980020699, 11.140413389069503 ], [ 106.500838006268808, 11.140238333055541 ], [ 106.501454954407265, 11.140148652861079 ], [ 106.501456964950194, 11.140148361245295 ], [ 106.502318972332617, 11.140255331238889 ], [ 106.502434424613767, 11.140313155119124 ], [ 106.502875980720972, 11.140534306894381 ], [ 106.504304395051022, 11.141201557487086 ], [ 106.505005995609963, 11.141529294324563 ], [ 106.506091346082869, 11.141999890020395 ], [ 106.506149989444808, 11.142025316939462 ], [ 106.506602014782359, 11.142089275816289 ], [ 106.507045880651461, 11.142127754989447 ], [ 106.507052013887247, 11.142128285567246 ], [ 106.507507020392651, 11.1420603213387 ], [ 106.507634667405853, 11.141964573298106 ], [ 106.507842997847305, 11.141808306150102 ], [ 106.507975785798763, 11.141089115163265 ], [ 106.508112940097931, 11.140346269526207 ], [ 106.508294886107038, 11.13992943707839 ], [ 106.508495480747001, 11.139469884548891 ], [ 106.508593959978967, 11.139244269198544 ], [ 106.508873324252647, 11.138817630019958 ], [ 106.509287535461567, 11.13818505828932 ], [ 106.50936594388304, 11.13806531412253 ], [ 106.509523409288178, 11.137892065509858 ], [ 106.510293958037693, 11.13704427748133 ], [ 106.510675950847315, 11.136460423453762 ], [ 106.511548655170799, 11.135126544847084 ], [ 106.511699955139704, 11.13489529179321 ], [ 106.51252889911315, 11.132661242011434 ], [ 106.51300888702032, 11.131348305189677 ], [ 106.513403902049788, 11.130142271229884 ], [ 106.513504353943176, 11.129719532782795 ], [ 106.513725888013312, 11.128787240104179 ], [ 106.514318867656314, 11.127519218670221 ], [ 106.515237007976836, 11.126415302245166 ], [ 106.515306879189112, 11.126331294734117 ], [ 106.516835691644488, 11.124753283832961 ], [ 106.517361844606512, 11.124210199054817 ], [ 106.518711249467032, 11.123367574627535 ], [ 106.518964867574056, 11.123209204236504 ], [ 106.519837922792576, 11.122692025908135 ], [ 106.52134685528182, 11.121798169173456 ], [ 106.522566847530001, 11.121470184476555 ], [ 106.523956592526943, 11.121348187182521 ], [ 106.523956815835021, 11.121348167622829 ], [ 106.526161109335959, 11.121467666032931 ], [ 106.52616259617399, 11.121467747175675 ], [ 106.526169829852805, 11.121468138942037 ], [ 106.526192872129442, 11.121451736128009 ], [ 106.526664804671114, 11.121115784772449 ], [ 106.52678781312666, 11.12102821942098 ], [ 106.526960826309477, 11.120327159672028 ], [ 106.526944724919531, 11.11997554737304 ], [ 106.526910818381097, 11.11923518713318 ], [ 106.526859814438907, 11.117880202994735 ], [ 106.527281737304335, 11.116655189610347 ], [ 106.527650733540327, 11.115803175425672 ], [ 106.527793773379997, 11.114619203547653 ], [ 106.527475368408162, 11.112628506228013 ], [ 106.527290743496579, 11.111474210672176 ], [ 106.52669069783073, 11.106756182715278 ], [ 106.526375294915013, 11.106059058581565 ], [ 106.526155694302702, 11.105573683324968 ], [ 106.526019719188184, 11.105273143502382 ], [ 106.525292683920895, 11.104375131473743 ], [ 106.524157676876186, 11.103718212521098 ], [ 106.522711676375152, 11.103345173172221 ], [ 106.521117707439373, 11.103091218738486 ], [ 106.520936084624324, 11.103061388130595 ], [ 106.519126717081917, 11.102764220980202 ], [ 106.517350682605965, 11.10223621384386 ], [ 106.516685707607749, 11.101845240789535 ], [ 106.516528719716959, 11.101605230223827 ], [ 106.516372713341369, 11.101365218867169 ], [ 106.516192677046732, 11.100799235020633 ], [ 106.516582680310293, 11.099136258231786 ], [ 106.516744729649048, 11.098828259491892 ], [ 106.517437691073809, 11.097506185193257 ], [ 106.51797764970928, 11.096777250020812 ], [ 106.51798905799015, 11.096765873326074 ], [ 106.518691673547664, 11.096065232347135 ], [ 106.519568621035688, 11.094487175134349 ], [ 106.519692416819467, 11.094288496290286 ], [ 106.520631631059985, 11.092781159429027 ], [ 106.521353673048637, 11.091562164286074 ], [ 106.521972042005743, 11.090848190516022 ], [ 106.522181644182993, 11.090606183360318 ], [ 106.52289876845397, 11.090053153126677 ], [ 106.523151636909859, 11.089858147131499 ], [ 106.523800631108045, 11.089606126119811 ], [ 106.5244239646007, 11.089537776409427 ], [ 106.524429647031013, 11.089537153391255 ], [ 106.525322581005511, 11.090090179203502 ], [ 106.526221444705939, 11.090965002493002 ], [ 106.526371599514007, 11.091111142097571 ], [ 106.527283616108988, 11.091654166028055 ], [ 106.527481202205806, 11.091719162007871 ], [ 106.528517650372194, 11.09206010391379 ], [ 106.530154092703413, 11.092400624560616 ], [ 106.530156638691793, 11.092401154975656 ], [ 106.531597451563158, 11.092350787649844 ], [ 106.531617621435814, 11.092350082634288 ], [ 106.531624879215784, 11.092347760306611 ], [ 106.532024243585511, 11.092220009844901 ], [ 106.532589588741303, 11.09203916284166 ], [ 106.532798578555159, 11.091913806737198 ], [ 106.533003684298208, 11.091790779464537 ], [ 106.533471583171732, 11.091510124141207 ], [ 106.533911614167934, 11.090983135628964 ], [ 106.53412861047515, 11.090196067601273 ], [ 106.534121095140591, 11.090048523326761 ], [ 106.534107048612555, 11.089772719130986 ], [ 106.534079616395047, 11.08923410556597 ], [ 106.534063061305403, 11.089203219386617 ], [ 106.533474384240023, 11.088104922032665 ], [ 106.533051596951879, 11.087316125844453 ], [ 106.531708666092584, 11.085663477323074 ], [ 106.531696566602648, 11.085648587386844 ], [ 106.531490578850935, 11.085395092107348 ], [ 106.530653583690153, 11.084734002576146 ], [ 106.528692571345886, 11.083185119110688 ], [ 106.527908535290038, 11.082410126230279 ], [ 106.527179545013482, 11.081522155914408 ], [ 106.526051537314004, 11.079764166664051 ], [ 106.524879520263909, 11.077457109025472 ], [ 106.524161503386111, 11.075537119868217 ], [ 106.523889530207313, 11.074227181202545 ], [ 106.523857526280892, 11.073942189450261 ], [ 106.52382650633065, 11.073657194259566 ], [ 106.523927498082685, 11.073047185978259 ], [ 106.524045369491091, 11.072740583897486 ], [ 106.524887473733486, 11.070550120311417 ], [ 106.525211519829909, 11.069787103147744 ], [ 106.525632519725676, 11.069148155258045 ], [ 106.526408467106577, 11.068445093652659 ], [ 106.527263450230492, 11.067828173523258 ], [ 106.528674439875161, 11.066816157967477 ], [ 106.529708467296075, 11.06565212992931 ], [ 106.530715467386287, 11.063636109484417 ], [ 106.531676389925352, 11.061271119025044 ], [ 106.532949417876495, 11.059123124942239 ], [ 106.534312407119302, 11.057542058399386 ], [ 106.536624415846219, 11.056239070669266 ], [ 106.540051361617799, 11.054934060948957 ], [ 106.542877317572291, 11.053827059457346 ], [ 106.545063306649652, 11.052876050752474 ], [ 106.546254299784408, 11.052127007000996 ], [ 106.547354347670606, 11.050940962399004 ], [ 106.547746338791185, 11.049846019409298 ], [ 106.548158321142424, 11.048468027190481 ], [ 106.548575293550869, 11.04756903355325 ], [ 106.549045287383123, 11.04687694398606 ], [ 106.549809308955417, 11.046300983587342 ], [ 106.549878319140134, 11.046279011006519 ], [ 106.551125265114933, 11.04588594204159 ], [ 106.552990271514574, 11.045709940142636 ], [ 106.553382643644184, 11.045702752330747 ], [ 106.556264233750596, 11.045649970128776 ], [ 106.556777828346526, 11.045628372696333 ], [ 106.558775768116476, 11.04554435358007 ], [ 106.560998230245005, 11.045450891867965 ], [ 106.562260225180239, 11.045267949581042 ], [ 106.564602214582578, 11.044928933801852 ], [ 106.566365125878832, 11.045007568685689 ], [ 106.566372264113255, 11.045007888449433 ], [ 106.567569221742346, 11.045437918052231 ], [ 106.568094251727899, 11.045965865541318 ], [ 106.568416257207019, 11.046613888896642 ], [ 106.568520029294092, 11.047115940717717 ], [ 106.568612203878644, 11.047561880150642 ], [ 106.568741260886597, 11.049540849061728 ], [ 106.568910523133027, 11.050335217714915 ], [ 106.568998241947199, 11.050746893976878 ], [ 106.569505261080508, 11.051634912964941 ], [ 106.570075888378625, 11.052347883460168 ], [ 106.571108292074285, 11.053637819306589 ], [ 106.571672259813468, 11.05428888832669 ], [ 106.572008132896372, 11.054519957834762 ], [ 106.572060255875272, 11.054555816858487 ], [ 106.572644827377104, 11.054621117323215 ], [ 106.57265128331224, 11.054621838363735 ], [ 106.573216772974021, 11.054378299917452 ], [ 106.573236290661313, 11.054369894366697 ], [ 106.573577194654689, 11.054129305265745 ], [ 106.573956232965614, 11.053861802628932 ], [ 106.575027268229803, 11.052327834790983 ], [ 106.576456269795955, 11.050774802624611 ], [ 106.578321203556726, 11.049171841109739 ], [ 106.578551547090143, 11.048917807356423 ], [ 106.579265180474863, 11.048130776744866 ], [ 106.579464997675117, 11.047882211403143 ], [ 106.579617225583647, 11.047692846328637 ], [ 106.580203165425132, 11.046678798952325 ], [ 106.580310532864488, 11.046326706672547 ], [ 106.580492356552142, 11.045730437970127 ], [ 106.580568169506705, 11.045481819007744 ], [ 106.580770208555251, 11.043992802277648 ], [ 106.58101776453762, 11.042435355805944 ], [ 106.581148189843873, 11.041614817364719 ], [ 106.581469656688114, 11.040676825028529 ], [ 106.581647194868523, 11.040158797707186 ], [ 106.582187184566209, 11.039104821163557 ], [ 106.582548305073217, 11.038544617239488 ], [ 106.582764151607265, 11.038209777104271 ], [ 106.583593745676438, 11.037540305246058 ], [ 106.583679743802477, 11.037470905967337 ], [ 106.583738161184328, 11.037423764083162 ], [ 106.584889104275263, 11.03693381241097 ], [ 106.58490881408126, 11.036927213748816 ], [ 106.585269182057928, 11.036806555362469 ], [ 106.58648111999716, 11.036400776542813 ], [ 106.587150371432287, 11.036356003977724 ], [ 106.588600825654012, 11.036258967390618 ], [ 106.588604128648697, 11.036258746701735 ], [ 106.590021087148429, 11.036469730266738 ], [ 106.591033101592728, 11.036899726344684 ], [ 106.591533094404184, 11.03790471991887 ], [ 106.591854130268175, 11.040000762283587 ], [ 106.592173148041127, 11.041703696181388 ], [ 106.592801155302013, 11.043230732398234 ], [ 106.593296149733746, 11.043764919579244 ], [ 106.593554035517471, 11.044043224650322 ], [ 106.593647150171265, 11.044143711867383 ], [ 106.594005458766858, 11.044468923675565 ], [ 106.59445991127788, 11.044881397369467 ], [ 106.594892181714286, 11.045273738747797 ], [ 106.596177068844895, 11.04574767194439 ], [ 106.596177164121599, 11.045747706935424 ], [ 106.597439143283623, 11.045806742673509 ], [ 106.597806656212541, 11.045729948069976 ], [ 106.598942130522602, 11.045492686310654 ], [ 106.600097276544588, 11.04481527107529 ], [ 106.600221103889183, 11.044742653843901 ], [ 106.60032177525207, 11.044611299575987 ], [ 106.601802147791147, 11.04267970326414 ], [ 106.602478112020478, 11.041780450628297 ], [ 106.602989109060942, 11.041100659305149 ], [ 106.603294102152248, 11.040224701018683 ], [ 106.603292948325731, 11.040035866851944 ], [ 106.60329009305201, 11.039568680756698 ], [ 106.602731654542339, 11.038397164004246 ], [ 106.602708066040677, 11.038347677568193 ], [ 106.602483491499513, 11.038112639679815 ], [ 106.601462083004236, 11.037043640245527 ], [ 106.599548050738306, 11.034911668694775 ], [ 106.598652571352631, 11.033809963009109 ], [ 106.59834507061845, 11.033431646208921 ], [ 106.598052465342121, 11.033145612917684 ], [ 106.597500097792945, 11.032605651643705 ], [ 106.596350735309201, 11.031261704345221 ], [ 106.596238334749003, 11.031130273001901 ], [ 106.596142091578585, 11.031017736061592 ], [ 106.595561062896707, 11.029971659744154 ], [ 106.595199044493668, 11.028487736634373 ], [ 106.595187012052165, 11.026206381506995 ], [ 106.595186714373469, 11.026149900818474 ], [ 106.595184055221651, 11.02564566351586 ], [ 106.595241436867937, 11.025267494942971 ], [ 106.595569002189634, 11.023108703126999 ], [ 106.595813180536965, 11.022155319027043 ], [ 106.596219021713935, 11.020570730812166 ], [ 106.597503972783656, 11.01682669154904 ], [ 106.598291966316935, 11.015379699398753 ], [ 106.599305975830987, 11.014631683780191 ], [ 106.601116921847066, 11.014140643834429 ], [ 106.604871909399847, 11.013071634483598 ], [ 106.60833488366417, 11.011831621674103 ], [ 106.610340013839149, 11.011681530354831 ], [ 106.610494168010163, 11.011669991873323 ], [ 106.61150087658028, 11.011594635678055 ], [ 106.612999409912504, 11.011586424033217 ], [ 106.614243861538114, 11.011579605594273 ], [ 106.615498325585776, 11.011503067905874 ], [ 106.61588290560907, 11.01147960539469 ], [ 106.616211851409545, 11.011459534882468 ], [ 106.617123032413133, 11.01114421853149 ], [ 106.617491911926692, 11.011016567487843 ], [ 106.61872488461897, 11.009960555053286 ], [ 106.619449998594888, 11.009097438944751 ], [ 106.619670838818095, 11.008834569227595 ], [ 106.620050829716462, 11.008157559908609 ], [ 106.620267830574207, 11.007555129945949 ], [ 106.62093587815697, 11.005700519543808 ], [ 106.621234401000564, 11.004027210521155 ], [ 106.621297853123096, 11.003671540338823 ], [ 106.6210257902693, 11.001905490041521 ], [ 106.621010469701062, 11.001874185727015 ], [ 106.620943003278214, 11.001736334248331 ], [ 106.619638807366485, 10.99907152085434 ], [ 106.617888693024497, 10.995983326902653 ], [ 106.617650781678066, 10.995563516464934 ], [ 106.61729649685752, 10.995008670492018 ], [ 106.616675754212096, 10.994036525812517 ], [ 106.616416754878216, 10.993629594338257 ], [ 106.615986807338345, 10.992444522838685 ], [ 106.615811803346645, 10.990896529545159 ], [ 106.616113748723976, 10.989365535356233 ], [ 106.616596786613542, 10.988728561756723 ], [ 106.617079750353525, 10.988092582164795 ], [ 106.617704384282533, 10.987654053888777 ], [ 106.618710704593028, 10.986947561140806 ], [ 106.62074168574695, 10.985819561369071 ], [ 106.621949727442214, 10.984766506029946 ], [ 106.623709725569526, 10.982964517815734 ], [ 106.624598266177344, 10.981715767685468 ], [ 106.625056699448564, 10.981071489945418 ], [ 106.625317483316095, 10.980878827438092 ], [ 106.626656683316369, 10.979889449175145 ], [ 106.627923629757916, 10.97947849224577 ], [ 106.631255652509466, 10.978604436350476 ], [ 106.633952616576948, 10.977965453442813 ], [ 106.63487364703667, 10.977747416876618 ], [ 106.63690304234963, 10.977605748057565 ], [ 106.636907591389885, 10.977605430147443 ], [ 106.638169603587002, 10.977926419128275 ], [ 106.640034654794107, 10.979096414481599 ], [ 106.641385643756522, 10.979933447482541 ], [ 106.642342663802054, 10.980526388660847 ], [ 106.643302404689905, 10.980929950708633 ], [ 106.643672594760673, 10.981085612629778 ], [ 106.643983594604123, 10.981216385547095 ], [ 106.646015075716306, 10.981554655737497 ], [ 106.646019606988347, 10.981555410821183 ], [ 106.647345630807635, 10.981373392475378 ], [ 106.648389628245098, 10.980816361515499 ], [ 106.648927591849983, 10.979354357262336 ], [ 106.648940737257007, 10.979308226594142 ], [ 106.649925608713559, 10.975852303981902 ], [ 106.650187248466054, 10.974339305805549 ], [ 106.650311576416641, 10.973620350224975 ], [ 106.6501856423437, 10.972978293276755 ], [ 106.650037559131562, 10.972223308129216 ], [ 106.649385128565029, 10.970950497973272 ], [ 106.64932253228659, 10.970828381344045 ], [ 106.64887150474641, 10.969214328962769 ], [ 106.648724502837112, 10.966767321062601 ], [ 106.648752661266656, 10.966095965275493 ], [ 106.648783165689863, 10.965368636857873 ], [ 106.648826505043004, 10.964335312059504 ], [ 106.649380503874539, 10.961970317858405 ], [ 106.650107440902516, 10.960010023403557 ], [ 106.650293480941329, 10.959508337745072 ], [ 106.650994456848125, 10.957291366213104 ], [ 106.651664384768779, 10.954825926334268 ], [ 106.651807476396769, 10.954299324479617 ], [ 106.651920661247644, 10.953571331084957 ], [ 106.652049144289734, 10.952744944982392 ], [ 106.652245447037558, 10.951482341767351 ], [ 106.652364426854817, 10.949706306222176 ], [ 106.652282394148585, 10.948108342802058 ], [ 106.652264401576815, 10.947985533973398 ], [ 106.652237003046892, 10.947332748946527 ], [ 106.651908938975666, 10.944759735825958 ], [ 106.65132147612087, 10.942471871280077 ], [ 106.650314394475501, 10.938970932900022 ], [ 106.650070254546023, 10.937893280495551 ], [ 106.650053240802691, 10.937688579632265 ], [ 106.650047317264026, 10.935915332648305 ], [ 106.650423303090534, 10.933910339708381 ], [ 106.651472347311554, 10.931631314290952 ], [ 106.653228317684977, 10.92930526370337 ], [ 106.654768247562529, 10.927854305248664 ], [ 106.656567245215854, 10.92644425060128 ], [ 106.657223263020597, 10.925930303919552 ], [ 106.660077229859041, 10.924176249842795 ], [ 106.664797246494899, 10.921877201050192 ], [ 106.66790322144945, 10.920937203281902 ], [ 106.669852254949774, 10.920921255335367 ], [ 106.669858211692343, 10.920921205785382 ], [ 106.673396157672002, 10.922069168799647 ], [ 106.674606525894944, 10.922392583811622 ], [ 106.677359176517356, 10.923128101801918 ], [ 106.679227449683339, 10.923502575055434 ], [ 106.6793331065698, 10.92352375265553 ], [ 106.679335149593598, 10.923524162299325 ], [ 106.680758804234117, 10.923516613508042 ], [ 106.681414207464584, 10.923513137720354 ], [ 106.682736132413325, 10.922763129806476 ], [ 106.682806745016606, 10.922712315426462 ], [ 106.683838124703712, 10.921970116568792 ], [ 106.684439759960171, 10.921489241538566 ], [ 106.68488414158017, 10.921134057656076 ], [ 106.685728113279112, 10.919992117437612 ], [ 106.686460898942016, 10.918524466413876 ], [ 106.687172091120459, 10.917100064429386 ], [ 106.687833458079055, 10.91596067936214 ], [ 106.68824711138133, 10.915248047600953 ], [ 106.688634997354995, 10.914144899064503 ], [ 106.688958066606844, 10.913226089213401 ], [ 106.689626151721527, 10.911899571596653 ], [ 106.690018471813431, 10.91112060039541 ], [ 106.690205086604578, 10.910750065588626 ], [ 106.69049405914302, 10.910175069258335 ], [ 106.690973088600956, 10.908905042862662 ], [ 106.692743047612339, 10.90416704315178 ], [ 106.692854000860706, 10.903870063348776 ], [ 106.69304200762555, 10.903365082347017 ], [ 106.693106032984488, 10.90311607416302 ], [ 106.69374603807168, 10.900623012049456 ], [ 106.693908000335995, 10.899994069193012 ], [ 106.694340994611593, 10.898418047616518 ], [ 106.694467993855739, 10.897325044229316 ], [ 106.694525982188438, 10.896239029028978 ], [ 106.694358402220615, 10.895232771566743 ], [ 106.694337958285118, 10.895110015045521 ], [ 106.69407396671491, 10.894293060675272 ], [ 106.693865617640938, 10.893648223169196 ], [ 106.693809977383069, 10.893476014606549 ], [ 106.693782660623015, 10.893425420106842 ], [ 106.692106126036435, 10.890320169986852 ], [ 106.691901963085456, 10.88994202140502 ], [ 106.691784719143342, 10.889780319030727 ], [ 106.691482746866271, 10.8893638387283 ], [ 106.690356902381978, 10.887811072029056 ], [ 106.689723920071771, 10.886772016738 ], [ 106.689494109063929, 10.886189941756083 ], [ 106.689010909129877, 10.884966070113732 ], [ 106.688852947712803, 10.88379003260143 ], [ 106.688877557187595, 10.882677944004454 ], [ 106.688877930622908, 10.882661083723933 ], [ 106.688880957860334, 10.882650501003724 ], [ 106.689221042973529, 10.881461835728363 ], [ 106.689299935268693, 10.881186091335177 ], [ 106.689871142294351, 10.880271082311095 ], [ 106.690454879270817, 10.879336001817991 ], [ 106.691659848630024, 10.877685018518386 ], [ 106.692733869812926, 10.876378990001008 ], [ 106.695242813057718, 10.87329703515837 ], [ 106.696619834140833, 10.871605998028906 ], [ 106.696875786449553, 10.871291030875438 ], [ 106.697051963357865, 10.871074631801543 ], [ 106.697059823141643, 10.871064978835127 ], [ 106.697577816661479, 10.870428968926273 ], [ 106.698428449980455, 10.869683131035249 ], [ 106.699775757487146, 10.868501804443744 ], [ 106.699858792312241, 10.86842899918317 ], [ 106.70014172940148, 10.868254072439651 ], [ 106.701461807391439, 10.867437930758257 ], [ 106.702796812302168, 10.866955973316474 ], [ 106.708119786392388, 10.866699930794352 ], [ 106.710351792929302, 10.866568922706552 ], [ 106.712098747596045, 10.866277943858712 ], [ 106.713219765811758, 10.865883860270122 ], [ 106.713837733730401, 10.866560906448411 ], [ 106.713902739807978, 10.866624894263932 ], [ 106.713966765493225, 10.866688885137489 ], [ 106.714030717570751, 10.86675386974235 ], [ 106.714096774594424, 10.866815866276795 ], [ 106.714160731127137, 10.866881936561667 ], [ 106.714224753729695, 10.866944932960834 ], [ 106.714290742675004, 10.867009912920258 ], [ 106.714353710824781, 10.867072910787321 ], [ 106.714417735787208, 10.867136901551591 ], [ 106.714481765799562, 10.867201886704322 ], [ 106.714545717186439, 10.867266872087894 ], [ 106.714609747254315, 10.867331857208677 ], [ 106.714673770044186, 10.867394852592197 ], [ 106.714737723636347, 10.867459929227115 ], [ 106.714801749677903, 10.867523919892847 ], [ 106.714866765754095, 10.867590890695094 ], [ 106.714930715024082, 10.867654880665839 ], [ 106.714993763923559, 10.867719869675467 ], [ 106.715056736026227, 10.867784858910762 ], [ 106.715118739436832, 10.867852923929881 ], [ 106.715177721288043, 10.867919911792175 ], [ 106.715237768188075, 10.867989884075882 ], [ 106.715293741588894, 10.868059865522188 ], [ 106.715348740367091, 10.868131931066426 ], [ 106.715400735397125, 10.868207892406426 ], [ 106.715449718755394, 10.868285853842799 ], [ 106.715495768464535, 10.868365903725721 ], [ 106.715536759386808, 10.868445878185394 ], [ 106.715574743201955, 10.868527851828052 ], [ 106.715592743990172, 10.86861287059978 ], [ 106.715578786427201, 10.868705856536888 ], [ 106.715548736444347, 10.868791932091105 ], [ 106.715510749636579, 10.868872878770279 ], [ 106.715489370975476, 10.868913207274646 ], [ 106.71546778322346, 10.868953930586549 ], [ 106.715424743334594, 10.869034893131342 ], [ 106.715386759037244, 10.869116923708948 ], [ 106.715352781482608, 10.869200931441405 ], [ 106.71531578048797, 10.869283864750141 ], [ 106.715280749756303, 10.869368870204754 ], [ 106.715245788976219, 10.869452881017049 ], [ 106.715215736260603, 10.86953786992766 ], [ 106.715187723500833, 10.869623848657396 ], [ 106.715166729038344, 10.869710889261583 ], [ 106.715151777187273, 10.869799899727397 ], [ 106.715139767534652, 10.869888900952638 ], [ 106.71512979373658, 10.869977896687843 ], [ 106.715120724455431, 10.870066889582064 ], [ 106.715113775158301, 10.870157863753668 ], [ 106.715108784736572, 10.870247929563076 ], [ 106.715103795382191, 10.870338896674722 ], [ 106.715100770561037, 10.870429861232354 ], [ 106.715096762843473, 10.870520915662187 ], [ 106.715093731162483, 10.870610884012768 ], [ 106.715089803469567, 10.870702933514302 ], [ 106.715085792273825, 10.870792905844398 ], [ 106.71508177879025, 10.870881881953535 ], [ 106.715081768723977, 10.870972925634337 ], [ 106.715085758759756, 10.871063866349781 ], [ 106.715087785475745, 10.871154902728458 ], [ 106.715085736066101, 10.871244867991072 ], [ 106.715075766353337, 10.8713348581289 ], [ 106.715062775303736, 10.871423861527791 ], [ 106.715045782493661, 10.871511885786855 ], [ 106.715028791952008, 10.871600902649899 ], [ 106.715010750999042, 10.871690918135039 ], [ 106.714991796081463, 10.871778856344596 ], [ 106.714970805579028, 10.871866892252061 ], [ 106.714949743260945, 10.871955920995859 ], [ 106.71493275330657, 10.872044849259936 ], [ 106.71491877445682, 10.872131866917503 ], [ 106.714912740432425, 10.872225913676397 ], [ 106.714926756472792, 10.872314922657374 ], [ 106.714969781022617, 10.872392902818827 ], [ 106.715012749789821, 10.872442428279964 ], [ 106.715028766114941, 10.872460887741306 ], [ 106.715095741998397, 10.872526857806694 ], [ 106.715163754159562, 10.872586857177604 ], [ 106.715233803139697, 10.872646851036142 ], [ 106.715305807539167, 10.87270484808529 ], [ 106.715355059842508, 10.872737924127822 ], [ 106.715381788165402, 10.872755872588385 ], [ 106.715461806009046, 10.872795855367167 ], [ 106.71554678963804, 10.872830847707796 ], [ 106.715633803506108, 10.872864928720505 ], [ 106.715722751646027, 10.872889874856256 ], [ 106.715809926718791, 10.872905542277236 ], [ 106.715811745078298, 10.872905869239624 ], [ 106.715901746573564, 10.872906851926222 ], [ 106.715991795173451, 10.872898883759783 ], [ 106.71608279511068, 10.872881872399866 ], [ 106.716083370897479, 10.872881744930892 ], [ 106.71617378634177, 10.872861875975129 ], [ 106.716263739505749, 10.8728478511131 ], [ 106.716354765310157, 10.872838886253845 ], [ 106.716446777943659, 10.872831905294397 ], [ 106.716479186730481, 10.872829064174399 ], [ 106.716538787077411, 10.872823839497746 ], [ 106.716629808283869, 10.872812885734282 ], [ 106.716719764602885, 10.872799855150868 ], [ 106.716808791672406, 10.872778871208482 ], [ 106.716894769627601, 10.872748853950849 ], [ 106.716979758438001, 10.872715859238314 ], [ 106.717063763582658, 10.872681872276781 ], [ 106.717112415998358, 10.872661272071284 ], [ 106.717148742731524, 10.872645891581547 ], [ 106.717233806472962, 10.872612895663345 ], [ 106.717320763395008, 10.872581881696673 ], [ 106.717406736657168, 10.872549877289 ], [ 106.71749278718876, 10.872518867938416 ], [ 106.717578765901095, 10.87248885049824 ], [ 106.717666799535181, 10.872463890867982 ], [ 106.717755758300356, 10.872445891944324 ], [ 106.717766133217282, 10.872444390237673 ], [ 106.717845790340775, 10.872432859901407 ], [ 106.717936744136452, 10.872424887425019 ], [ 106.718027776133695, 10.872417910902612 ], [ 106.718119804594409, 10.872415902403954 ], [ 106.718211761271419, 10.872414891234873 ], [ 106.718303797052172, 10.872414870591733 ], [ 106.718393517584019, 10.872413874551752 ], [ 106.718394772365556, 10.872413860652706 ], [ 106.718485771346096, 10.872419903753075 ], [ 106.718577750464959, 10.872425850622594 ], [ 106.718668749448099, 10.872431893668113 ], [ 106.718758769995048, 10.872438842884343 ], [ 106.718850759047044, 10.872447866009498 ], [ 106.718934841974345, 10.872452528653421 ], [ 106.718941755731279, 10.872452911849694 ], [ 106.719032737460552, 10.872453891441866 ], [ 106.719124764984471, 10.872451882644649 ], [ 106.719216728981607, 10.872452860892034 ], [ 106.719308764750352, 10.872452840850835 ], [ 106.719401774531264, 10.872450828871939 ], [ 106.719493731467026, 10.872449905911317 ], [ 106.719585753468081, 10.872445909060911 ], [ 106.719677772868721, 10.872440825563233 ], [ 106.719768798356853, 10.872431858807483 ], [ 106.71985876106379, 10.872420906543265 ], [ 106.719947726055395, 10.872404895813581 ], [ 106.720034791533408, 10.872383825850706 ], [ 106.720120778918812, 10.872356884064084 ], [ 106.720205777739466, 10.872326869911712 ], [ 106.720290759555539, 10.872291883699628 ], [ 106.720373770544541, 10.872253830937616 ], [ 106.720455787581656, 10.872211890406957 ], [ 106.720537731618265, 10.872170857719389 ], [ 106.720619741889948, 10.872126839739924 ], [ 106.720700778429745, 10.872084905862678 ], [ 106.720782720086888, 10.872042876896431 ], [ 106.720864737630251, 10.872000847670321 ], [ 106.720943723235706, 10.87195484942867 ], [ 106.721019292882957, 10.871908026652676 ], [ 106.721022775082531, 10.871905869513077 ], [ 106.721101751906545, 10.871856889816238 ], [ 106.721179755614727, 10.871809901108898 ], [ 106.721260721295707, 10.871769864851016 ], [ 106.721343745159857, 10.871735878976667 ], [ 106.721429739266853, 10.871710833452642 ], [ 106.72151779066391, 10.871691841926358 ], [ 106.721608733476515, 10.871680886073841 ], [ 106.721699765678707, 10.87167381447018 ], [ 106.721793745004106, 10.871668816372507 ], [ 106.72188675124896, 10.871665811967889 ], [ 106.721978714313408, 10.87166687800406 ], [ 106.722069760588809, 10.871663877032129 ], [ 106.722161715994801, 10.871662861992531 ], [ 106.722252766877205, 10.871661850691551 ], [ 106.72234472963045, 10.87166282350544 ], [ 106.722436769985919, 10.8716648835775 ], [ 106.722528740105048, 10.871667848764266 ], [ 106.72261663319091, 10.871669753761632 ], [ 106.722619726562144, 10.871669820811322 ], [ 106.722711783027663, 10.871676853741736 ], [ 106.722802781455869, 10.871682802462706 ], [ 106.722893786629513, 10.871690832179818 ], [ 106.722951463642531, 10.871697895240937 ], [ 106.722983745130378, 10.87170184843654 ], [ 106.723001455172181, 10.871705191455854 ], [ 106.723073722063575, 10.871718832017113 ], [ 106.723161752241893, 10.871739890711734 ], [ 106.723175110755307, 10.871743829688867 ], [ 106.723249722346324, 10.871765831256075 ], [ 106.72333777280042, 10.871792854530389 ], [ 106.723424771552388, 10.871821872656792 ], [ 106.723481140324822, 10.871838683242276 ], [ 106.723507228728096, 10.871846464620658 ], [ 106.723511760348856, 10.87184781623089 ], [ 106.723522257119825, 10.871844144309847 ], [ 106.72352871505565, 10.871841885505551 ], [ 106.723532754634235, 10.871854802844616 ], [ 106.723609785592757, 10.872182837633838 ], [ 106.723612738149768, 10.872232825773661 ], [ 106.723620756650874, 10.872355848661265 ], [ 106.72358877746737, 10.872543822550156 ], [ 106.723523772419355, 10.872713819865771 ], [ 106.723445737163416, 10.872843806038636 ], [ 106.723352768161476, 10.872881800757348 ], [ 106.72325084473735, 10.872908077938112 ], [ 106.723216789841786, 10.872916858038261 ], [ 106.723119845083687, 10.872965871677373 ], [ 106.723061247777053, 10.872995497451249 ], [ 106.722947763972812, 10.873052874039972 ], [ 106.722775795810833, 10.873155852629674 ], [ 106.722699740095251, 10.873244876840259 ], [ 106.722623771635739, 10.873360842242198 ], [ 106.722466787762855, 10.873641882468828 ], [ 106.72243277738113, 10.873720895350573 ], [ 106.722386746342266, 10.873827838786783 ], [ 106.722287800258314, 10.873976877052627 ], [ 106.722100416106912, 10.874270855801464 ], [ 106.722078764104808, 10.874304824013509 ], [ 106.721894775193718, 10.874586852580782 ], [ 106.721780756331569, 10.874786840838329 ], [ 106.72175604252574, 10.874840691704115 ], [ 106.721696780950822, 10.874969823503948 ], [ 106.72165958714281, 10.875026434930062 ], [ 106.721627792149164, 10.875074829849732 ], [ 106.721595793505102, 10.875140837452651 ], [ 106.721591785890823, 10.87520784585789 ], [ 106.721593775785919, 10.875286857802665 ], [ 106.721601741848261, 10.875393878958597 ], [ 106.721602799893901, 10.875487901420577 ], [ 106.721584776919144, 10.875582890965672 ], [ 106.72155980771727, 10.875676815854028 ], [ 106.721511749111826, 10.875791878250366 ], [ 106.721491160396965, 10.8758415946456 ], [ 106.721378806707122, 10.876112893555524 ], [ 106.721340800434021, 10.876233892456156 ], [ 106.721307786869588, 10.876289870478685 ], [ 106.721274775787691, 10.876322883769314 ], [ 106.721264510878768, 10.876331843388886 ], [ 106.7212347549616, 10.876357818560855 ], [ 106.721184814179225, 10.876380850798091 ], [ 106.721114798531445, 10.876401865455774 ], [ 106.720996813017607, 10.876425836916621 ], [ 106.720822815992918, 10.876462821509058 ], [ 106.720544776131788, 10.876518850644254 ], [ 106.720487810813623, 10.876539824830246 ], [ 106.720394771723988, 10.876579818676335 ], [ 106.720366823547593, 10.876591831856468 ], [ 106.720267798216199, 10.876623877483508 ], [ 106.720158792825671, 10.87664890598926 ], [ 106.72005181932299, 10.87667184518647 ], [ 106.719933750325893, 10.876693826777727 ], [ 106.719874339178531, 10.876697232692271 ], [ 106.719706793699217, 10.876706838956261 ], [ 106.719633813996765, 10.87672090172196 ], [ 106.719580784138344, 10.876745841900011 ], [ 106.719539691655598, 10.876772733222742 ], [ 106.719531776895607, 10.876777912005849 ], [ 106.719373823348377, 10.876829853645461 ], [ 106.719297780715181, 10.876853871992678 ], [ 106.719235789494917, 10.876859854240648 ], [ 106.719231950380546, 10.876859134102663 ], [ 106.719190869574092, 10.876851429534119 ], [ 106.719171778337753, 10.876847850207859 ], [ 106.719082818332382, 10.876842886715245 ], [ 106.719082358262057, 10.876842880030756 ], [ 106.718942795170577, 10.876840886748388 ], [ 106.718822776487471, 10.876842894402307 ], [ 106.718819305915986, 10.876842443397482 ], [ 106.718714777942054, 10.876828859384943 ], [ 106.718586801376858, 10.876819861233662 ], [ 106.718584016158445, 10.876819789559816 ], [ 106.718507809168727, 10.876817847584949 ], [ 106.718419612455691, 10.87683486085195 ], [ 106.7183465559052, 10.876848953393981 ], [ 106.71831578288328, 10.876854888557244 ], [ 106.718292624224404, 10.876864014395466 ], [ 106.718216780574892, 10.876893897116698 ], [ 106.718144796932776, 10.876912838992814 ], [ 106.718072799821144, 10.876927892718633 ], [ 106.717982760965256, 10.876961900860834 ], [ 106.717883788820643, 10.877010854314229 ], [ 106.717707792223564, 10.87710588681429 ], [ 106.717617783504537, 10.877149838948711 ], [ 106.717481830346813, 10.877193844489598 ], [ 106.717438779783592, 10.87720184595552 ], [ 106.717399774908571, 10.877200883095426 ], [ 106.717398574178304, 10.877200647313092 ], [ 106.717333799610458, 10.877187892255716 ], [ 106.717251823963238, 10.877172870746318 ], [ 106.717177175412203, 10.877158459856085 ], [ 106.717163804624079, 10.877155879409143 ], [ 106.717158706696864, 10.87715591535151 ], [ 106.717138331447757, 10.877156058164283 ], [ 106.716882795740332, 10.877157849034599 ], [ 106.716879651795622, 10.877157433140312 ], [ 106.716814796459616, 10.877148841224182 ], [ 106.716669845532664, 10.877127085791191 ], [ 106.716601800307544, 10.877116873022104 ], [ 106.716596239058518, 10.87711674497813 ], [ 106.716473769943136, 10.877113930176018 ], [ 106.716404821342877, 10.877114871258467 ], [ 106.716193772758828, 10.877148896233026 ], [ 106.716150810871653, 10.877160874918008 ], [ 106.716135799827754, 10.877184882215646 ], [ 106.716129780529272, 10.877212928400853 ], [ 106.716123643765712, 10.877226649896642 ], [ 106.716116822307725, 10.877241900431509 ], [ 106.716098780879221, 10.877261847374481 ], [ 106.716069776098379, 10.877273872546322 ], [ 106.716007005807413, 10.877281110477396 ], [ 106.71596578125704, 10.877285863287092 ], [ 106.715958161331713, 10.877286056304923 ], [ 106.71584780411871, 10.877288855984172 ], [ 106.71571815621715, 10.87728521730188 ], [ 106.71570581149895, 10.877284871007639 ], [ 106.715662836768573, 10.877292872895019 ], [ 106.715602102441295, 10.877316043978873 ], [ 106.715489838088004, 10.877358873997562 ], [ 106.715354834793075, 10.877439854480333 ], [ 106.715299136147962, 10.87746043051758 ], [ 106.715278806517205, 10.877467939904289 ], [ 106.715274144944615, 10.87746658316131 ], [ 106.715252975611165, 10.877460419208138 ], [ 106.715247771164186, 10.87745890415988 ], [ 106.715153827201945, 10.877428913916036 ], [ 106.715062809533947, 10.877393939637532 ], [ 106.714277407761116, 10.87704640530078 ], [ 106.714088775300624, 10.876962937390891 ], [ 106.714081549626243, 10.876962576769063 ], [ 106.714079656080159, 10.876962483271008 ], [ 106.714047804211333, 10.876960896356055 ], [ 106.714038820846113, 10.877005857858755 ], [ 106.714008773898342, 10.877092928636559 ], [ 106.713988405165438, 10.877145777270277 ], [ 106.713934780317061, 10.877284920253077 ], [ 106.713912832096199, 10.877356865794592 ], [ 106.713900773149092, 10.877407895675727 ], [ 106.713861788483015, 10.877600862222552 ], [ 106.713853336808668, 10.877640519988251 ], [ 106.713835776575905, 10.87772290943361 ], [ 106.713820824157082, 10.877788865592915 ], [ 106.71380083160831, 10.877858905650085 ], [ 106.71379416969414, 10.877857239660186 ], [ 106.713793928040943, 10.877857178945366 ], [ 106.712880778878173, 10.877628892261368 ], [ 106.712789779593521, 10.877599886466767 ], [ 106.712788821739494, 10.877601517606339 ], [ 106.712786194694971, 10.877605992595829 ], [ 106.712587797882932, 10.877943898269409 ], [ 106.712850791927565, 10.878181937098773 ], [ 106.713234811796156, 10.878613891232275 ], [ 106.713455801535147, 10.878879909470831 ], [ 106.713428852472177, 10.878897895385965 ], [ 106.713415250904802, 10.878920589132944 ], [ 106.713407841956169, 10.878932950414395 ], [ 106.71343036839346, 10.87894529642557 ], [ 106.713477702686987, 10.87897123877317 ], [ 106.713792812816692, 10.879143934338842 ], [ 106.714129817919272, 10.879311943984749 ], [ 106.714509258793115, 10.879487015010961 ], [ 106.714751843707717, 10.879598942330233 ], [ 106.714953225947966, 10.879682676061444 ], [ 106.715381787362531, 10.879860871328003 ], [ 106.715822834047231, 10.88003090137212 ], [ 106.715829816033505, 10.880043898162402 ], [ 106.716048799361758, 10.880130908867846 ], [ 106.716306824523471, 10.880229910366428 ], [ 106.71657980176316, 10.880333927058638 ], [ 106.716863821321851, 10.880445864972499 ], [ 106.717036801965534, 10.880514846332154 ], [ 106.717339827136556, 10.880624914976236 ], [ 106.717543795289501, 10.880710885220063 ], [ 106.717711837389189, 10.880768851827275 ], [ 106.717869788497566, 10.880831913545881 ], [ 106.71790851716915, 10.880840103887115 ], [ 106.717949809455959, 10.880848838495153 ], [ 106.717674808902103, 10.881310888605343 ], [ 106.717298858187377, 10.88195688051092 ], [ 106.717259542174872, 10.882021852225597 ], [ 106.717125812124721, 10.882242850942516 ], [ 106.717074794603093, 10.882330890235592 ], [ 106.717021861227238, 10.882478878201123 ], [ 106.7169508054874, 10.882645909406945 ], [ 106.716882861196709, 10.882841862051713 ], [ 106.716812670516561, 10.883153567558061 ], [ 106.716783521536613, 10.883283016943487 ], [ 106.716776799225258, 10.883312873383636 ], [ 106.716735860295529, 10.88355484942652 ], [ 106.716687809436522, 10.884000904350671 ], [ 106.716675011164071, 10.884177142056537 ], [ 106.716673868331867, 10.884192888204668 ], [ 106.716667939554171, 10.884235404707606 ], [ 106.716645847094952, 10.884393870688434 ], [ 106.71663385056624, 10.884463886603823 ], [ 106.716624861028279, 10.884576926960737 ], [ 106.716594847023671, 10.884650887795454 ], [ 106.716572844568219, 10.884705925830156 ], [ 106.716570868630626, 10.884771931608155 ], [ 106.716590853776523, 10.884839857059951 ], [ 106.716613635573907, 10.884896904707576 ], [ 106.716620821322365, 10.884914894610704 ], [ 106.716656821751783, 10.88498991134761 ], [ 106.716697822250154, 10.885117894039448 ], [ 106.716717840522719, 10.885219903516267 ], [ 106.716724656657391, 10.885250622231412 ], [ 106.716739812899618, 10.885318924483398 ], [ 106.716766837924524, 10.885370915237029 ], [ 106.716796831006292, 10.885407889055889 ], [ 106.716859886200965, 10.885449912512499 ], [ 106.716920583994124, 10.88548954321762 ], [ 106.716957866270477, 10.885513886635707 ], [ 106.717047877752435, 10.885563869959565 ], [ 106.71708185067709, 10.885617919831233 ], [ 106.717094859612629, 10.88567492861462 ], [ 106.717094849802322, 10.885741922605506 ], [ 106.717087823581721, 10.885808846497046 ], [ 106.717086853762012, 10.885815557356525 ], [ 106.717076828067263, 10.885884917080579 ], [ 106.717079867707497, 10.885938882717992 ], [ 106.717098887541766, 10.885987914498616 ], [ 106.717147839043776, 10.886054845494765 ], [ 106.717197156981399, 10.886115145268564 ], [ 106.717237819412304, 10.886164862775212 ], [ 106.717304862912584, 10.886250903675183 ], [ 106.717354830574038, 10.886328859524395 ], [ 106.717384825052278, 10.886388887494359 ], [ 106.717397860661777, 10.886430888592486 ], [ 106.717395862477971, 10.886512895516843 ], [ 106.717390849225652, 10.886595907267942 ], [ 106.717388833800356, 10.886672854465671 ], [ 106.717400885035858, 10.886806895679729 ], [ 106.717409861453675, 10.886899899716926 ], [ 106.717417843637079, 10.886988927406847 ], [ 106.717414862276939, 10.887093905774307 ], [ 106.717406884220978, 10.88719292976956 ], [ 106.717401883495285, 10.887256864019147 ], [ 106.717404723310977, 10.887274673230479 ], [ 106.71741289450425, 10.887325902489966 ], [ 106.717434885170576, 10.887406931569579 ], [ 106.71747189644222, 10.887490896541182 ], [ 106.71750129938475, 10.887547265082448 ], [ 106.717519871812044, 10.887582873584897 ], [ 106.717547841541958, 10.887669849402242 ], [ 106.717549167021176, 10.887679533566397 ], [ 106.717550537444652, 10.887689540322659 ], [ 106.71755386750705, 10.887713861423292 ], [ 106.717549863144356, 10.887758898586831 ], [ 106.717542891340855, 10.887795897553598 ], [ 106.717527829720225, 10.887827860441828 ], [ 106.717501839900493, 10.887862930539995 ], [ 106.717461866493053, 10.887889909484132 ], [ 106.717401838827215, 10.887920928420922 ], [ 106.717343838120655, 10.887948867300697 ], [ 106.717289847914685, 10.887956903357306 ], [ 106.717194888327057, 10.887963892425901 ], [ 106.717081838666232, 10.887975912381789 ], [ 106.71701684833215, 10.887988865654991 ], [ 106.716956874049927, 10.888012922510415 ], [ 106.716949911026802, 10.888012406564064 ], [ 106.716915898250377, 10.888009887582713 ], [ 106.716873844499858, 10.887999892406825 ], [ 106.716823839032259, 10.887980884827336 ], [ 106.716729883493528, 10.887924854305471 ], [ 106.716670883220019, 10.887876851585615 ], [ 106.716591857864756, 10.88784193158393 ], [ 106.716532853465196, 10.887815897355594 ], [ 106.716464900175581, 10.887798933276834 ], [ 106.716379845724944, 10.887789890700141 ], [ 106.71637701975466, 10.887789977345962 ], [ 106.71631489602693, 10.887791901477806 ], [ 106.716208849707812, 10.88779992138034 ], [ 106.716068885042233, 10.887793851361012 ], [ 106.715851881476894, 10.887784860633676 ], [ 106.715851014007015, 10.887784740417997 ], [ 106.715757837990225, 10.887771867599849 ], [ 106.715679860813864, 10.887757919955998 ], [ 106.71560186503757, 10.887737912725106 ], [ 106.715558856611722, 10.887712913685883 ], [ 106.715537261261872, 10.887695403936881 ], [ 106.715484880008304, 10.887652932612355 ], [ 106.715410872780936, 10.887559862786752 ], [ 106.715348855189802, 10.887464943569197 ], [ 106.715290897280255, 10.887388911847177 ], [ 106.715262877931622, 10.887355908448599 ], [ 106.715204890791455, 10.887317938626138 ], [ 106.715066855920455, 10.88723194062443 ], [ 106.714946853569728, 10.88714687936289 ], [ 106.71479584895269, 10.887015896533802 ], [ 106.714686871582742, 10.886933877766444 ], [ 106.714551850838561, 10.886799860387423 ], [ 106.714523888895812, 10.886784940688553 ], [ 106.714495958228838, 10.886780878135268 ], [ 106.714495886855545, 10.886780868415412 ], [ 106.714493371668453, 10.886781176454559 ], [ 106.714470851087356, 10.886783931264731 ], [ 106.714379896314654, 10.886839910912236 ], [ 106.71429587853288, 10.88689487250922 ], [ 106.714150898342496, 10.886994869413188 ], [ 106.714050857268944, 10.887063895371067 ], [ 106.713987904392965, 10.887123946322925 ], [ 106.713940851200746, 10.887177887688939 ], [ 106.713893872131294, 10.887254885778193 ], [ 106.713842842381965, 10.887409917801868 ], [ 106.713821881653601, 10.887460884337775 ], [ 106.713814896599644, 10.887493906527203 ], [ 106.713814835804129, 10.887521934871694 ], [ 106.71382987972234, 10.887554887866045 ], [ 106.713886865303408, 10.887609948839959 ], [ 106.71397184078242, 10.887688881039276 ], [ 106.714211878881642, 10.887869942779734 ], [ 106.71441787176154, 10.887997949685465 ], [ 106.714479865059147, 10.888037896801377 ], [ 106.714498894435266, 10.888066947240098 ], [ 106.714507898663484, 10.888098925662229 ], [ 106.714507894353716, 10.888120894196092 ], [ 106.714494902490316, 10.888162887758673 ], [ 106.714451907332474, 10.888211934756582 ], [ 106.714360880336173, 10.888268906363249 ], [ 106.714263853108136, 10.888336929428476 ], [ 106.714150860361954, 10.88841395150318 ], [ 106.71404487043425, 10.888462927907334 ], [ 106.713931847365984, 10.888506949758835 ], [ 106.713830905491918, 10.888530955741894 ], [ 106.713739913487345, 10.888551944470473 ], [ 106.713652893520234, 10.888587930097094 ], [ 106.713572863453621, 10.888662951817285 ], [ 106.713425876813872, 10.888796948523947 ], [ 106.713357851706718, 10.888874914851764 ], [ 106.713325858468338, 10.888919949491065 ], [ 106.713301880171585, 10.88897092547727 ], [ 106.713280861810489, 10.889097928166647 ], [ 106.713259900902685, 10.889171949832148 ], [ 106.713208890320544, 10.889238924103701 ], [ 106.713136918886647, 10.889309941849039 ], [ 106.713092872116263, 10.889383944674641 ], [ 106.71307989294273, 10.889476926544841 ], [ 106.713096020337375, 10.889549595076963 ], [ 106.713096861185932, 10.889553383886264 ], [ 106.713103854326548, 10.889584891347472 ], [ 106.713129885175334, 10.889679921296549 ], [ 106.713134876697197, 10.889777911054134 ], [ 106.713096541789028, 10.889884621380611 ], [ 106.71317088556421, 10.889948944762441 ], [ 106.71319788581819, 10.889969925402664 ], [ 106.713557895050457, 10.890436941096468 ], [ 106.713957892934587, 10.890951928831623 ], [ 106.714314920265153, 10.891405931323471 ], [ 106.714761885495548, 10.891956933486513 ], [ 106.71494027293538, 10.892187285350651 ], [ 106.715118862723216, 10.892417898613171 ], [ 106.71541886413344, 10.89280391155771 ], [ 106.715624924958888, 10.893091941571178 ], [ 106.715749882801646, 10.893285931559314 ], [ 106.715964920418756, 10.893643913831461 ], [ 106.716207882152574, 10.894027934901743 ], [ 106.716341882858089, 10.894264929971468 ], [ 106.7163465260668, 10.894271567996075 ], [ 106.716364921524018, 10.894297856679781 ], [ 106.717600568880101, 10.896371042783473 ], [ 106.717602883650528, 10.896374926362801 ], [ 106.718950881114779, 10.895425882633992 ], [ 106.720543918839795, 10.894315850412502 ], [ 106.722392050481872, 10.89317521573164 ], [ 106.726217188696822, 10.890814406675297 ], [ 106.726402827875276, 10.890699834137283 ], [ 106.726856859225464, 10.890472815462575 ], [ 106.726999829578162, 10.890404823085975 ], [ 106.727098857799731, 10.890372865387437 ], [ 106.727190842347611, 10.890332792163443 ], [ 106.72733386900056, 10.89025883206793 ], [ 106.727411960826956, 10.890209768329363 ], [ 106.727536433594096, 10.890131563252988 ], [ 106.727540837743774, 10.890128795593139 ], [ 106.727572863300566, 10.890163864195884 ], [ 106.727588828294842, 10.890177824629669 ], [ 106.727603814227095, 10.890192787117702 ], [ 106.727853828644555, 10.890445860823291 ], [ 106.727908826386624, 10.890491794721267 ], [ 106.727937882866286, 10.890517830798808 ], [ 106.728022842211274, 10.890590793180833 ], [ 106.728110826693324, 10.890665824217017 ], [ 106.728123839606965, 10.890676811690222 ], [ 106.728153858555487, 10.890697871696343 ], [ 106.728173831247275, 10.890714806176057 ], [ 106.72818782374803, 10.890725791426476 ], [ 106.728225857466754, 10.890751797941501 ], [ 106.728263821778128, 10.890779796214401 ], [ 106.728292862577433, 10.890801851931366 ], [ 106.728329846403412, 10.890829852417866 ], [ 106.728451496405242, 10.890916039074879 ], [ 106.728456884271012, 10.890919856714234 ], [ 106.728634860646011, 10.890597791046174 ], [ 106.728809818637743, 10.890252859775213 ], [ 106.728871806647007, 10.890129795711692 ], [ 106.728959865660741, 10.889972833822645 ], [ 106.728993864767531, 10.889895786552961 ], [ 106.7290188078412, 10.889840827915997 ], [ 106.729107855685214, 10.889640828186145 ], [ 106.729175791202451, 10.889530859617985 ], [ 106.729236758266083, 10.889432173671153 ], [ 106.729238810853786, 10.889428852102538 ], [ 106.729242033302171, 10.889431138010842 ], [ 106.72933182180256, 10.88949482390745 ], [ 106.729554808611567, 10.889649800272386 ], [ 106.729831850675495, 10.889792848023756 ], [ 106.729999801208876, 10.88986680766719 ], [ 106.730219822314865, 10.889944853316692 ], [ 106.730624802247149, 10.890060821287721 ], [ 106.730822817806114, 10.890122840869783 ], [ 106.730960812851691, 10.890171853662022 ], [ 106.731536281869452, 10.890366591422616 ], [ 106.731542820621172, 10.890368805220477 ], [ 106.731548923581187, 10.89035385682681 ], [ 106.731551044097856, 10.890348661912777 ], [ 106.731551801753781, 10.890346807166436 ], [ 106.731577859225155, 10.890355763917265 ], [ 106.731612828943398, 10.890367766695052 ], [ 106.73189787168333, 10.890465763388532 ], [ 106.732429078594151, 10.890632710676394 ], [ 106.732432421423084, 10.890633762185276 ], [ 106.732435807281576, 10.890634826212482 ], [ 106.732619824930126, 10.890062844890259 ], [ 106.732620760542787, 10.890055291581179 ], [ 106.732632658915151, 10.889959251864266 ], [ 106.732647826584369, 10.889836820782712 ], [ 106.73164283515689, 10.887941708089208 ], [ 106.731589845674605, 10.887841784405365 ], [ 106.73158259211759, 10.887799469071364 ], [ 106.73155384924992, 10.887631787981263 ], [ 106.731456761564871, 10.887343900126568 ], [ 106.731402780547256, 10.887183835582483 ], [ 106.731404811754885, 10.886881770331955 ], [ 106.731543169400211, 10.886520162879053 ], [ 106.731544839858003, 10.886515794769464 ], [ 106.731543293985695, 10.88650988656531 ], [ 106.731488840317354, 10.886301792417537 ], [ 106.73139852702198, 10.886127620306249 ], [ 106.731305793997151, 10.88594878395571 ], [ 106.733450799944066, 10.885500807306801 ], [ 106.734175764849226, 10.885330773637076 ], [ 106.735699827104781, 10.884959812751552 ], [ 106.735742784571215, 10.884946744699405 ], [ 106.735785815895241, 10.884932774200388 ], [ 106.73648380840568, 10.884682809651984 ], [ 106.736576818527439, 10.884633778125151 ], [ 106.736590819341458, 10.884624783403266 ], [ 106.736640752961733, 10.884598765439264 ], [ 106.736655929141818, 10.884591460150345 ], [ 106.736679314008938, 10.884579675309848 ], [ 106.736705750307252, 10.884565737245973 ], [ 106.73665175303239, 10.884479750376428 ], [ 106.736601769331017, 10.884398813058857 ], [ 106.735799814659416, 10.883040811074913 ], [ 106.735258784733318, 10.882109788274615 ], [ 106.735100794568922, 10.881828759645082 ], [ 106.734196773699168, 10.880514746987314 ], [ 106.734232789454609, 10.880500798334216 ], [ 106.734257232118139, 10.88049006076586 ], [ 106.734339759759337, 10.880453802932175 ], [ 106.73435777819212, 10.880449768413378 ], [ 106.734412737923549, 10.880438743150112 ], [ 106.734472778487813, 10.880431383629269 ], [ 106.734518765210694, 10.880425746105063 ], [ 106.734562795405068, 10.880417830408447 ], [ 106.734604780203938, 10.880406755413107 ], [ 106.73466175715258, 10.880389755347158 ], [ 106.734685785469637, 10.880378739735589 ], [ 106.734712960808196, 10.880366000021548 ], [ 106.734813761969136, 10.880318750333879 ], [ 106.734858747998771, 10.88030278310789 ], [ 106.734881733901588, 10.880295747576628 ], [ 106.734904803457169, 10.880290791004025 ], [ 106.735010786990827, 10.880264775252417 ], [ 106.735107800169303, 10.880240776169876 ], [ 106.735123776648663, 10.880235752841816 ], [ 106.735193753127874, 10.880225764077791 ], [ 106.735245730799193, 10.880225777190724 ], [ 106.735275286042864, 10.880223932182229 ], [ 106.735277787004264, 10.880223775898667 ], [ 106.735313560023187, 10.880227843966848 ], [ 106.735437626474138, 10.880241953390163 ], [ 106.735444798829491, 10.880242769293805 ], [ 106.735448748182264, 10.880227748205639 ], [ 106.735495785682275, 10.880147764810145 ], [ 106.735499478786707, 10.880141605672742 ], [ 106.735534726988931, 10.880082815808526 ], [ 106.735546203970401, 10.880069571349974 ], [ 106.735560729688544, 10.880052806825292 ], [ 106.735637797196759, 10.879973811833977 ], [ 106.735729382176046, 10.879885858467416 ], [ 106.735813771665747, 10.879804813136856 ], [ 106.735831742145237, 10.879786763788376 ], [ 106.735902775433487, 10.879730753641443 ], [ 106.735937836334401, 10.879702670924882 ], [ 106.736088702583857, 10.879581832603469 ], [ 106.736089005439013, 10.879581590259622 ], [ 106.736093738907456, 10.87957779899938 ], [ 106.736456503042845, 10.880172136376968 ], [ 106.736456613387176, 10.880172315920852 ], [ 106.736458723802883, 10.880175774218742 ], [ 106.736672783431203, 10.880048784179451 ], [ 106.736735733194863, 10.880012780298008 ], [ 106.736966724190594, 10.879872806481389 ], [ 106.738119782346914, 10.879171765029515 ], [ 106.738137025334879, 10.879157823018385 ], [ 106.738140774407839, 10.879154792458815 ], [ 106.738203027393411, 10.8792150180708 ], [ 106.738356769853283, 10.879363757495225 ], [ 106.73848685490465, 10.879486628759377 ], [ 106.738843742307409, 10.879823730014182 ], [ 106.738905591920854, 10.879893295194949 ], [ 106.73894778311633, 10.879940749181401 ], [ 106.73912078141035, 10.880173720674438 ], [ 106.739353767736404, 10.880501789678497 ], [ 106.739475786708852, 10.880694784368403 ], [ 106.739500287384828, 10.880737737247117 ], [ 106.739560772342728, 10.880843776282722 ], [ 106.739618733763209, 10.880964737813393 ], [ 106.739635779991048, 10.881009798450933 ], [ 106.739656423971795, 10.88102647690607 ], [ 106.739656733941374, 10.881026728126011 ], [ 106.739707734502915, 10.881027737129466 ], [ 106.739775767999575, 10.881000758171776 ], [ 106.739840826449054, 10.880932827141885 ], [ 106.739888765529827, 10.880882771164726 ], [ 106.739942741425978, 10.880847789086618 ], [ 106.740012729814467, 10.880818720936421 ], [ 106.74007412350494, 10.88078493262099 ], [ 106.740237635135927, 10.880694943451335 ], [ 106.740239769626825, 10.880693767680697 ], [ 106.740272076086839, 10.880703581387163 ], [ 106.740295728913622, 10.880710765209612 ], [ 106.740383983607799, 10.880763864194403 ], [ 106.740644729294715, 10.880920744868096 ], [ 106.740794760419845, 10.881005789205165 ], [ 106.740930781502428, 10.881097749163562 ], [ 106.74095696595073, 10.881117919011981 ], [ 106.741082728548704, 10.881214790952063 ], [ 106.741171462882406, 10.881338219272543 ], [ 106.741177314065851, 10.88134635817544 ], [ 106.741179738889926, 10.881349731347241 ], [ 106.741205272599984, 10.881334053819799 ], [ 106.741376766621116, 10.881228759592016 ], [ 106.741532729772501, 10.881122747027829 ], [ 106.741709726896346, 10.881012780108792 ], [ 106.741771769779106, 10.880976778159875 ], [ 106.742071748200971, 10.880802764174289 ], [ 106.742228740975008, 10.880711757253616 ], [ 106.742368744622738, 10.880638705485401 ], [ 106.742521753479124, 10.880552773764304 ], [ 106.742739755275764, 10.88043272692342 ], [ 106.742839746884641, 10.880373727898682 ], [ 106.742894724886298, 10.880345702976905 ], [ 106.742941729837284, 10.880324756920043 ], [ 106.74297171826754, 10.880313722314941 ], [ 106.742987724997192, 10.880313741964473 ], [ 106.742991710903439, 10.880313747153755 ], [ 106.743025747660681, 10.880317706023192 ], [ 106.743053723630027, 10.880336691967754 ], [ 106.743106759437822, 10.880405773949064 ], [ 106.743349719357241, 10.880782719649316 ], [ 106.743395782194483, 10.880864753281651 ], [ 106.743426739034263, 10.880917723941765 ], [ 106.743445779511831, 10.880949756503155 ], [ 106.743458740843749, 10.880961999157849 ], [ 106.743463715451369, 10.880966696570148 ], [ 106.743487741494476, 10.880977739054249 ], [ 106.743509714856742, 10.880983725721546 ], [ 106.743525615470929, 10.880985109834805 ], [ 106.743538720212612, 10.880986250776125 ], [ 106.743543748395552, 10.880986689221496 ], [ 106.743587727295065, 10.880985734192056 ], [ 106.743623764714329, 10.880978745277776 ], [ 106.743664768070872, 10.8809677626423 ], [ 106.743707715573834, 10.880951713060121 ], [ 106.743711551007152, 10.880949363779848 ], [ 106.743738734948863, 10.880932717039251 ], [ 106.743774760169686, 10.880899689942876 ], [ 106.743813755992221, 10.880851737963598 ], [ 106.743854731569229, 10.880809745134622 ], [ 106.743861033639405, 10.880804335929735 ], [ 106.743896706450727, 10.880773716436996 ], [ 106.743923734646998, 10.880756723046323 ], [ 106.743947766796765, 10.880746701134838 ], [ 106.743970466625356, 10.880746698159021 ], [ 106.743976735391627, 10.880746695944376 ], [ 106.744023719454589, 10.880764717146686 ], [ 106.744098714319108, 10.880812752990986 ], [ 106.744273761061919, 10.88093369595741 ], [ 106.744496749981508, 10.881088750016119 ], [ 106.744717749691802, 10.881235763744625 ], [ 106.744902706494088, 10.881365716104131 ], [ 106.744926747640179, 10.88138073696642 ], [ 106.744886726486101, 10.881437735209472 ], [ 106.745039165307915, 10.881572690771428 ], [ 106.745043726180057, 10.881576727760795 ], [ 106.745409378855896, 10.88108687994484 ], [ 106.745411748148584, 10.881083704612951 ], [ 106.745424841291296, 10.881093199464253 ], [ 106.745425504156685, 10.881093680960262 ], [ 106.745429746294263, 10.881096757111276 ], [ 106.745673773542606, 10.880771757200039 ], [ 106.745670110664207, 10.880768497467688 ], [ 106.745618191943365, 10.880722300985678 ], [ 106.74556474221707, 10.880674739883128 ], [ 106.745454331500426, 10.880601907445973 ], [ 106.745420713507727, 10.880579732601131 ], [ 106.744683698339728, 10.880067688916931 ], [ 106.744684992007279, 10.880066156045128 ], [ 106.744737727221093, 10.880003685353975 ], [ 106.74475876367633, 10.879976765392854 ], [ 106.744759750884924, 10.87997548934848 ], [ 106.744772734938877, 10.879958729426315 ], [ 106.744824733554807, 10.879896720346437 ], [ 106.744835713304028, 10.87988673975857 ], [ 106.744860726468303, 10.879853750040477 ], [ 106.744880769507873, 10.879823758753515 ], [ 106.744923749247761, 10.879771724799719 ], [ 106.744981749362637, 10.879699752142349 ], [ 106.744995331659496, 10.879682749807339 ], [ 106.744997752644622, 10.879679718953007 ], [ 106.745002518832919, 10.879683071849136 ], [ 106.745007733308199, 10.87968673879195 ], [ 106.745014712634756, 10.879675686350256 ], [ 106.74504272141084, 10.879636719543255 ], [ 106.745145105254338, 10.879510012580685 ], [ 106.745147756803036, 10.879506731471402 ], [ 106.745159642321227, 10.879516148894462 ], [ 106.745167211417836, 10.87952214597299 ], [ 106.745171735085904, 10.879525730175109 ], [ 106.745311741276112, 10.879363714452914 ], [ 106.745395759651032, 10.879265707790928 ], [ 106.745463703616082, 10.879189726084295 ], [ 106.745482731917079, 10.879171761385955 ], [ 106.745504741445387, 10.879143754320548 ], [ 106.745562729629086, 10.879067712663252 ], [ 106.745728702740919, 10.878887711392077 ], [ 106.745770707739993, 10.878837759723728 ], [ 106.745835705083536, 10.878759705569703 ], [ 106.74585568855251, 10.878734687382343 ], [ 106.745955755591353, 10.878608693742526 ], [ 106.746031746925098, 10.878524728738196 ], [ 106.746184728808643, 10.878362761001126 ], [ 106.746210754250342, 10.878339710207991 ], [ 106.746251978732147, 10.878302091709402 ], [ 106.746324699202688, 10.878235731995796 ], [ 106.746408874045443, 10.878180623470524 ], [ 106.746434754195903, 10.878163680621439 ], [ 106.746572724768171, 10.878024724176347 ], [ 106.746603711791636, 10.877996687912571 ], [ 106.74662868955491, 10.877975722422963 ], [ 106.746691752888637, 10.877906715394627 ], [ 106.746884712482881, 10.877697695899577 ], [ 106.746962074252778, 10.877610682453328 ], [ 106.746964682106608, 10.877607749516606 ], [ 106.74697396622399, 10.877614343959191 ], [ 106.746978746253802, 10.877617738365489 ], [ 106.747113697460819, 10.877455738370861 ], [ 106.747173327457205, 10.877383796240316 ], [ 106.747174650160474, 10.877382200888903 ], [ 106.747176738973081, 10.877379680960278 ], [ 106.747603689844041, 10.877618693978668 ], [ 106.747628710317201, 10.877633710561637 ], [ 106.747661737017111, 10.877651684364352 ], [ 106.74769870086422, 10.877673714318544 ], [ 106.747797143263512, 10.877733333924613 ], [ 106.747977709829257, 10.877842688287013 ], [ 106.748166698068928, 10.877959697428395 ], [ 106.748238719437552, 10.878020669268899 ], [ 106.748267696069504, 10.878045709243821 ], [ 106.74832574150598, 10.878100671437917 ], [ 106.748316728848607, 10.878112726770658 ], [ 106.748388707767816, 10.878183734113025 ], [ 106.748468731609535, 10.878245675187136 ], [ 106.748487943378549, 10.878260103083528 ], [ 106.74849270391492, 10.87826367832897 ], [ 106.748526734285605, 10.878220715839273 ], [ 106.748559720034166, 10.878180736357217 ], [ 106.748499736820037, 10.878132743191383 ], [ 106.748497871163664, 10.87813003723015 ], [ 106.748490715514976, 10.878119663487524 ], [ 106.748483728919524, 10.878105672254591 ], [ 106.748481697308904, 10.878084704944714 ], [ 106.748479685546087, 10.878069701318362 ], [ 106.74848173416585, 10.878050709562102 ], [ 106.748484701473146, 10.87803569245893 ], [ 106.748490684546042, 10.878019669332275 ], [ 106.748504714849417, 10.877996660074418 ], [ 106.748579677272403, 10.877898684810434 ], [ 106.7486356770317, 10.877814691127185 ], [ 106.749209706578213, 10.877024724309111 ], [ 106.749245706607368, 10.877006705092752 ], [ 106.749256672553457, 10.876992657275007 ], [ 106.749315701845816, 10.876912723485072 ], [ 106.74938772120052, 10.876814666333905 ], [ 106.749411973787602, 10.876782015973292 ], [ 106.749413706505734, 10.87677968341591 ], [ 106.750127700013167, 10.877129686684437 ], [ 106.750281705584612, 10.877207659414234 ], [ 106.750391935275005, 10.877262772156701 ], [ 106.750394022223531, 10.877263816720804 ], [ 106.750399738875515, 10.877266674655017 ], [ 106.750429420262535, 10.877219975419042 ], [ 106.750474708848259, 10.877148717664372 ], [ 106.750623666905156, 10.876889660602705 ], [ 106.750746688356699, 10.876657720567655 ], [ 106.750768160818069, 10.876616698108077 ], [ 106.750835669044918, 10.876487730130894 ], [ 106.75094471323699, 10.876294713376852 ], [ 106.751048719859, 10.876106684155236 ], [ 106.751183716234721, 10.8758686472001 ], [ 106.751292522204523, 10.87567535540733 ], [ 106.751317656363639, 10.875630704948533 ], [ 106.751328797417173, 10.87559133612263 ], [ 106.751354076959885, 10.875502000950629 ], [ 106.751360677524431, 10.875478677709086 ], [ 106.750059678375067, 10.875054735147062 ], [ 106.746698707932921, 10.873958683606096 ], [ 106.746433704737086, 10.873871753062872 ], [ 106.74654193620934, 10.873549547362428 ], [ 106.747040716836054, 10.872064665026663 ], [ 106.746167273177321, 10.871780773224939 ], [ 106.745994694655479, 10.87172468108457 ], [ 106.745996009501155, 10.871722100393699 ], [ 106.746055009495592, 10.871606318792896 ], [ 106.746074666758332, 10.871567742432127 ], [ 106.746091075423578, 10.871537441061877 ], [ 106.746185709521072, 10.871362694675009 ], [ 106.746268706435401, 10.871230698664862 ], [ 106.746288663018007, 10.871197724377854 ], [ 106.746307649989092, 10.871167737370897 ], [ 106.746379691063837, 10.871053677163347 ], [ 106.746412671907493, 10.870989742590465 ], [ 106.746437158706087, 10.870935091717531 ], [ 106.74644764176341, 10.87091169539244 ], [ 106.746478674933101, 10.87085174477436 ], [ 106.746492706025293, 10.870828734706976 ], [ 106.74658570461834, 10.87068766338488 ], [ 106.746685708905801, 10.87052071553661 ], [ 106.746766645843294, 10.870404726177558 ], [ 106.746966706768021, 10.870086739867036 ], [ 106.747091655609822, 10.869889693341106 ], [ 106.747216683806954, 10.869693731330281 ], [ 106.747234702480739, 10.869667726872835 ], [ 106.747335493441682, 10.869532960869648 ], [ 106.747410775661763, 10.869432303655763 ], [ 106.747412698711599, 10.869429731834572 ], [ 106.747451696265301, 10.869405738503087 ], [ 106.747490646713445, 10.86939069320966 ], [ 106.747815690608078, 10.86934072840563 ], [ 106.747843656955254, 10.869333673113831 ], [ 106.747874699810865, 10.869322724204489 ], [ 106.747885696537836, 10.869317717349118 ], [ 106.747909600711878, 10.869301974147369 ], [ 106.747923635307458, 10.869292730277088 ], [ 106.747939657871086, 10.869256695046108 ], [ 106.747942677928052, 10.86923471509059 ], [ 106.74790769045957, 10.868921740280644 ], [ 106.747890642537655, 10.868785731311924 ], [ 106.747882550625889, 10.868639948940299 ], [ 106.747879649657165, 10.868587678567954 ], [ 106.747880098569851, 10.868579928842417 ], [ 106.747892634965936, 10.86836369238584 ], [ 106.747899631661639, 10.868289713530482 ], [ 106.747925687562429, 10.86786768686833 ], [ 106.747932670332972, 10.867766676354618 ], [ 106.747935659944105, 10.867712691836809 ], [ 106.747937665321018, 10.867680679761568 ], [ 106.74795465604646, 10.86734565730888 ], [ 106.748002613175174, 10.867248672207838 ], [ 106.748120613670793, 10.866867663864149 ], [ 106.748134668982885, 10.866829738405638 ], [ 106.748222139193402, 10.866637011473257 ], [ 106.748223637268097, 10.86663371149274 ], [ 106.748237647303725, 10.866604734067291 ], [ 106.748274677759383, 10.866556696774598 ], [ 106.748315304017098, 10.866507750119039 ], [ 106.748328626258456, 10.866491697744356 ], [ 106.748343635610837, 10.86646868534263 ], [ 106.748385631253342, 10.86639368970989 ], [ 106.748459620557028, 10.866230712272555 ], [ 106.74859161462858, 10.865929672263569 ], [ 106.748677619503653, 10.865727688417818 ], [ 106.748690643354749, 10.865696725359561 ], [ 106.748697325357725, 10.865656065701922 ], [ 106.74870153680385, 10.865630442328232 ], [ 106.748701659618604, 10.865629696121205 ], [ 106.74875864530496, 10.865638732797942 ], [ 106.748789612903877, 10.865650657328016 ], [ 106.749071631004526, 10.865774686851166 ], [ 106.749090663562768, 10.865781678081808 ], [ 106.749102317257353, 10.865782307367729 ], [ 106.749109602187545, 10.865782700440739 ], [ 106.749212911994704, 10.865601573596223 ], [ 106.749227651166336, 10.865575729775607 ], [ 106.749381656969931, 10.865315663614831 ], [ 106.749463668736695, 10.865183670156497 ], [ 106.749672667847875, 10.864855707551166 ], [ 106.749677147509274, 10.864842827121521 ], [ 106.749680663292096, 10.864832716999166 ], [ 106.749696513246903, 10.864812542209686 ], [ 106.749717621627227, 10.864785675114666 ], [ 106.750025624053322, 10.864308666354496 ], [ 106.750056337797858, 10.864291893809764 ], [ 106.750058440220187, 10.864290747015483 ], [ 106.75005860454192, 10.864290656984068 ], [ 106.750095609309824, 10.86430265305945 ], [ 106.750233630832483, 10.864385652291013 ], [ 106.750245115166507, 10.864389269840235 ], [ 106.750251470730419, 10.864391270529165 ], [ 106.750252660914768, 10.86439164634116 ], [ 106.750268653106232, 10.864391684715033 ], [ 106.750287611584284, 10.864353651928827 ], [ 106.750489637639419, 10.864061693848191 ], [ 106.750505625630083, 10.864037683767172 ], [ 106.750516563590992, 10.864023341322582 ], [ 106.75051832010702, 10.864021036710994 ], [ 106.750518619694262, 10.864020645204088 ], [ 106.750624025367884, 10.864082849698029 ], [ 106.750896619083377, 10.864243720452087 ], [ 106.750988021806435, 10.864295703557691 ], [ 106.751179037401414, 10.864404341080112 ], [ 106.75121821291296, 10.864426621187192 ], [ 106.751223650242707, 10.864429714176596 ], [ 106.751262612748434, 10.864372718790683 ], [ 106.751343642720784, 10.864240637711935 ], [ 106.751419618261963, 10.864130632710232 ], [ 106.751507611537647, 10.864005670590796 ], [ 106.751535603094482, 10.863961641859142 ], [ 106.751552643064016, 10.863936632086467 ], [ 106.751570631193005, 10.863901675124158 ], [ 106.751580636355698, 10.863870633212338 ], [ 106.7515846166297, 10.863842682748999 ], [ 106.751582636735151, 10.863791698563761 ], [ 106.751579599617386, 10.863740716918061 ], [ 106.751580909071222, 10.863731604760691 ], [ 106.751605625178456, 10.863559631434317 ], [ 106.751614590754883, 10.863338294465002 ], [ 106.751614616039532, 10.863337648920112 ], [ 106.751656653718513, 10.86334365834249 ], [ 106.751671597087324, 10.863345688884774 ], [ 106.751685641685313, 10.863349712078248 ], [ 106.7517575833064, 10.863364666872501 ], [ 106.751793608171127, 10.863377657638425 ], [ 106.752129601853539, 10.86355964269832 ], [ 106.752162608166074, 10.863571649749399 ], [ 106.752227582569574, 10.863601634587484 ], [ 106.75231559572849, 10.863640676609343 ], [ 106.752392584713292, 10.86367668091275 ], [ 106.752449584060329, 10.863712658157279 ], [ 106.752470606928568, 10.863727687470307 ], [ 106.75249064906582, 10.863743716197039 ], [ 106.752524624169112, 10.863774705138086 ], [ 106.752555616862864, 10.863816646826523 ], [ 106.752587601121832, 10.863861654387874 ], [ 106.752612612292126, 10.863896652896566 ], [ 106.752633621725806, 10.863930669138066 ], [ 106.752657623362538, 10.86397968216693 ], [ 106.752667605276173, 10.864009665421449 ], [ 106.752683583230407, 10.864050659837721 ], [ 106.752701585532975, 10.864087669108216 ], [ 106.752738632266301, 10.864157705703182 ], [ 106.75275868865694, 10.864200458669941 ], [ 106.75277661911467, 10.864238679540215 ], [ 106.752785600730931, 10.864262698689043 ], [ 106.752799624557582, 10.864305689192745 ], [ 106.752817637761979, 10.864345680742685 ], [ 106.752839590670121, 10.864391627706974 ], [ 106.752843390760987, 10.864399596805701 ], [ 106.752859646628707, 10.864433693618682 ], [ 106.752880368588166, 10.864467050847836 ], [ 106.752882627808319, 10.86447068663391 ], [ 106.7529156431372, 10.864508641325747 ], [ 106.75294858561206, 10.864546686651755 ], [ 106.75298775665938, 10.864584025511997 ], [ 106.752992630337488, 10.864588672489988 ], [ 106.753022592971988, 10.864615698620982 ], [ 106.753057586797894, 10.864635654354739 ], [ 106.753104585278976, 10.864658648163408 ], [ 106.753147642799902, 10.864676679158915 ], [ 106.753191617531726, 10.864697692191752 ], [ 106.753232648926172, 10.864718622613111 ], [ 106.753258652234521, 10.864734631827965 ], [ 106.753283596825796, 10.864749649181681 ], [ 106.7533015975431, 10.864763693879516 ], [ 106.753324586144871, 10.864780705527384 ], [ 106.753338593285946, 10.864795668167782 ], [ 106.75336659424562, 10.864822698854182 ], [ 106.753394612738745, 10.864854703335631 ], [ 106.753413631325301, 10.86487968411187 ], [ 106.753427652648256, 10.86489971095715 ], [ 106.75344462788081, 10.864922708676966 ], [ 106.753456616422895, 10.864943644355652 ], [ 106.753466638740207, 10.864962689841235 ], [ 106.753476593890795, 10.864984625660968 ], [ 106.753482602654074, 10.864999704799919 ], [ 106.753518655242758, 10.86502639188223 ], [ 106.753567602168729, 10.865062623880513 ], [ 106.753673602031654, 10.865155671877661 ], [ 106.753701608783018, 10.865184690423245 ], [ 106.753718610647283, 10.86521564692816 ], [ 106.753702648843671, 10.865247702748029 ], [ 106.753669622956053, 10.865319686474502 ], [ 106.753663636735624, 10.865334624869545 ], [ 106.753626627036724, 10.865455621571266 ], [ 106.753584742193198, 10.865641622452188 ], [ 106.753574726314184, 10.865686103438504 ], [ 106.753574592944148, 10.865686697807474 ], [ 106.753594622590541, 10.865698656638472 ], [ 106.753615630534654, 10.865709707361805 ], [ 106.75367261109453, 10.865739628437789 ], [ 106.7539566309149, 10.865898636406577 ], [ 106.753999634527901, 10.86592263479703 ], [ 106.754061602761283, 10.865955703533759 ], [ 106.754121616545177, 10.865990677962104 ], [ 106.754249602007576, 10.866071627876924 ], [ 106.754416604547671, 10.866180658927684 ], [ 106.754576629141013, 10.866277686658323 ], [ 106.754602691271884, 10.866291534064279 ], [ 106.754608595239546, 10.866294669759002 ], [ 106.754631635440205, 10.866304629858472 ], [ 106.754676649271559, 10.866320666302423 ], [ 106.754756624586079, 10.866346623865672 ], [ 106.754815515813476, 10.866362303047156 ], [ 106.754865650480596, 10.866375650475398 ], [ 106.754892753547495, 10.866381611501319 ], [ 106.755006595051768, 10.866406652817318 ], [ 106.755032637589977, 10.866411630120771 ], [ 106.755060896467612, 10.866414248850656 ], [ 106.755065613448153, 10.866414686336627 ], [ 106.755119622742441, 10.866413697949858 ], [ 106.755265604757497, 10.866394684822454 ], [ 106.755325614706166, 10.866383639575909 ], [ 106.75534665267773, 10.866380678852545 ], [ 106.755409625028847, 10.866375680755381 ], [ 106.755461597575518, 10.86637469535453 ], [ 106.755625595894017, 10.866374611818664 ], [ 106.755934642960369, 10.86636962213929 ], [ 106.75595095668865, 10.866370338970059 ], [ 106.755957654141767, 10.866370632552279 ], [ 106.755988599941546, 10.866375685937046 ], [ 106.756008609147017, 10.866380683804536 ], [ 106.756016735863057, 10.866383645859266 ], [ 106.75603859238538, 10.866391613672986 ], [ 106.756340657031444, 10.866531664645427 ], [ 106.757255967404063, 10.866967984665754 ], [ 106.75739362449707, 10.867033604755504 ], [ 106.757482625401366, 10.867074629820051 ], [ 106.757554856072005, 10.867107814225815 ], [ 106.757566088761919, 10.867112975449732 ], [ 106.757567623034021, 10.867113680970464 ], [ 106.757604656343076, 10.867111658451821 ], [ 106.757625607190036, 10.867105623326609 ], [ 106.757657620689798, 10.867091687071477 ], [ 106.757679082563939, 10.867079318600057 ], [ 106.757690598511431, 10.867072681594738 ], [ 106.75771759788725, 10.867070606075547 ], [ 106.757764359366064, 10.867069642782994 ], [ 106.757764591649135, 10.867069637501437 ], [ 106.757799600669131, 10.8670716028447 ], [ 106.757808611662014, 10.86708160778271 ], [ 106.757816637995688, 10.867090621540678 ], [ 106.757828649441734, 10.867095645504326 ], [ 106.7578486535498, 10.867099648853648 ], [ 106.758050616008163, 10.867127646347107 ], [ 106.758099596381271, 10.867134627373954 ], [ 106.758138989199423, 10.867140483611976 ], [ 106.758144783146619, 10.867141344208576 ], [ 106.758146617774287, 10.867141616625743 ], [ 106.758193619133777, 10.867142637680143 ], [ 106.758266617586798, 10.867135616383608 ], [ 106.758270011740834, 10.867134854020398 ], [ 106.75844458848151, 10.86709561514364 ], [ 106.758511137098452, 10.8670847015033 ], [ 106.758566653840489, 10.867075596803472 ], [ 106.758600649045988, 10.867067618590985 ], [ 106.758645650698185, 10.867057615443716 ], [ 106.758707604112985, 10.867040596712407 ], [ 106.758923843131328, 10.8669793384604 ], [ 106.758975600576136, 10.866964676440825 ], [ 106.759076597805631, 10.866938668403114 ], [ 106.759177598362214, 10.866913656538452 ], [ 106.759206091380605, 10.866907281953795 ], [ 106.759227633407207, 10.866902461575753 ], [ 106.759298583551995, 10.866886587497858 ], [ 106.759363651793009, 10.866876610571206 ], [ 106.75941463391851, 10.866872644524694 ], [ 106.759500627468654, 10.866871640732063 ], [ 106.759582339544821, 10.866873518486974 ], [ 106.759586632864071, 10.866873617387196 ], [ 106.759648585931004, 10.866879651553942 ], [ 106.759759599519015, 10.866893662422646 ], [ 106.759825634557885, 10.866901673767138 ], [ 106.759910619516276, 10.866914594877098 ], [ 106.760105596741852, 10.866951654934821 ], [ 106.760178596397836, 10.866967598574536 ], [ 106.760243601289105, 10.866983658871792 ], [ 106.760291627409174, 10.866997603534534 ], [ 106.76034064002954, 10.867013626874277 ], [ 106.760377650295993, 10.867027608633775 ], [ 106.760479627293165, 10.867068590142969 ], [ 106.760570018203126, 10.867102945369711 ], [ 106.760616645885406, 10.867120667899625 ], [ 106.76066327706728, 10.867134808736376 ], [ 106.760916585122089, 10.867211627225803 ], [ 106.76098861572126, 10.867230647472676 ], [ 106.761101634710656, 10.867257578536197 ], [ 106.761173378671259, 10.867264257280631 ], [ 106.761177622695214, 10.867264653738372 ], [ 106.761224621303725, 10.867264589527863 ], [ 106.761244610219819, 10.86726461326486 ], [ 106.761627508325574, 10.86726509356593 ], [ 106.762020631318009, 10.867265585830179 ], [ 106.762087654959828, 10.867264326453578 ], [ 106.76212563187994, 10.867263611997101 ], [ 106.762171637574042, 10.867260658091368 ], [ 106.762198292980045, 10.867258298550345 ], [ 106.762205575351828, 10.867257653517619 ], [ 106.762205618009588, 10.867270581569436 ], [ 106.76225361291317, 10.86745458765407 ], [ 106.762290595460613, 10.867549575443585 ], [ 106.762335604518043, 10.867653579564086 ], [ 106.762357635324662, 10.867699616740506 ], [ 106.762443615520226, 10.867828618167405 ], [ 106.762529596707125, 10.867957619559538 ], [ 106.762676626515315, 10.868182615969857 ], [ 106.76269558357167, 10.868211576622691 ], [ 106.762724628556114, 10.868256594437582 ], [ 106.762925642972732, 10.868562600682109 ], [ 106.763057597392375, 10.868768570202729 ], [ 106.763116585440173, 10.868878585827304 ], [ 106.7631935814332, 10.869050649981821 ], [ 106.763207656662075, 10.869085592220646 ], [ 106.763245592460081, 10.86919459150112 ], [ 106.763269585390304, 10.869285645220872 ], [ 106.763290647768613, 10.869379600513792 ], [ 106.763300594209667, 10.86946563810813 ], [ 106.763305634858028, 10.869528636113781 ], [ 106.76330663401302, 10.869578630665757 ], [ 106.763307623638241, 10.869603578865577 ], [ 106.763304608201551, 10.869671577272785 ], [ 106.763297629972953, 10.869749623209859 ], [ 106.763290654793366, 10.869828573142414 ], [ 106.76328462060809, 10.869873617044647 ], [ 106.763280589298688, 10.869908619879112 ], [ 106.763278616624476, 10.869927610504064 ], [ 106.763222618331099, 10.86994262354434 ], [ 106.763157646603219, 10.869959654067674 ], [ 106.763103627733997, 10.869979632593216 ], [ 106.763076591627311, 10.869993644314357 ], [ 106.763041595752739, 10.870017627240411 ], [ 106.762995597332079, 10.870045625864789 ], [ 106.762981600500197, 10.87005561606669 ], [ 106.762930601233293, 10.870099632069623 ], [ 106.762846630284926, 10.870163647578307 ], [ 106.762800605625316, 10.87020665456838 ], [ 106.762753650238366, 10.870263586310166 ], [ 106.762716591360558, 10.870302584308055 ], [ 106.762586591643782, 10.870452639231262 ], [ 106.762442654376002, 10.870608617876144 ], [ 106.762400653692168, 10.870658661900407 ], [ 106.762374539026297, 10.870696706241343 ], [ 106.762363645023029, 10.8707125776035 ], [ 106.762343614718404, 10.870745641617015 ], [ 106.762285419666142, 10.870905038722354 ], [ 106.762277662299965, 10.870918632502423 ], [ 106.762229618365538, 10.870988587259545 ], [ 106.762180666552538, 10.871035579633764 ], [ 106.762132620454182, 10.871082659418692 ], [ 106.762076663001338, 10.871132660785859 ], [ 106.761711653678475, 10.871433659224158 ], [ 106.761489670470283, 10.871576604663399 ], [ 106.761383604224875, 10.871643584478795 ], [ 106.761282647677959, 10.871704582811494 ], [ 106.760943621756681, 10.871925664855583 ], [ 106.760811661140366, 10.872009635511468 ], [ 106.760681671540382, 10.872118646031607 ], [ 106.760539664842312, 10.872243605635616 ], [ 106.760464656843936, 10.872303612569336 ], [ 106.760437634699898, 10.872321602570922 ], [ 106.760427624328372, 10.872328597244428 ], [ 106.760407625800113, 10.872348643360114 ], [ 106.760384618910336, 10.872371593092074 ], [ 106.760383917929587, 10.872374188991506 ], [ 106.760381638847974, 10.872382631769613 ], [ 106.76038268226894, 10.872401616087858 ], [ 106.760398681401, 10.872425611851114 ], [ 106.760699654736257, 10.872866633985408 ], [ 106.760848647761662, 10.873091623749787 ], [ 106.760902652586822, 10.873178599484826 ], [ 106.760928636834606, 10.87321061072355 ], [ 106.761114686330544, 10.873395609907261 ], [ 106.761130658769872, 10.873411647743355 ], [ 106.761181674408761, 10.873462653811401 ], [ 106.761203628788365, 10.873485633704712 ], [ 106.761224675315091, 10.873507625793746 ], [ 106.761265651957402, 10.873556582962809 ], [ 106.761336676667099, 10.873656612471335 ], [ 106.761350620599814, 10.87367564380725 ], [ 106.761384036163804, 10.873719109602799 ], [ 106.761403657799903, 10.873744632895113 ], [ 106.761448650106232, 10.873798639246784 ], [ 106.761483668340446, 10.87384761599667 ], [ 106.761518661259686, 10.873911602035994 ], [ 106.761630784885526, 10.874104371893864 ], [ 106.761796678151271, 10.874389582716177 ], [ 106.761329647500546, 10.874548613825922 ], [ 106.761337648672125, 10.87463963083102 ], [ 106.761342644310247, 10.874689609530719 ], [ 106.761327502209625, 10.874841021623505 ], [ 106.761325640633387, 10.874859635811303 ], [ 106.761334109447176, 10.874883968178278 ], [ 106.761341638108448, 10.874905600662359 ], [ 106.76137069374353, 10.874931633483769 ], [ 106.761564633249137, 10.875106660408211 ], [ 106.761688625036783, 10.875232644736652 ], [ 106.761759622283719, 10.875324627624874 ], [ 106.761814625334679, 10.875416665890365 ], [ 106.761820897108493, 10.875425464711526 ], [ 106.761913693700038, 10.875555658582616 ], [ 106.761899696289035, 10.875588615025945 ], [ 106.761862697331125, 10.87582461281335 ], [ 106.761858629561274, 10.875848585983018 ], [ 106.761829648133187, 10.876068646853691 ], [ 106.761804205534801, 10.876325408642648 ], [ 106.761785655825008, 10.876512610695228 ], [ 106.761778838592051, 10.876507510152253 ], [ 106.761765688248289, 10.876497669073297 ], [ 106.761764727925879, 10.876502010560456 ], [ 106.761758630062047, 10.876529606439824 ], [ 106.761712299993889, 10.876758759085812 ], [ 106.761669662729162, 10.876969650399158 ], [ 106.761627656444261, 10.877219589967451 ], [ 106.761559651246984, 10.877634611587714 ], [ 106.761555658431661, 10.877658582699942 ], [ 106.761549665102152, 10.877693592887734 ], [ 106.761516068702235, 10.877906174731915 ], [ 106.761506677596074, 10.877965593417908 ], [ 106.761501654634017, 10.877997614477941 ], [ 106.761482660598574, 10.878136638091187 ], [ 106.761453654165791, 10.878304622865315 ], [ 106.761431224407957, 10.878402279641747 ], [ 106.761407706665722, 10.878504668854653 ], [ 106.761779646709371, 10.878645659061959 ], [ 106.761811679460592, 10.87865965690883 ], [ 106.761939148292413, 10.878701540722956 ], [ 106.761951700516249, 10.878705665015966 ], [ 106.761883649634299, 10.878838609944685 ], [ 106.761800680143836, 10.878999630906 ], [ 106.761412675494711, 10.879821645066995 ], [ 106.761398665367906, 10.879850622109556 ], [ 106.761368705547156, 10.879914640324058 ], [ 106.761350718734178, 10.879949596901225 ], [ 106.761313696356993, 10.880022588030922 ], [ 106.761242657565631, 10.880141621010601 ], [ 106.761224705990614, 10.880166147952528 ], [ 106.760977724490957, 10.880503587713962 ], [ 106.760921731002327, 10.8805876719533 ], [ 106.76073766400313, 10.880858601909599 ], [ 106.76060668916422, 10.881079633082662 ], [ 106.760583880001818, 10.88112343944476 ], [ 106.760518692982728, 10.881248624681529 ], [ 106.760549681497082, 10.88126561110321 ], [ 106.760576725892093, 10.881299605813405 ], [ 106.760741691675889, 10.881516677728074 ], [ 106.760846545012228, 10.881644290894581 ], [ 106.760879710507055, 10.881684655832791 ], [ 106.761143673453532, 10.881974634080153 ], [ 106.761179279882015, 10.882001361246164 ], [ 106.761211664209043, 10.882025670861989 ], [ 106.761279733344409, 10.882076618775839 ], [ 106.761397735966199, 10.882147652793014 ], [ 106.761577683692721, 10.88228864160469 ], [ 106.761608684869501, 10.882309604582217 ], [ 106.761733717962372, 10.882407647761065 ], [ 106.761788838835827, 10.882465851279532 ], [ 106.76180473386637, 10.882482635086184 ], [ 106.761857681087292, 10.882523597331083 ], [ 106.761877854630114, 10.88254036070227 ], [ 106.761881738918348, 10.882543587853805 ], [ 106.761887022406697, 10.882539176971536 ], [ 106.761890359588733, 10.882536391578524 ], [ 106.761893700423045, 10.882533604365436 ], [ 106.762058685007304, 10.88266659381585 ], [ 106.7620804692814, 10.882683649279038 ], [ 106.76221072099878, 10.882785613779458 ], [ 106.76225270613665, 10.882819652156231 ], [ 106.762630692102817, 10.883096594085314 ], [ 106.762754716179089, 10.883207657788528 ], [ 106.763240679211833, 10.883557656840217 ], [ 106.763513136946088, 10.883753600779579 ], [ 106.76361471823553, 10.883826655171161 ], [ 106.763682722938768, 10.88405959603919 ], [ 106.764083114618373, 10.884903395800011 ], [ 106.764083682070904, 10.884904591731262 ], [ 106.764543655945545, 10.88484946589301 ], [ 106.764550698426248, 10.884848621776801 ], [ 106.764557686175678, 10.884884580771139 ], [ 106.764562379803749, 10.884919655096347 ], [ 106.764568551283261, 10.884965757911488 ], [ 106.764601724702402, 10.885213615787244 ], [ 106.764645689274658, 10.885542651026377 ], [ 106.764618654739593, 10.885548848764781 ], [ 106.764593676513101, 10.885554575044411 ], [ 106.764622751256752, 10.88578664897333 ], [ 106.764654715999413, 10.88582460639933 ], [ 106.76468272916452, 10.886121597670595 ], [ 106.764680702331049, 10.886191580645356 ], [ 106.764713708160713, 10.886269585630403 ], [ 106.764778681908155, 10.88636457058219 ], [ 106.764906734414467, 10.886528602677776 ], [ 106.764990719219483, 10.886645586018339 ], [ 106.765062680396341, 10.886709629025004 ], [ 106.765095745159059, 10.886782570429768 ], [ 106.765151317024007, 10.887019966152751 ], [ 106.765151701235595, 10.887021606553473 ], [ 106.7651957494122, 10.887241607562915 ], [ 106.765352719145213, 10.887746565761791 ], [ 106.765912145662767, 10.888473479597026 ], [ 106.765913759782279, 10.888475576965728 ], [ 106.765918713870278, 10.888474086131355 ], [ 106.766020320143824, 10.8884435008008 ], [ 106.766022251710524, 10.888442920361877 ], [ 106.76602673249765, 10.8884415712138 ], [ 106.766181730792326, 10.888854589065538 ], [ 106.766245758042515, 10.889149719581312 ], [ 106.766263322851273, 10.889230685457481 ], [ 106.766445757229263, 10.890071614605427 ], [ 106.766472733966765, 10.890262649696027 ], [ 106.766489765962575, 10.890390612846851 ], [ 106.766579754864253, 10.890653585840472 ], [ 106.766669756206156, 10.890919634168872 ], [ 106.766688724313028, 10.890973636144611 ], [ 106.766827948543025, 10.891379668930597 ], [ 106.766880551621298, 10.891533081140324 ], [ 106.766880591343138, 10.891533196721101 ], [ 106.766880739141513, 10.891533625632812 ], [ 106.766934946887886, 10.891532442474468 ], [ 106.767290495917408, 10.891524677823734 ], [ 106.767295718136822, 10.89152456377564 ], [ 106.767651726350209, 10.891611621714636 ], [ 106.767683740192453, 10.891619562937365 ], [ 106.767517715159059, 10.891937630466993 ], [ 106.767390745705114, 10.892182607172376 ], [ 106.76726921923354, 10.892490387696531 ], [ 106.76726874857728, 10.89249157892608 ], [ 106.767269106994434, 10.892491542481158 ], [ 106.767316714047197, 10.892486627711058 ], [ 106.767847075706058, 10.892412911243936 ], [ 106.767949756448232, 10.892398638875624 ], [ 106.768096987399701, 10.892377553380749 ], [ 106.768188746522654, 10.892364411031403 ], [ 106.768417502977016, 10.892331648022836 ], [ 106.768417530403752, 10.89233164431575 ], [ 106.768424739775028, 10.892330610605869 ], [ 106.768446731652375, 10.892763599367775 ], [ 106.768445723794031, 10.89277761476254 ], [ 106.768427724803331, 10.893097631961419 ], [ 106.768423330377004, 10.893304136225353 ], [ 106.768418745987489, 10.893519600692247 ], [ 106.768424750294841, 10.893598597852501 ], [ 106.768685898417317, 10.893665192638414 ], [ 106.768726784810283, 10.893675619193854 ], [ 106.768823731614248, 10.893698622220608 ], [ 106.768888376702989, 10.893713287340345 ], [ 106.768889719525461, 10.893713591143978 ], [ 106.769274798151656, 10.893719172000434 ], [ 106.769294423811203, 10.893719455716219 ], [ 106.769296742559945, 10.893719489593501 ], [ 106.769300753490413, 10.893719547678527 ], [ 106.769308575658016, 10.893721995031374 ], [ 106.769316764992354, 10.893724557780006 ], [ 106.769654750705982, 10.893835631789488 ], [ 106.769660343626995, 10.893837467303031 ], [ 106.76966675973091, 10.893839571280239 ], [ 106.769718737830232, 10.893736788719798 ], [ 106.769754737533418, 10.893665601746845 ], [ 106.769784721424344, 10.893586576279635 ], [ 106.76983575527683, 10.893485600330271 ], [ 106.76984736047595, 10.89346898684876 ], [ 106.769879749436825, 10.893422618610291 ], [ 106.769888725256081, 10.893399626188668 ], [ 106.769896712792132, 10.893352586062074 ], [ 106.769908781201906, 10.893307613378244 ], [ 106.769927725025383, 10.893265601037911 ], [ 106.769958732518703, 10.893221557058602 ], [ 106.769962863654385, 10.893218238285753 ], [ 106.769994771610612, 10.893192597707182 ], [ 106.770105730182621, 10.893120625319805 ], [ 106.770131748017036, 10.893095587401982 ], [ 106.770243745861038, 10.892996577315214 ], [ 106.770418775701188, 10.89284257131189 ], [ 106.770553745557621, 10.892732546265178 ], [ 106.770554064971492, 10.892732337281734 ], [ 106.770599738763281, 10.892702557518428 ], [ 106.770633761162514, 10.892679571229316 ], [ 106.770666734088024, 10.892636608165645 ], [ 106.770695714842532, 10.892573585912988 ], [ 106.770750748419147, 10.892495560911614 ], [ 106.77079972673414, 10.892433557804118 ], [ 106.770845724470078, 10.892360626180686 ], [ 106.770902709527775, 10.892257551081839 ], [ 106.770946715573885, 10.892153615175406 ], [ 106.771009719751632, 10.891912554785545 ], [ 106.771048746430907, 10.89176460690857 ], [ 106.771077712801286, 10.891652585032757 ], [ 106.771099267154113, 10.891587875294894 ], [ 106.771103700798179, 10.891574566275096 ], [ 106.771169717578474, 10.891487553223699 ], [ 106.771227724081513, 10.891462586821591 ], [ 106.771284752571034, 10.891438619876345 ], [ 106.771332700307994, 10.891406547135643 ], [ 106.77134287800196, 10.891394614767222 ], [ 106.771390709172863, 10.891338545662807 ], [ 106.771486698986209, 10.891213553239224 ], [ 106.771579721604766, 10.891103577112878 ], [ 106.771677702957589, 10.891009587097141 ], [ 106.771796714730471, 10.890910554989418 ], [ 106.771836221317415, 10.890881221401706 ], [ 106.771868332562306, 10.890857379851436 ], [ 106.771874750792435, 10.890852613362412 ], [ 106.771989719437542, 10.890784603744811 ], [ 106.77209173503384, 10.890723599873013 ], [ 106.772161702485604, 10.890666590875792 ], [ 106.77220968773446, 10.890601606785129 ], [ 106.772357734084935, 10.89038856080043 ], [ 106.772450721250891, 10.890290611417598 ], [ 106.772512725884013, 10.890243572917253 ], [ 106.772555731729867, 10.890200574441035 ], [ 106.772626738112194, 10.890116527706841 ], [ 106.772720750924606, 10.890031592467171 ], [ 106.772763743747831, 10.889984527808336 ], [ 106.772779723338047, 10.889958527864247 ], [ 106.772783722099859, 10.889936544568949 ], [ 106.772775728940303, 10.889915594752699 ], [ 106.772754694878273, 10.889897584835987 ], [ 106.772735686587723, 10.889876583149023 ], [ 106.772728736860586, 10.889851562746806 ], [ 106.772739697106232, 10.889813554501835 ], [ 106.772917718951675, 10.889608545293939 ], [ 106.773084716473178, 10.889444529483287 ], [ 106.773242593429401, 10.889245788753545 ], [ 106.773258692213503, 10.889225522477712 ], [ 106.773543742439855, 10.888969526439046 ], [ 106.773839669953205, 10.888717564596336 ], [ 106.774254686210227, 10.888367562830267 ], [ 106.774315425142689, 10.888332811821074 ], [ 106.774483731009667, 10.888236518809029 ], [ 106.774573730992316, 10.888147527575731 ], [ 106.774614822387136, 10.888086738167821 ], [ 106.774838698925791, 10.887755533555142 ], [ 106.774873673697456, 10.887724587565996 ], [ 106.774928674063077, 10.887681549651759 ], [ 106.77503468497045, 10.887609332815469 ], [ 106.775066712889384, 10.887587514412278 ], [ 106.775078679979771, 10.887579519218571 ], [ 106.775182658608117, 10.887541561747826 ], [ 106.775217692056188, 10.887527522166454 ], [ 106.775260675806535, 10.887478557938786 ], [ 106.775341708569798, 10.887392579683421 ], [ 106.775402689615959, 10.887333518169683 ], [ 106.775475713933275, 10.887266553391949 ], [ 106.775532707663842, 10.887210581499177 ], [ 106.775566659465142, 10.887167523432021 ], [ 106.775596670543237, 10.887119506524661 ], [ 106.775631704324539, 10.887039557052994 ], [ 106.775669717673154, 10.886948569704689 ], [ 106.775706684995583, 10.886882537195627 ], [ 106.775757723473035, 10.886806514534307 ], [ 106.77577870078197, 10.88676359021987 ], [ 106.775789666874019, 10.886705511241203 ], [ 106.77579367616076, 10.886642573005668 ], [ 106.775817673931996, 10.886534544156012 ], [ 106.775864719600278, 10.886437559283401 ], [ 106.775958686208753, 10.886317544493481 ], [ 106.776034711054507, 10.886245505363148 ], [ 106.776121681343142, 10.886197568264738 ], [ 106.776179685148819, 10.886172513364043 ], [ 106.776224653829757, 10.886152563548166 ], [ 106.776259709768837, 10.886123515558312 ], [ 106.77629365235812, 10.886077563749975 ], [ 106.776326702576995, 10.886013535799016 ], [ 106.776340645907155, 10.885943511322029 ], [ 106.77634071157631, 10.885874529466935 ], [ 106.776324674287139, 10.885817535188192 ], [ 106.776315645271339, 10.885758529571179 ], [ 106.776322692183896, 10.885701548490578 ], [ 106.776333656877412, 10.885642563696466 ], [ 106.776346684335735, 10.88561358846686 ], [ 106.776360691036942, 10.885584521369781 ], [ 106.776408647584503, 10.885533551582043 ], [ 106.77647364385858, 10.885457572548935 ], [ 106.77654168624521, 10.885367569486162 ], [ 106.776559675248947, 10.88531154439657 ], [ 106.776564679377344, 10.885252580439696 ], [ 106.77655864257369, 10.88518651089881 ], [ 106.776572706321616, 10.88512950634504 ], [ 106.776591307688847, 10.885106482488892 ], [ 106.776610644038541, 10.885082549459906 ], [ 106.776694585333885, 10.885052164511734 ], [ 106.776704675714413, 10.885048511134681 ], [ 106.776800692702182, 10.885020526565254 ], [ 106.776911649304751, 10.884971515533332 ], [ 106.777027663802627, 10.88487954205385 ], [ 106.777149633834654, 10.88476449386067 ], [ 106.777314573362702, 10.884586150987912 ], [ 106.777475671814443, 10.884411961225803 ], [ 106.777492674665581, 10.884393576585342 ], [ 106.777537687934824, 10.884320554355266 ], [ 106.777575708699516, 10.88422584594251 ], [ 106.777582645393565, 10.884208568048361 ], [ 106.777612303053701, 10.884186768206328 ], [ 106.777612669808477, 10.884186499394069 ], [ 106.777614567343647, 10.884186680169261 ], [ 106.777644667181804, 10.884189555363735 ], [ 106.777678199798203, 10.884195430289211 ], [ 106.777684673684234, 10.884196563926327 ], [ 106.777708665345571, 10.884174515462666 ], [ 106.777729634169489, 10.884129510970157 ], [ 106.777759657648204, 10.884085560958647 ], [ 106.777875687660995, 10.883954533402267 ], [ 106.778001641030386, 10.883812531449426 ], [ 106.77821363974013, 10.883617532542036 ], [ 106.778396663808721, 10.883443516626583 ], [ 106.77852265612799, 10.883313537578328 ], [ 106.778564643318262, 10.883237543069249 ], [ 106.778598672974383, 10.883195569273735 ], [ 106.778631636077918, 10.883172496285287 ], [ 106.778694646987745, 10.883155559299363 ], [ 106.778760694038709, 10.883122519101079 ], [ 106.778766630015085, 10.883118292890439 ], [ 106.778812621512145, 10.883085549513787 ], [ 106.778834673767463, 10.883048498348685 ], [ 106.778859682250882, 10.883015505277884 ], [ 106.778933677844108, 10.882968514079007 ], [ 106.778993686653692, 10.882956560912513 ], [ 106.779062677731602, 10.882923511690654 ], [ 106.779262671955323, 10.882638503980862 ], [ 106.779305784301954, 10.882573568781304 ], [ 106.779416679250843, 10.88240654166303 ], [ 106.779503661209333, 10.8823624945197 ], [ 106.779600641728351, 10.882286497168554 ], [ 106.779647438740184, 10.882217247432704 ], [ 106.779727642252141, 10.882098563356685 ], [ 106.779839640997267, 10.881914566128961 ], [ 106.779889644941974, 10.881866480014821 ], [ 106.77990695869191, 10.881861210366383 ], [ 106.779971637188282, 10.881841523910838 ], [ 106.78002364611973, 10.88180654448443 ], [ 106.780040673893325, 10.881734520763464 ], [ 106.780045247832845, 10.881727324939497 ], [ 106.780068660599099, 10.881690487004022 ], [ 106.780221626160099, 10.881572534092737 ], [ 106.78033465771928, 10.881491509773161 ], [ 106.780378880786913, 10.881488830150071 ], [ 106.780383609238712, 10.881488543079902 ], [ 106.780460671208729, 10.881508995081203 ], [ 106.780462666873106, 10.881509524454994 ], [ 106.780502646308335, 10.881508485354885 ], [ 106.780522661320518, 10.881493500353164 ], [ 106.78054621512392, 10.881428258216864 ], [ 106.780552626770159, 10.881410495683458 ], [ 106.780584639683923, 10.881308497415311 ], [ 106.780603611997051, 10.881121556926097 ], [ 106.780588213768752, 10.88104173022276 ], [ 106.780569663439337, 10.880945556208017 ], [ 106.780580643371678, 10.880891545093212 ], [ 106.780763609853011, 10.880613556383176 ], [ 106.780828623171942, 10.880499513595403 ], [ 106.78090867165659, 10.880435508270811 ], [ 106.780986627378965, 10.880355504626751 ], [ 106.781038978007274, 10.88029072715085 ], [ 106.781066629601668, 10.880256510083692 ], [ 106.781138629559265, 10.880155552693337 ], [ 106.781143633932729, 10.880053553786432 ], [ 106.781116643653306, 10.879992527667593 ], [ 106.781114607336633, 10.87994850697064 ], [ 106.781124602373467, 10.879893504751806 ], [ 106.781141615751196, 10.879839474267889 ], [ 106.781139605648789, 10.879781528259427 ], [ 106.78113660295152, 10.879719517581837 ], [ 106.781174641115911, 10.879658546086663 ], [ 106.781184619176585, 10.879642509960423 ], [ 106.781251635281947, 10.87954048358896 ], [ 106.781247803504456, 10.87946690629979 ], [ 106.781244608155433, 10.879405527263087 ], [ 106.78122763184578, 10.879075501153848 ], [ 106.781196630944194, 10.878945506933723 ], [ 106.78122460778475, 10.87885455279357 ], [ 106.781225703191936, 10.878852075769501 ], [ 106.781255598626501, 10.878784470941632 ], [ 106.781249639950445, 10.878740552911902 ], [ 106.78123865627731, 10.878683541941472 ], [ 106.781258612731435, 10.878629501571293 ], [ 106.78127959345467, 10.878588476271812 ], [ 106.781275618621407, 10.878485514017662 ], [ 106.781296648803774, 10.878436530635085 ], [ 106.781320658822906, 10.878398479266206 ], [ 106.781326636148322, 10.878359493153557 ], [ 106.781296621045854, 10.878296489295394 ], [ 106.781249606973475, 10.878226489506295 ], [ 106.781219614154011, 10.878191512291806 ], [ 106.781200861583457, 10.878064951904546 ], [ 106.781199610662512, 10.878056509123788 ], [ 106.781219046150071, 10.878029719795444 ], [ 106.781231826539724, 10.878012102203856 ], [ 106.781236628292092, 10.878005484163312 ], [ 106.78132261399638, 10.877957550059296 ], [ 106.781612184556579, 10.877837593818256 ], [ 106.781636596034616, 10.877827481024731 ], [ 106.781808589160562, 10.877759548842036 ], [ 106.781861587001231, 10.87770548692523 ], [ 106.781878589219076, 10.87764747885141 ], [ 106.781888602952591, 10.877510474678763 ], [ 106.782031618098202, 10.877198536147207 ], [ 106.78209358571624, 10.877076548206102 ], [ 106.782072631963445, 10.876972466928571 ], [ 106.782074646429848, 10.876899500095039 ], [ 106.782075598047328, 10.876847512354177 ], [ 106.782076609344657, 10.876505493056419 ], [ 106.782083627198958, 10.876396526575174 ], [ 106.782052641832763, 10.876270510881751 ], [ 106.782022625747118, 10.876141506915564 ], [ 106.78194761073577, 10.875979475506854 ], [ 106.781949567980064, 10.875934535586858 ], [ 106.782011620408355, 10.875661473539397 ], [ 106.782018634875627, 10.875551512664387 ], [ 106.781889566274501, 10.875026490553672 ], [ 106.781809591970656, 10.874694507345739 ], [ 106.781774581229968, 10.874604487042227 ], [ 106.78177723869301, 10.87456528607396 ], [ 106.781780612486912, 10.874515504988478 ], [ 106.7818236323143, 10.874455509323083 ], [ 106.781827230732659, 10.874451911969896 ], [ 106.781917605756391, 10.874361529255998 ], [ 106.781944621795517, 10.874298514638538 ], [ 106.781919590334496, 10.874236488460259 ], [ 106.781894626501668, 10.874150503323666 ], [ 106.781909631231883, 10.874038527703213 ], [ 106.781905569464868, 10.873976519673301 ], [ 106.781905586936858, 10.873959522595152 ], [ 106.781885591977243, 10.873914475607483 ], [ 106.781846555925085, 10.873860542967694 ], [ 106.781786557752497, 10.873721514824149 ], [ 106.781684938394164, 10.873559493964365 ], [ 106.781663598535062, 10.873525469432781 ], [ 106.781684938600236, 10.873471748040373 ], [ 106.781694560894678, 10.873447524668343 ], [ 106.781692563531166, 10.873392471405431 ], [ 106.781574572188802, 10.873149488019816 ], [ 106.781537584222093, 10.872966533075129 ], [ 106.781525609222854, 10.872906542206447 ], [ 106.781461565630622, 10.872885510494758 ], [ 106.781422611324942, 10.872833477714321 ], [ 106.78135658212679, 10.872739491642168 ], [ 106.781339554603292, 10.872657548693773 ], [ 106.781324557846432, 10.872596481345886 ], [ 106.78130961353169, 10.872506486697294 ], [ 106.781260609940219, 10.872405482637147 ], [ 106.781210553472761, 10.872305476500385 ], [ 106.781151557995543, 10.872238500905066 ], [ 106.781085574543368, 10.872223534223702 ], [ 106.781078960394282, 10.872223294259483 ], [ 106.781028611991374, 10.872221464470055 ], [ 106.781028433187771, 10.872221330373931 ], [ 106.780987617542678, 10.872190502590305 ], [ 106.78098355862538, 10.872150554847813 ], [ 106.780989581934449, 10.872081553035505 ], [ 106.781012590331102, 10.87199350749699 ], [ 106.7810395694232, 10.871875523489726 ], [ 106.781039561962345, 10.871785476883112 ], [ 106.78101360396127, 10.87173954581664 ], [ 106.780973556901387, 10.871720513562178 ], [ 106.780967097233329, 10.871720512636479 ], [ 106.780894573914338, 10.871720506462614 ], [ 106.780890845670186, 10.871720116690714 ], [ 106.780818580770685, 10.871712535007291 ], [ 106.780782939751589, 10.871692850624269 ], [ 106.780769605528292, 10.871685487067953 ], [ 106.780741596864502, 10.871635493944313 ], [ 106.780747566943248, 10.871572548212127 ], [ 106.78076456092468, 10.871534520448252 ], [ 106.780806551429208, 10.871504544837455 ], [ 106.780851332204819, 10.871473475963382 ], [ 106.78088158294689, 10.871452488434921 ], [ 106.78092757967309, 10.87138054920168 ], [ 106.780931601325719, 10.871321499922308 ], [ 106.780935547526866, 10.871240479151133 ], [ 106.780916575103063, 10.871185484621906 ], [ 106.780842612198953, 10.871109518237859 ], [ 106.780747602295449, 10.871011471694656 ], [ 106.780630612590585, 10.87086151334827 ], [ 106.780560551620823, 10.870779477890745 ], [ 106.780497442603007, 10.870738009656595 ], [ 106.78048758960999, 10.870731534794086 ], [ 106.780466579145184, 10.870698514288303 ], [ 106.780502587484406, 10.870639537636073 ], [ 106.780517631879036, 10.87061331996669 ], [ 106.780576601167041, 10.870510547906596 ], [ 106.780559596013646, 10.870479503680194 ], [ 106.780505597524794, 10.87039551502448 ], [ 106.780499602026964, 10.87027547202012 ], [ 106.780496582482343, 10.870230549670454 ], [ 106.780515589847028, 10.870053554817677 ], [ 106.78042159294553, 10.869789513832641 ], [ 106.780355575383012, 10.869632515801621 ], [ 106.780290537384445, 10.869475512656846 ], [ 106.780223957791577, 10.869301536609713 ], [ 106.780192573707879, 10.869219530468763 ], [ 106.780153561150641, 10.869040470995765 ], [ 106.780141577498071, 10.868933557858567 ], [ 106.780030571574258, 10.868592545532803 ], [ 106.78000252950325, 10.868510549853433 ], [ 106.779969543257764, 10.86841654480714 ], [ 106.779939550432459, 10.868381475138516 ], [ 106.779955601549773, 10.868376538839074 ], [ 106.78000759409187, 10.868359549274604 ], [ 106.780364778948311, 10.868244225512083 ], [ 106.780580578076723, 10.868174550210133 ], [ 106.78061252873961, 10.868164497255124 ], [ 106.780680375212512, 10.868142708415947 ], [ 106.781957584414144, 10.867732531852948 ], [ 106.782012591317539, 10.867714537446936 ], [ 106.782051564576918, 10.867706542685875 ], [ 106.782419558097772, 10.867623483941362 ], [ 106.782560413134775, 10.867592660780284 ], [ 106.782565568316727, 10.867591532445497 ], [ 106.782782512599567, 10.867542956634805 ], [ 106.783043541439895, 10.867484509087895 ], [ 106.783365571393091, 10.867438493280806 ], [ 106.783889519530788, 10.867363501025064 ], [ 106.784452532387377, 10.867329511160184 ], [ 106.784460021627936, 10.867329210235901 ], [ 106.784776561330645, 10.867316486804235 ], [ 106.784936540937863, 10.867310523298425 ], [ 106.786205518949771, 10.86726448150281 ], [ 106.786639523487651, 10.867248460130389 ], [ 106.786921540406055, 10.867237474512581 ], [ 106.787739351697525, 10.867205767670724 ], [ 106.787746549257122, 10.867205489347604 ], [ 106.787765550021291, 10.867355502664005 ], [ 106.787777557170429, 10.867446503906809 ], [ 106.787816504878037, 10.867671489953636 ], [ 106.787859543792081, 10.867751805097631 ], [ 106.787861528393989, 10.86775550931387 ], [ 106.787846508146586, 10.867796423514534 ], [ 106.787834521890161, 10.867820512177978 ], [ 106.78781553606467, 10.867871476872564 ], [ 106.787806570046826, 10.867896461144857 ], [ 106.787799568264717, 10.867922432280212 ], [ 106.787792571141807, 10.867949487294988 ], [ 106.787788574552096, 10.867971469782089 ], [ 106.78778453925537, 10.868004482096294 ], [ 106.787784504582646, 10.868125448177873 ], [ 106.787787562020824, 10.868224437537469 ], [ 106.787813509552436, 10.868747454569487 ], [ 106.787821559923259, 10.868850492348471 ], [ 106.787850570951363, 10.869212481360227 ], [ 106.787859559869844, 10.869281432478397 ], [ 106.787864522815312, 10.869320471199414 ], [ 106.787873523290358, 10.869392498586661 ], [ 106.787903514735959, 10.869601511314242 ], [ 106.787942566728418, 10.869856512415941 ], [ 106.787948578836478, 10.86989347019864 ], [ 106.787952519835997, 10.869920488272745 ], [ 106.78795653239591, 10.869946512609856 ], [ 106.78796956484554, 10.870028470360914 ], [ 106.787981588469577, 10.870102473612834 ], [ 106.788028521349787, 10.870367483359075 ], [ 106.788037543743584, 10.870402441266295 ], [ 106.788048527266128, 10.870437481140243 ], [ 106.788049421490101, 10.870439795973422 ], [ 106.788053551159464, 10.870450485373562 ], [ 106.788071582150067, 10.87049445193537 ], [ 106.788103576009476, 10.87056251262376 ], [ 106.788217590177553, 10.870767446429589 ], [ 106.788262587740149, 10.870843507847285 ], [ 106.788277542874383, 10.870870490505052 ], [ 106.788587545897514, 10.871403486620057 ], [ 106.788623593403145, 10.871465473120848 ], [ 106.788641583270859, 10.871497508794393 ], [ 106.788743575727551, 10.871672466585562 ], [ 106.788761546263245, 10.871699436304903 ], [ 106.788807583847316, 10.871770434415843 ], [ 106.788816498742264, 10.87178300692427 ], [ 106.788834572086259, 10.871808495540225 ], [ 106.788859582682235, 10.871842495353082 ], [ 106.788920341376894, 10.871946009323764 ], [ 106.788920594371731, 10.871946438771765 ], [ 106.789105562243464, 10.871945452592906 ], [ 106.789190582137266, 10.871945436253769 ], [ 106.78931754786943, 10.871947447606249 ], [ 106.78973759306885, 10.871950455176263 ], [ 106.789747549948558, 10.871950422386631 ], [ 106.789758564379227, 10.871950476417801 ], [ 106.790505559981526, 10.871955450858962 ], [ 106.790520572887075, 10.87195549041814 ], [ 106.790542527731091, 10.871956409561788 ], [ 106.79090757936126, 10.871959422771775 ], [ 106.791290577288905, 10.871960476331479 ], [ 106.791329580854935, 10.871961428039905 ], [ 106.791376577334958, 10.871961450463056 ], [ 106.791410525392322, 10.871961424897664 ], [ 106.791425537382665, 10.871961465319659 ], [ 106.791480535180852, 10.871962454100826 ], [ 106.791547521304011, 10.87196240693196 ], [ 106.791587586793312, 10.871964442517555 ], [ 106.791626588138186, 10.871964491101529 ], [ 106.79171054890169, 10.871964476750829 ], [ 106.791758531070485, 10.871965490171554 ], [ 106.791813525413815, 10.871965484506754 ], [ 106.792050548441352, 10.87196540393972 ], [ 106.792152282542418, 10.87196919197334 ], [ 106.792159568079143, 10.87196946286948 ], [ 106.792159444741074, 10.871975295882807 ], [ 106.792159185462324, 10.871987546838907 ], [ 106.792156586624813, 10.87211042073117 ], [ 106.792145538722679, 10.872404467272085 ], [ 106.792150552823529, 10.872436454504466 ], [ 106.792156560788086, 10.872450446998119 ], [ 106.792181587437142, 10.872488424941354 ], [ 106.792234563077699, 10.872515458290367 ], [ 106.792264544806727, 10.872525482264621 ], [ 106.792296564792835, 10.8725354089213 ], [ 106.792343586748089, 10.872542482285679 ], [ 106.792509550863869, 10.872564429642138 ], [ 106.792855636926873, 10.8726028312455 ], [ 106.792872318849362, 10.872604682057176 ], [ 106.792879562354443, 10.872605486436129 ], [ 106.792879694787587, 10.872604118237996 ], [ 106.792890557198049, 10.872491443246625 ], [ 106.79301857519917, 10.872491460679337 ], [ 106.793185971770512, 10.872492423731403 ], [ 106.793186577232291, 10.872492427099662 ], [ 106.793453734535575, 10.872508005197624 ], [ 106.793460544028321, 10.872508402430027 ], [ 106.793729330150043, 10.872505553996142 ], [ 106.793736557784456, 10.872505477011233 ], [ 106.793754789187247, 10.872662039878835 ], [ 106.793755532054746, 10.872668418673612 ], [ 106.793797375740667, 10.872725210280814 ], [ 106.793825567122838, 10.87276347202018 ], [ 106.793834585410934, 10.872775465451122 ], [ 106.793841560957546, 10.87278547702757 ], [ 106.793867556962709, 10.87282046742199 ], [ 106.794131518653487, 10.873039443421179 ], [ 106.794271554679199, 10.873154418777627 ], [ 106.794581516794153, 10.873368446783019 ], [ 106.794727581055398, 10.873438468221689 ], [ 106.794920723128214, 10.873532063004841 ], [ 106.79492155588764, 10.87353246697111 ], [ 106.795591588095334, 10.873531452866562 ], [ 106.795890543240532, 10.87353043523775 ], [ 106.796070562538731, 10.873213392686052 ], [ 106.796236529315166, 10.873214454730292 ], [ 106.797502528989114, 10.873217373673596 ], [ 106.797588534661742, 10.873176396960824 ], [ 106.797769613067871, 10.873090517226089 ], [ 106.797784573650077, 10.873083420455808 ], [ 106.797749543866416, 10.872967456837612 ], [ 106.797736512517503, 10.872908374488055 ], [ 106.797732452348171, 10.872882069382142 ], [ 106.797729565623413, 10.872863374636337 ], [ 106.797724566592549, 10.872814390557261 ], [ 106.797724570895923, 10.872750380362637 ], [ 106.797729539476848, 10.872704436783623 ], [ 106.797743506080451, 10.872642368670837 ], [ 106.79774936584495, 10.87262483466071 ], [ 106.797764559243333, 10.872579375106339 ], [ 106.797778514674576, 10.872536380451631 ], [ 106.79778854412551, 10.872513383834649 ], [ 106.797807443495316, 10.872466648757351 ], [ 106.797809559850961, 10.872461416440412 ], [ 106.797830536213823, 10.872419396756211 ], [ 106.797867537981318, 10.872365387855481 ], [ 106.797905528318651, 10.87231345386742 ], [ 106.797940530600272, 10.872270391039969 ], [ 106.797974571961674, 10.872232393866707 ], [ 106.798012551717932, 10.872199443828551 ], [ 106.798102546648778, 10.872112435458991 ], [ 106.798130510669608, 10.872084404770588 ], [ 106.798155514326595, 10.872072385818614 ], [ 106.798218514226662, 10.872053366867712 ], [ 106.798256567181042, 10.872041392884766 ], [ 106.798287547805145, 10.872034416814603 ], [ 106.798313474086555, 10.872030991707895 ], [ 106.798337983431608, 10.872027754040854 ], [ 106.798431566136088, 10.872015390783769 ], [ 106.798458569119376, 10.872014394645134 ], [ 106.79848451230535, 10.872012406820717 ], [ 106.798509557022683, 10.872012411755973 ], [ 106.79857751319301, 10.872008383966961 ], [ 106.798600289704368, 10.872009156896468 ], [ 106.798606558935731, 10.872009368731748 ], [ 106.798696535961554, 10.872025425782194 ], [ 106.798724547152347, 10.8720323831537 ], [ 106.798799521737976, 10.872051384166873 ], [ 106.798842809156895, 10.872068575954341 ], [ 106.798919285899274, 10.872098949504581 ], [ 106.798945545018327, 10.87210937875739 ], [ 106.798992949339308, 10.872132177515116 ], [ 106.798995567597075, 10.872133437786625 ], [ 106.799047517457851, 10.872159404890422 ], [ 106.799055569719812, 10.872163430012012 ], [ 106.799287523716828, 10.872310363566353 ], [ 106.799374544924277, 10.872365395441413 ], [ 106.799626549845527, 10.872529440668549 ], [ 106.800111555692851, 10.872837431752925 ], [ 106.800147544922766, 10.872860361537034 ], [ 106.800242514731281, 10.872923414240624 ], [ 106.800459527119699, 10.873068411796382 ], [ 106.800830527095741, 10.873305367589225 ], [ 106.801087504560897, 10.873467405666728 ], [ 106.801266951770501, 10.873585347954673 ], [ 106.801272394148725, 10.873588924520881 ], [ 106.801274567615806, 10.87359035262808 ], [ 106.801353568626055, 10.873574351853454 ], [ 106.801359506402164, 10.873573141874953 ], [ 106.801441543107515, 10.873556421053175 ], [ 106.801644508244877, 10.87352435498401 ], [ 106.801832553446687, 10.873497402240977 ], [ 106.801965564933639, 10.873480401889822 ], [ 106.80217956786332, 10.873455349747303 ], [ 106.802225499457393, 10.8734523882401 ], [ 106.802467531458205, 10.87343935524148 ], [ 106.802635512636556, 10.873434350145793 ], [ 106.802675566877539, 10.873433399307013 ], [ 106.802865534660924, 10.873438353996917 ], [ 106.802945691377687, 10.873442121945452 ], [ 106.802951547465312, 10.873442396576703 ], [ 106.803279491632281, 10.873469390263086 ], [ 106.803320549049914, 10.873474402266828 ], [ 106.803505542626638, 10.873502337792868 ], [ 106.803782133502665, 10.873546311388422 ], [ 106.80395253209349, 10.873573402648962 ], [ 106.804046503493254, 10.873588359565206 ], [ 106.804091493071283, 10.873596342058306 ], [ 106.804227002012794, 10.873629312221361 ], [ 106.804243552636123, 10.873633339673374 ], [ 106.804263931434292, 10.873640681591398 ], [ 106.804332532012182, 10.873665399127926 ], [ 106.804406501063482, 10.873698416780488 ], [ 106.804466497713435, 10.873727412589661 ], [ 106.80454851649273, 10.873775409788273 ], [ 106.804646514718996, 10.873841341595625 ], [ 106.80469455289446, 10.87387932885853 ], [ 106.80474654011185, 10.873925349912991 ], [ 106.804822538438017, 10.873999404547655 ], [ 106.804898554870633, 10.874078339763521 ], [ 106.804986521740346, 10.874187340545479 ], [ 106.805043512813583, 10.874283340668246 ], [ 106.805115508509658, 10.874463365234343 ], [ 106.805127767878105, 10.874513408932586 ], [ 106.805137549759181, 10.874553337307102 ], [ 106.805149553370555, 10.874620379687343 ], [ 106.805185553604588, 10.87479637039141 ], [ 106.805217568376207, 10.874933410814714 ], [ 106.805223739407765, 10.874970185799231 ], [ 106.805235091246828, 10.875037827950376 ], [ 106.805235521881613, 10.875040391102782 ], [ 106.805365607968056, 10.87499920387973 ], [ 106.805655543003297, 10.874907404102753 ], [ 106.805741560130315, 10.874869408308415 ], [ 106.805817555335452, 10.874835334113637 ], [ 106.806161496363401, 10.874691397524929 ], [ 106.80636153603038, 10.874599397244641 ], [ 106.80644354882233, 10.87456033024641 ], [ 106.807296484298249, 10.874100384394584 ], [ 106.807493529800354, 10.873994379130759 ], [ 106.807527488607249, 10.873976361347102 ], [ 106.807639497049053, 10.873907356293412 ], [ 106.807674493721606, 10.873884362052676 ], [ 106.807703548602902, 10.873866362039234 ], [ 106.807745547799257, 10.87383936610938 ], [ 106.80781553225961, 10.873769329594483 ], [ 106.807858535776575, 10.873727322994551 ], [ 106.80786853000717, 10.873716349352621 ], [ 106.807909481834159, 10.873670371335756 ], [ 106.808004484750313, 10.873550343662616 ], [ 106.808146487088905, 10.873408366035852 ], [ 106.808329490976121, 10.873214353363496 ], [ 106.808437504997926, 10.873125379945192 ], [ 106.808556173731816, 10.873024991217243 ], [ 106.808560477687109, 10.87302135137395 ], [ 106.808602546079385, 10.873078343330565 ], [ 106.808668497813187, 10.873169337149674 ], [ 106.808709506422375, 10.87322533925053 ], [ 106.808855496259, 10.873423372055408 ], [ 106.808889636371404, 10.873477270701738 ], [ 106.808917551053653, 10.87352133998548 ], [ 106.809024513444726, 10.873662085546488 ], [ 106.809221540082689, 10.873921343220706 ], [ 106.809262545394759, 10.873976350845219 ], [ 106.809313544853396, 10.874041359228961 ], [ 106.809900541392892, 10.874837366029681 ], [ 106.809950488329051, 10.874903372302329 ], [ 106.810440545907738, 10.87556934471246 ], [ 106.810909557359636, 10.876214323071606 ], [ 106.811223533925357, 10.876642313942956 ], [ 106.811471544861817, 10.87699630829081 ], [ 106.811828507248165, 10.877484362920987 ], [ 106.812299560858321, 10.878128337084393 ], [ 106.812789980663439, 10.87882172961919 ], [ 106.81304128557781, 10.87913196313329 ], [ 106.813044538733124, 10.87913633713573 ], [ 106.813122496295222, 10.87905931109389 ], [ 106.813160535589077, 10.879022293810204 ], [ 106.813636458886478, 10.878577337112921 ], [ 106.813802911193818, 10.878421714183528 ], [ 106.813806561112784, 10.87841830253034 ], [ 106.813827536530454, 10.8784402881681 ], [ 106.813841545621202, 10.87845533810578 ], [ 106.813863510231286, 10.87848030619832 ], [ 106.813920521171411, 10.878538330267654 ], [ 106.814156560419832, 10.878791287243374 ], [ 106.814253557131295, 10.878881208319557 ], [ 106.814293554778757, 10.878918287929043 ], [ 106.814358524364863, 10.878987313916612 ], [ 106.814885534402805, 10.879326324942761 ], [ 106.814935528158813, 10.879361970409223 ], [ 106.815233688282319, 10.879574557462131 ], [ 106.81525854032752, 10.879592277159597 ], [ 106.815131533377937, 10.87970735651769 ], [ 106.81511519581143, 10.879731000133004 ], [ 106.815111494265366, 10.879736356465985 ], [ 106.815184510570262, 10.879840342407389 ], [ 106.815682290615328, 10.880509853852223 ], [ 106.815978525529275, 10.88090828826636 ], [ 106.815986564481335, 10.880920284338821 ], [ 106.816295902149307, 10.881345044993211 ], [ 106.816295968327353, 10.881345136970427 ], [ 106.816297532605731, 10.881347283939627 ], [ 106.816473566376459, 10.881293333403374 ], [ 106.816554535341652, 10.881278316167499 ], [ 106.816635502457942, 10.881263296205418 ], [ 106.816751532471244, 10.881222301159241 ], [ 106.81680055718418, 10.881198262741231 ], [ 106.817004029077964, 10.881161911286704 ], [ 106.817007505991199, 10.881161289008963 ], [ 106.81712756847358, 10.881193330396934 ], [ 106.817169536418191, 10.881221300435154 ], [ 106.817216507554122, 10.881256305105847 ], [ 106.817237546884272, 10.881275307074501 ], [ 106.817250451469846, 10.881287279865758 ], [ 106.817292497135071, 10.881326289148138 ], [ 106.817335534336493, 10.881485346737708 ], [ 106.817351522527233, 10.88154731213881 ], [ 106.817364507688694, 10.881698337380362 ], [ 106.817385516437554, 10.881793281881615 ], [ 106.817390521198149, 10.881885301568627 ], [ 106.817512507076231, 10.882140278231054 ], [ 106.817658520056085, 10.882617305216939 ], [ 106.817683558850277, 10.882721276469468 ], [ 106.817706490904897, 10.882832062093508 ], [ 106.81772454939626, 10.882919308483308 ], [ 106.817737519616969, 10.88298128343814 ], [ 106.817796187639971, 10.883140258507765 ], [ 106.817823520885852, 10.883214324985692 ], [ 106.817812212860616, 10.883216672211173 ], [ 106.817741577233974, 10.883231336573841 ], [ 106.817682349923544, 10.883271052396989 ], [ 106.817671512142809, 10.883278320209714 ], [ 106.817670423482141, 10.883312148605743 ], [ 106.81766852307409, 10.883371268957012 ], [ 106.81769453856252, 10.883516284292321 ], [ 106.817714742321371, 10.883597753042617 ], [ 106.817728521119918, 10.883653314080254 ], [ 106.817733566853178, 10.883672282133944 ], [ 106.817726590343355, 10.883674106247438 ], [ 106.817706585534921, 10.883679337620871 ], [ 106.817594582024569, 10.883707302533805 ], [ 106.817600541518601, 10.883728347493989 ], [ 106.817720544491223, 10.884040288577479 ], [ 106.817769568256196, 10.88416433715515 ], [ 106.817769700253635, 10.884164676596306 ], [ 106.817785557032309, 10.884205327212385 ], [ 106.81779157705644, 10.884222302191029 ], [ 106.817910559101762, 10.884289332234271 ], [ 106.818059368034781, 10.884374762209266 ], [ 106.818062318183337, 10.884376455060627 ], [ 106.818065525864498, 10.884378296174146 ], [ 106.818109521972445, 10.884255279042584 ], [ 106.818133265590546, 10.884236147530764 ], [ 106.818134390072018, 10.884235241435185 ], [ 106.818135550119635, 10.884234306288148 ], [ 106.818434522095018, 10.884299263294048 ], [ 106.818436508366787, 10.884317929200082 ], [ 106.818436526346474, 10.884318098183646 ], [ 106.8184365509602, 10.884318332231416 ], [ 106.818653264042311, 10.884323175256627 ], [ 106.818656950197834, 10.884323257340981 ], [ 106.818660548542596, 10.884323337019071 ], [ 106.818659516598601, 10.884393317580439 ], [ 106.818656629612022, 10.884478889389504 ], [ 106.818656627154994, 10.884478969853177 ], [ 106.818656582499841, 10.884480297970082 ], [ 106.818754656747544, 10.884466715728472 ], [ 106.818931399528097, 10.8844422403109 ], [ 106.818938512570227, 10.884441255500322 ], [ 106.81893881120476, 10.884443697041227 ], [ 106.818939906906749, 10.884452677077737 ], [ 106.818951566823159, 10.884548254201947 ], [ 106.818959577542429, 10.884700290072834 ], [ 106.818969579596839, 10.884839304261869 ], [ 106.81897855753509, 10.884924256184034 ], [ 106.818993514172419, 10.884993275249204 ], [ 106.81900148919118, 10.885314585160147 ], [ 106.819001530884663, 10.88531627457211 ], [ 106.819018568455434, 10.885334295023796 ], [ 106.819162235585651, 10.88534746558938 ], [ 106.81916843225855, 10.885348033402764 ], [ 106.819171535628527, 10.88534831819584 ], [ 106.819240305128204, 10.885350123431859 ], [ 106.819247586094022, 10.885350313214058 ], [ 106.819247568674243, 10.88536491903899 ], [ 106.819247567256326, 10.885366316612256 ], [ 106.819230471863136, 10.885449029774994 ], [ 106.819221538461775, 10.885492255343054 ], [ 106.819215323892081, 10.885517188243487 ], [ 106.819214546614731, 10.88552030519663 ], [ 106.819240095099602, 10.885596920627194 ], [ 106.819280582577804, 10.885718338170392 ], [ 106.819301579244723, 10.885788331454485 ], [ 106.819317065158032, 10.885844668380052 ], [ 106.819337380707765, 10.885918577404791 ], [ 106.819337578087314, 10.885919297196891 ], [ 106.819403578398735, 10.885916265744267 ], [ 106.819493535382037, 10.885883314606001 ], [ 106.81960237896287, 10.885822908535419 ], [ 106.819603535486223, 10.885822267191731 ], [ 106.819679399733189, 10.885835097961388 ], [ 106.81968053087445, 10.885835289280427 ], [ 106.819681356792188, 10.885836321469796 ], [ 106.819704552313809, 10.88586531021476 ], [ 106.819741367499375, 10.885876922903112 ], [ 106.819742541351047, 10.885877293062961 ], [ 106.819771545444866, 10.885950331051284 ], [ 106.819779322395576, 10.886014412177275 ], [ 106.819779545755608, 10.886016260961517 ], [ 106.819779550477008, 10.88601630252858 ], [ 106.819828428466778, 10.886018682290059 ], [ 106.819902540388611, 10.886022291181556 ], [ 106.819947276464603, 10.886024002852151 ], [ 106.819954523921638, 10.886024281323852 ], [ 106.819959567205856, 10.886042253133592 ], [ 106.819960322156206, 10.886045183043725 ], [ 106.819975554750286, 10.886104307805857 ], [ 106.820009522765432, 10.886194326172253 ], [ 106.820068763191955, 10.886453922596118 ], [ 106.820069532527071, 10.886457294506453 ], [ 106.820133721369743, 10.886427952259403 ], [ 106.820389791761286, 10.88631089560544 ], [ 106.820408534491818, 10.886302328207288 ], [ 106.820361589088876, 10.886169320742168 ], [ 106.820458584126641, 10.886142311106211 ], [ 106.820397586466029, 10.885898333709983 ], [ 106.820863557380463, 10.885752314730293 ], [ 106.820873286171675, 10.885749265977196 ], [ 106.820879562514762, 10.885747298690664 ], [ 106.820902537371126, 10.885801283411697 ], [ 106.820914687765324, 10.885832208071461 ], [ 106.820926518788681, 10.885862315734594 ], [ 106.821007072036593, 10.885880711036672 ], [ 106.821009570047039, 10.88588128177585 ], [ 106.821118567253606, 10.885877285400641 ], [ 106.821217540829579, 10.885834267118806 ], [ 106.821249054169172, 10.885794462945622 ], [ 106.821251386872703, 10.885791516837575 ], [ 106.82125156168425, 10.885791294749971 ], [ 106.821254418314183, 10.885793427232793 ], [ 106.821318580172189, 10.885841328025359 ], [ 106.821403538916357, 10.885908295455787 ], [ 106.821421583114613, 10.885996289144991 ], [ 106.821446409056932, 10.886090906186238 ], [ 106.821446514762201, 10.886091308996347 ], [ 106.821489515893802, 10.886091250158959 ], [ 106.821538581252099, 10.886078241287295 ], [ 106.821675551995668, 10.886007245504446 ], [ 106.821814736942997, 10.885999693833126 ], [ 106.821817570771458, 10.885999540201297 ], [ 106.821821575073358, 10.885999322818067 ], [ 106.82183038791608, 10.886014575781594 ], [ 106.821847536878238, 10.886044254414662 ], [ 106.821890573269059, 10.886117243141312 ], [ 106.822010098101529, 10.886225389288176 ], [ 106.822016587223388, 10.886231259723949 ], [ 106.822141557949195, 10.886285247787756 ], [ 106.822200003328831, 10.886333038169681 ], [ 106.822201558144158, 10.886334310073593 ], [ 106.822363551297855, 10.886636249460878 ], [ 106.822407524269778, 10.886760314713635 ], [ 106.822416551249745, 10.886795271152712 ], [ 106.822455589222457, 10.886847300301691 ], [ 106.822489551445244, 10.886893288651185 ], [ 106.822509567116356, 10.886919697431617 ], [ 106.822514564372284, 10.886926290835858 ], [ 106.822638524779606, 10.886993302342576 ], [ 106.822908503118981, 10.887130289083283 ], [ 106.822908564510556, 10.887130320508241 ], [ 106.822933891985528, 10.887131596971276 ], [ 106.823218314042236, 10.887145933966226 ], [ 106.823223658180083, 10.88714620364706 ], [ 106.823225546284533, 10.887146299193963 ], [ 106.824323564867967, 10.887837238743634 ], [ 106.824412559243925, 10.887893251022104 ], [ 106.824710540134589, 10.888080254163379 ], [ 106.824915526409157, 10.888210266330622 ], [ 106.824895550940184, 10.888783247828526 ], [ 106.824874579459944, 10.888825270870724 ], [ 106.824710555194201, 10.889157280082806 ], [ 106.82465498116575, 10.889259582026343 ], [ 106.823925567282075, 10.89060229980403 ], [ 106.823912604275009, 10.890627298878846 ], [ 106.823898591189305, 10.890653294208597 ], [ 106.823877602622062, 10.890712313146068 ], [ 106.823894290510523, 10.890801286721961 ], [ 106.823895599643762, 10.890808262736295 ], [ 106.823915542190221, 10.890857283097693 ], [ 106.823940581088252, 10.890918313178144 ], [ 106.82394454215553, 10.890929238471985 ], [ 106.823942559022015, 10.891007265929176 ], [ 106.823942609246089, 10.891021279379185 ], [ 106.823938630775558, 10.891047861522882 ], [ 106.823923600266468, 10.891148278537457 ], [ 106.823916605788781, 10.89147024306954 ], [ 106.823921566026996, 10.891654295785095 ], [ 106.823894547608319, 10.891756279798557 ], [ 106.823844549014026, 10.891846230824036 ], [ 106.823771607680911, 10.891954251529315 ], [ 106.823756597720873, 10.892018311868215 ], [ 106.823799568772685, 10.892199249257217 ], [ 106.823866595495815, 10.892335258266268 ], [ 106.823891569488239, 10.892420244248836 ], [ 106.823925550046226, 10.892492269852321 ], [ 106.824004591217289, 10.892570286588143 ], [ 106.824064029719253, 10.892580593631083 ], [ 106.824069890649454, 10.892581609076522 ], [ 106.824073587139509, 10.892582250618766 ], [ 106.824116578785748, 10.892579295887042 ], [ 106.824142600193298, 10.892577307283792 ], [ 106.824188607930921, 10.892574253388156 ], [ 106.824306568086655, 10.892545271488045 ], [ 106.824326543806691, 10.89254022777479 ], [ 106.824439615848263, 10.892515242303324 ], [ 106.824525620253453, 10.892518035352191 ], [ 106.82453257224897, 10.892518261400644 ], [ 106.824610570074725, 10.892558309605398 ], [ 106.824630517894818, 10.892585778801855 ], [ 106.824647568506791, 10.892609261617391 ], [ 106.824675608123371, 10.892665305540056 ], [ 106.824710544073241, 10.892730276581961 ], [ 106.824801611667425, 10.892796225192598 ], [ 106.824896589735999, 10.892837299496135 ], [ 106.825065561190613, 10.892874226352667 ], [ 106.825122601822414, 10.892918235924508 ], [ 106.825187586273671, 10.893010223906764 ], [ 106.825268576542598, 10.893148261841768 ], [ 106.825244557114061, 10.893203224440475 ], [ 106.825191589772444, 10.893222305293488 ], [ 106.825184822160836, 10.893221725155882 ], [ 106.825120577914277, 10.893216226328397 ], [ 106.825118612587232, 10.893216286553386 ], [ 106.825020552899758, 10.893219287118091 ], [ 106.824921569862468, 10.89328129327105 ], [ 106.824882581173554, 10.893369306583656 ], [ 106.824872599904893, 10.8934682468782 ], [ 106.824960588923929, 10.893643237080113 ], [ 106.825004588971183, 10.893753291615528 ], [ 106.825071856756949, 10.893803038195104 ], [ 106.825073576260081, 10.893804310405844 ], [ 106.825803612791233, 10.893689202923355 ], [ 106.825809547230563, 10.893688268173822 ], [ 106.826070597400602, 10.893946278721959 ], [ 106.826414547879551, 10.894285275526514 ], [ 106.826745620405191, 10.894693296738247 ], [ 106.826773953281091, 10.894732029830005 ], [ 106.826775568227333, 10.894734236215955 ], [ 106.826950617690699, 10.894678291136383 ], [ 106.827024590799965, 10.894647293958167 ], [ 106.827138611752488, 10.894592287215438 ], [ 106.827346604251645, 10.894487227391824 ], [ 106.827457550943137, 10.894437293669251 ], [ 106.827560557507326, 10.894382234180808 ], [ 106.827590601890975, 10.894345244125462 ], [ 106.827643546263573, 10.894320287019999 ], [ 106.827773551482622, 10.89430427974434 ], [ 106.827944617551609, 10.894252236183675 ], [ 106.82803004242804, 10.894224759330767 ], [ 106.828031577233432, 10.894224264878327 ], [ 106.82811559104718, 10.894237260841612 ], [ 106.828169572223274, 10.894290230004092 ], [ 106.828289556461073, 10.894404264615801 ], [ 106.828401551047833, 10.894477281747388 ], [ 106.828503604251637, 10.894535235410105 ], [ 106.828637554244452, 10.894567219202107 ], [ 106.828724585982343, 10.894622243369803 ], [ 106.828813346109428, 10.894670072926788 ], [ 106.828815594990317, 10.894671285396988 ], [ 106.828889560323887, 10.894659272437996 ], [ 106.828994439850248, 10.894658304976648 ], [ 106.829000607027993, 10.894658248020621 ], [ 106.829101545524239, 10.894699210441324 ], [ 106.829190199096217, 10.894724805802218 ], [ 106.829191566071742, 10.894725201457398 ], [ 106.829242563380546, 10.894725202772143 ], [ 106.829310615066717, 10.89469603839658 ], [ 106.829312541967624, 10.894695211698563 ], [ 106.829369547696103, 10.894708211058544 ], [ 106.829440567657173, 10.894737253843111 ], [ 106.829505963960358, 10.894778849276287 ], [ 106.829506580007731, 10.89477924124566 ], [ 106.829552599939674, 10.894779260030351 ], [ 106.82964635696213, 10.894776360809029 ], [ 106.829651568886305, 10.894776199628625 ], [ 106.829703599009932, 10.894790209923231 ], [ 106.829746140058674, 10.894813934412291 ], [ 106.829746612041276, 10.894814196714368 ], [ 106.829746732736751, 10.89481444036571 ], [ 106.829770549166298, 10.894862209927229 ], [ 106.829780550928561, 10.894874197727171 ], [ 106.829795600072103, 10.894884272997443 ], [ 106.829824605124699, 10.894894206011056 ], [ 106.82983754597926, 10.89490528037641 ], [ 106.829861343322364, 10.894928975030361 ], [ 106.829862607312052, 10.894930233448045 ], [ 106.829904606687876, 10.894924208723882 ], [ 106.829923428070771, 10.894924212949931 ], [ 106.829928596681583, 10.89492421463469 ], [ 106.829939543996105, 10.894926256152502 ], [ 106.829950547757491, 10.894944207631085 ], [ 106.829946575069926, 10.894972248815693 ], [ 106.82998156261371, 10.895009283045754 ], [ 106.830014563785468, 10.89503927226985 ], [ 106.83003459182278, 10.895049236879728 ], [ 106.830090544833027, 10.895063234189074 ], [ 106.830132604591682, 10.895074205066235 ], [ 106.830148551730005, 10.89508219617734 ], [ 106.830199587737539, 10.895113205728421 ], [ 106.830207870448959, 10.895116185016525 ], [ 106.830208065518207, 10.895116254840261 ], [ 106.830252616675153, 10.895132275630262 ], [ 106.830316569858013, 10.895147240000359 ], [ 106.830349582100823, 10.895159238010518 ], [ 106.830369603897054, 10.895167213848925 ], [ 106.830386551539576, 10.89518125812916 ], [ 106.830418575877502, 10.895212245130569 ], [ 106.830438544025156, 10.895244902688489 ], [ 106.830440583812702, 10.89524824025006 ], [ 106.830562612692333, 10.895447247672971 ], [ 106.830671550154605, 10.895614207855241 ], [ 106.830688607964831, 10.895658267681497 ], [ 106.8307555929876, 10.895823205209819 ], [ 106.830766097474424, 10.895849277109438 ], [ 106.830778581585321, 10.895880260618783 ], [ 106.830781590669801, 10.895885562738222 ], [ 106.83082056887433, 10.895954246704106 ], [ 106.830849348151304, 10.895986232239055 ], [ 106.830874574447861, 10.896014269029003 ], [ 106.830934577684033, 10.896063238856209 ], [ 106.831123041584334, 10.896217261742223 ], [ 106.831306549254236, 10.896367234035932 ], [ 106.83146455677587, 10.896501201585892 ], [ 106.831482033208744, 10.896511953418974 ], [ 106.831529582117383, 10.896541203198746 ], [ 106.831590550933242, 10.896565217653698 ], [ 106.831595509078397, 10.896566451278888 ], [ 106.831604919112522, 10.896568791044992 ], [ 106.831607839440821, 10.896569518395035 ], [ 106.831614563507074, 10.896571189647069 ], [ 106.831633451653829, 10.89652786005958 ], [ 106.831634220902103, 10.896526097285392 ], [ 106.831634614585994, 10.896525191910714 ], [ 106.831648597277166, 10.896532193670211 ], [ 106.831715615507946, 10.896560254693528 ], [ 106.831745545461843, 10.896575248368546 ], [ 106.831777587288826, 10.896590232780886 ], [ 106.831715823511928, 10.896735597368373 ], [ 106.831715572288559, 10.896736187653453 ], [ 106.831751554508159, 10.896735248014943 ], [ 106.831782558987598, 10.896734234633358 ], [ 106.831789189831341, 10.896733645341682 ], [ 106.831838594700983, 10.896729244881296 ], [ 106.831941568449309, 10.896707184043857 ], [ 106.83206560927681, 10.896669227263583 ], [ 106.832122555091928, 10.896644255261984 ], [ 106.832142221676435, 10.896644253646659 ], [ 106.832148582080578, 10.896644252892685 ], [ 106.832278546098536, 10.896700208269882 ], [ 106.832393603074934, 10.896744192303846 ], [ 106.832386590441217, 10.896766185719024 ], [ 106.832378479334054, 10.89679349663939 ], [ 106.832307198859993, 10.89703347983556 ], [ 106.832301619745323, 10.89705226265602 ], [ 106.832314613566638, 10.897057189609272 ], [ 106.832382599904605, 10.897081269515009 ], [ 106.83244960360993, 10.897105261571479 ], [ 106.832519585635453, 10.897139187840692 ], [ 106.832601817986543, 10.897173257054737 ], [ 106.83262924251413, 10.897184619130815 ], [ 106.832635178279801, 10.897187077801744 ], [ 106.832635564838569, 10.897187238250059 ], [ 106.832636200664084, 10.897185761604399 ], [ 106.832643656470566, 10.897168460112512 ], [ 106.832644617021046, 10.897166232012164 ], [ 106.832649736638814, 10.897168358186351 ], [ 106.832667202317722, 10.897175607942097 ], [ 106.832673554890363, 10.897178245033448 ], [ 106.832696001568394, 10.897123979065375 ], [ 106.832696436796354, 10.897122928001211 ], [ 106.832697562031044, 10.897120207551053 ], [ 106.832772613952315, 10.897158184693392 ], [ 106.832771484150072, 10.89716014762009 ], [ 106.832753571768578, 10.89719125193502 ], [ 106.832704557534825, 10.897281198929598 ], [ 106.832679592493506, 10.89730425103838 ], [ 106.832631606679158, 10.897407211783335 ], [ 106.832616550290751, 10.897437191392644 ], [ 106.832652896889584, 10.897454038980104 ], [ 106.83265758588486, 10.897456211873687 ], [ 106.83267106173345, 10.8974469680391 ], [ 106.832672954921904, 10.897445669557971 ], [ 106.832673614572343, 10.897445217043609 ], [ 106.832739583551742, 10.897475178984582 ], [ 106.832749560357499, 10.897480206970901 ], [ 106.832774576321597, 10.897492232926695 ], [ 106.832798606378631, 10.897503267978506 ], [ 106.832864570025819, 10.897531242949052 ], [ 106.833024620018534, 10.897604177913944 ], [ 106.833123577683054, 10.897660241508742 ], [ 106.83314953277204, 10.897699511134414 ], [ 106.833162568251581, 10.897719231620053 ], [ 106.833191575776425, 10.897750228934346 ], [ 106.833213539041751, 10.897772716610607 ], [ 106.833273583687514, 10.89783419872443 ], [ 106.833246618649227, 10.897867200880192 ], [ 106.833309616028259, 10.897930265372493 ], [ 106.833318847270448, 10.897967360329465 ], [ 106.833320561557855, 10.897974254390903 ], [ 106.833362557383879, 10.897925195860036 ], [ 106.833391600323296, 10.897920211701807 ], [ 106.833423112180995, 10.897914803886142 ], [ 106.833426568304375, 10.897914211313147 ], [ 106.833484561529417, 10.89792919510948 ], [ 106.833524572335008, 10.897936196081357 ], [ 106.83353657165101, 10.897937236643893 ], [ 106.833589556515221, 10.897944192653524 ], [ 106.83364286954739, 10.897949832195312 ], [ 106.833646614614409, 10.897950227558201 ], [ 106.833649408847634, 10.897950226720726 ], [ 106.833679537166162, 10.897950215136969 ], [ 106.833732619348055, 10.897950194724002 ], [ 106.833743555991759, 10.897949252979705 ], [ 106.833781563170689, 10.897945231477927 ], [ 106.833899306183014, 10.897945240971483 ], [ 106.833900669915408, 10.897945240669621 ], [ 106.833906573024422, 10.897945240589474 ], [ 106.833907589839328, 10.897976247298789 ], [ 106.833914617380827, 10.898292195971161 ], [ 106.833938558140474, 10.898299253704684 ], [ 106.834002595231411, 10.898316203885535 ], [ 106.834113370747261, 10.898347070138268 ], [ 106.83414260759038, 10.898355216506751 ], [ 106.834228620901413, 10.898378237821095 ], [ 106.834322979258019, 10.898404744285211 ], [ 106.834324606233736, 10.898405200466495 ], [ 106.834686567012085, 10.898401208857514 ], [ 106.834743597832684, 10.898400193466465 ], [ 106.834750648055987, 10.89840023270129 ], [ 106.834753556683737, 10.898400248624265 ], [ 106.834771542423027, 10.898401809439315 ], [ 106.834776572718937, 10.898402245438932 ], [ 106.834830586163733, 10.898401240709319 ], [ 106.834853596829703, 10.898401250578555 ], [ 106.834948568887441, 10.898398202506058 ], [ 106.835031547307665, 10.898396192143844 ], [ 106.835126604579727, 10.898396217262917 ], [ 106.83547257885084, 10.898394177876627 ], [ 106.835716557703904, 10.898393223454525 ], [ 106.836431586279815, 10.898388159890773 ], [ 106.837026584336698, 10.898383156917378 ], [ 106.838198019524526, 10.898373240518596 ], [ 106.838203605082484, 10.898373193570988 ], [ 106.838467604491981, 10.898442232768513 ], [ 106.838675563905539, 10.89849420195571 ], [ 106.840232914860493, 10.898923276056793 ], [ 106.840562078050837, 10.897798914154395 ], [ 106.841428523594146, 10.895818128152563 ], [ 106.841802507867811, 10.894809209062835 ], [ 106.841973567979437, 10.894363165932996 ], [ 106.842515507454081, 10.892947178543421 ], [ 106.843010510387671, 10.891281203137408 ], [ 106.843306542396334, 10.889483127781331 ], [ 106.843512500182825, 10.887210193734388 ], [ 106.843567496459272, 10.885390194904151 ], [ 106.843542669731661, 10.884474213991734 ], [ 106.843540473698994, 10.884393193286316 ], [ 106.843537510406335, 10.884139160168196 ], [ 106.843584456073216, 10.883959171668911 ], [ 106.843690490843727, 10.883805192653014 ], [ 106.843749009717015, 10.88376963658097 ], [ 106.844169445394257, 10.883514183952963 ], [ 106.844706465714026, 10.883196114695075 ], [ 106.845150443248031, 10.882933166055723 ], [ 106.845350436554483, 10.882790151119208 ], [ 106.845543448817807, 10.882615158188722 ], [ 106.845944477135603, 10.882284102994387 ], [ 106.846961436048161, 10.88120417569837 ], [ 106.847148477627115, 10.881006148996734 ], [ 106.847652409415687, 10.880451147659885 ], [ 106.84779244766807, 10.880252113502666 ], [ 106.848460250413439, 10.879307265917559 ], [ 106.848667445481112, 10.879014114473771 ], [ 106.849360455881182, 10.878140112453121 ], [ 106.849689410675722, 10.877762117056019 ], [ 106.850180395785685, 10.877197125474616 ], [ 106.851059409247227, 10.876277066893369 ], [ 106.851145072167142, 10.876104713130081 ], [ 106.851185440986782, 10.876024110433322 ], [ 106.851229404765192, 10.875732119569998 ], [ 106.851192365488473, 10.875095062926224 ], [ 106.851190365887319, 10.875064060816753 ], [ 106.851099416950163, 10.874578088165004 ], [ 106.850982394808568, 10.873976126801152 ], [ 106.850888382874118, 10.87349812091124 ], [ 106.850757386916655, 10.873076118055225 ], [ 106.850607383737383, 10.872737089168291 ], [ 106.850456401770984, 10.872398152265022 ], [ 106.85039815433737, 10.872281653207853 ], [ 106.850200381370428, 10.871886099167504 ], [ 106.850101361676323, 10.871688101078874 ], [ 106.850077448540986, 10.871640387742032 ], [ 106.849675356904584, 10.870838082069911 ], [ 106.849263365937006, 10.869983133276953 ], [ 106.849174353681647, 10.869798117202027 ], [ 106.84910638113935, 10.869673146096037 ], [ 106.848413359354865, 10.868395099038135 ], [ 106.848287362050925, 10.86818309347875 ], [ 106.848208265010356, 10.868050674154413 ], [ 106.848017387277764, 10.867731119294724 ], [ 106.847738382015862, 10.867264076904069 ], [ 106.847560395167122, 10.866965105410921 ], [ 106.847312359649365, 10.866550118052055 ], [ 106.847302347393807, 10.866535145865003 ], [ 106.84712638955078, 10.866275131169237 ], [ 106.84697735427315, 10.866054165455378 ], [ 106.846802379184425, 10.865795138676246 ], [ 106.846702328096569, 10.865540095925727 ], [ 106.846695348111581, 10.865302081222728 ], [ 106.846690377453712, 10.865097146042103 ], [ 106.846726364150896, 10.864871088725943 ], [ 106.846956434602504, 10.863963195695794 ], [ 106.847076312042034, 10.863490139289082 ], [ 106.847476341061039, 10.862293079084818 ], [ 106.848411287534049, 10.859493088428911 ], [ 106.849423379386678, 10.856626648854929 ], [ 106.849561262491306, 10.856236135341986 ], [ 106.851032301021547, 10.853446067382809 ], [ 106.851494622189676, 10.852588369435901 ], [ 106.854339230752771, 10.847311049345981 ], [ 106.856684173456728, 10.842673073620094 ], [ 106.858674153785728, 10.84044905118126 ], [ 106.863006097422655, 10.835607975331607 ], [ 106.864516862290571, 10.833958695663423 ], [ 106.865036214917268, 10.833391726214792 ], [ 106.871637485282477, 10.826185215695661 ], [ 106.872726913297754, 10.824995903232264 ], [ 106.875235487657648, 10.822257328780712 ], [ 106.87920444097422, 10.817924481775393 ], [ 106.880110937918488, 10.81693487211769 ], [ 106.881313934422053, 10.814225870773386 ], [ 106.881491433584642, 10.813107179026021 ], [ 106.88180596460839, 10.811124846888861 ], [ 106.881911910039591, 10.808483869670892 ], [ 106.881516905207931, 10.806380927744115 ], [ 106.88096886882856, 10.804736905995211 ], [ 106.880765648901175, 10.804321369077426 ], [ 106.880120866676052, 10.803002937992444 ], [ 106.87820487537725, 10.800537950639193 ], [ 106.877853098543426, 10.80026884157806 ], [ 106.874200891749751, 10.797474910939986 ], [ 106.873127853082082, 10.796533607647333 ], [ 106.866534848608879, 10.790750011628701 ], [ 106.865311883072465, 10.789103950898513 ], [ 106.86480281973823, 10.787421955750792 ], [ 106.864721078977695, 10.785914420696523 ], [ 106.864734042920304, 10.785847197258251 ], [ 106.865255811824198, 10.78424396632361 ], [ 106.865678833239471, 10.783514937129723 ], [ 106.866101782680403, 10.782786992559396 ], [ 106.867952757254798, 10.781019912189201 ], [ 106.86908081665247, 10.780050925521634 ], [ 106.871503758062786, 10.778365929915584 ], [ 106.872179626655921, 10.777632221469172 ], [ 106.87325673735613, 10.776462934253116 ], [ 106.874217764888471, 10.774223961056455 ], [ 106.874631725129859, 10.772768899142605 ], [ 106.874656128146412, 10.772364864185263 ], [ 106.87476472113633, 10.770566921982287 ], [ 106.874547710238147, 10.769514920700052 ], [ 106.874000718637433, 10.76811993915817 ], [ 106.873358709023492, 10.767108893837943 ], [ 106.872581664097993, 10.766326885556808 ], [ 106.871437688577188, 10.765565911420552 ], [ 106.870351712783787, 10.765071965418651 ], [ 106.869053693578152, 10.764598940075604 ], [ 106.868065682274363, 10.764391946567017 ], [ 106.867174499252613, 10.764309159073054 ], [ 106.866967660217497, 10.764289944040076 ], [ 106.866966360748251, 10.764290096972827 ], [ 106.865960648246968, 10.764408594317983 ], [ 106.865279747623532, 10.764488821221887 ], [ 106.864955730591291, 10.764526997931647 ], [ 106.863023710188855, 10.765375988341267 ], [ 106.861247719755326, 10.766682955808253 ], [ 106.859705723856706, 10.768219975704742 ], [ 106.858472746310696, 10.770027015983048 ], [ 106.85694679243224, 10.771732033751809 ], [ 106.854616772855778, 10.77355699118899 ], [ 106.851910804485243, 10.774638041946734 ], [ 106.848236806795569, 10.775379046641385 ], [ 106.848230632307931, 10.775378420365348 ], [ 106.845681827572875, 10.775120122906348 ], [ 106.843163825538625, 10.774554112999494 ], [ 106.840333797687222, 10.773302081050341 ], [ 106.840300106618926, 10.773277557702347 ], [ 106.837882859270948, 10.771518085899258 ], [ 106.835702802936567, 10.769118167774238 ], [ 106.835442294261711, 10.768842695229234 ], [ 106.831662830883758, 10.764846132820269 ], [ 106.830065819031162, 10.761905209287313 ], [ 106.82893780933567, 10.760493161198388 ], [ 106.828356776113168, 10.760256952344573 ], [ 106.828080336838099, 10.760144570118849 ], [ 106.826883812453261, 10.759658144236671 ], [ 106.826258863135649, 10.759512248002716 ], [ 106.825444811239819, 10.759322204779764 ], [ 106.825441851317606, 10.759322816194683 ], [ 106.824329809026509, 10.759552177077069 ], [ 106.823670366277781, 10.760208239989737 ], [ 106.823557783206837, 10.760320245879901 ], [ 106.823136799674344, 10.761584163888349 ], [ 106.82298680049503, 10.762924171146004 ], [ 106.823185790727265, 10.764646214567227 ], [ 106.823543542882291, 10.766257149290221 ], [ 106.823618833894102, 10.766596177081837 ], [ 106.824244841941592, 10.768392228124091 ], [ 106.824929862427041, 10.770048213564898 ], [ 106.825350213314096, 10.770923030335879 ], [ 106.825804832394681, 10.771869163684064 ], [ 106.825918012414647, 10.772710104851852 ], [ 106.826035931740719, 10.77358625988615 ], [ 106.826082895379216, 10.773935199515416 ], [ 106.826046223044003, 10.774522108594963 ], [ 106.82601032499727, 10.775096642005078 ], [ 106.825972863677578, 10.775696190734118 ], [ 106.825853496379523, 10.776062623407476 ], [ 106.825590812943972, 10.776869010492362 ], [ 106.825398897604259, 10.777458158841657 ], [ 106.82531615118198, 10.777623366239741 ], [ 106.825254633750561, 10.7777461893966 ], [ 106.82482290376737, 10.778608160846399 ], [ 106.823974878588018, 10.779606223665901 ], [ 106.822893899284281, 10.780413245884256 ], [ 106.822004933232947, 10.780799203740173 ], [ 106.82091089418914, 10.780923231557971 ], [ 106.819531896662426, 10.780928267775572 ], [ 106.819530416766355, 10.780927847103984 ], [ 106.81778492013207, 10.780431262325873 ], [ 106.816987936415742, 10.780128247414179 ], [ 106.816389932630045, 10.779900217076383 ], [ 106.8151229071198, 10.779149305153918 ], [ 106.813692039284049, 10.777985508632277 ], [ 106.813424951794218, 10.777768272869956 ], [ 106.811576912970537, 10.776013271802547 ], [ 106.810078914346647, 10.77461227579041 ], [ 106.809819930496957, 10.774370323150727 ], [ 106.809029930961799, 10.773534302662268 ], [ 106.808106943958904, 10.772557335601462 ], [ 106.807193053456814, 10.771668935160079 ], [ 106.805561922795604, 10.770083298373445 ], [ 106.805345099255888, 10.768848946295446 ], [ 106.805205862191784, 10.768056281086414 ], [ 106.805127876536005, 10.767749337323247 ], [ 106.804970931208288, 10.767138345792281 ], [ 106.804734870675347, 10.766220325387694 ], [ 106.804031908008852, 10.76427133115277 ], [ 106.803289875706383, 10.762513321442391 ], [ 106.801851840778355, 10.760758300240358 ], [ 106.800637658150663, 10.759963624309087 ], [ 106.799147113814158, 10.758988071730293 ], [ 106.798952203889343, 10.758860503290101 ], [ 106.791242832805438, 10.755598356281915 ], [ 106.789873852773113, 10.755019354792861 ], [ 106.787770874797587, 10.754048434147638 ], [ 106.785159032908879, 10.752842327144339 ], [ 106.776217851183645, 10.748713430271792 ], [ 106.771514865251561, 10.745523453570359 ], [ 106.767730839892053, 10.741921555301255 ], [ 106.764029869334834, 10.736945550709091 ], [ 106.757109830532428, 10.728935543361706 ], [ 106.753837823670452, 10.724819608818869 ], [ 106.751999795920781, 10.72109356829116 ], [ 106.751252789676641, 10.716983560191718 ], [ 106.750943721718897, 10.713722635504407 ], [ 106.750923719688728, 10.713509600179577 ], [ 106.750968760737948, 10.71312756223162 ], [ 106.751313695228816, 10.710231600204377 ], [ 106.751626700739138, 10.707601547009045 ], [ 106.751864612702562, 10.705608634462269 ], [ 106.751913681406705, 10.705197605159375 ], [ 106.751939707400652, 10.704972580169033 ], [ 106.752128365554228, 10.704532449439668 ], [ 106.75467061853486, 10.698601517430225 ], [ 106.757298802331675, 10.694085879088728 ], [ 106.757459636680807, 10.693809540744745 ], [ 106.76011961485608, 10.691081492084374 ], [ 106.762780529990408, 10.688354503546705 ], [ 106.763594558692674, 10.687519545871448 ], [ 106.764409560654059, 10.686684492861319 ], [ 106.766888493614346, 10.684187526967522 ], [ 106.770962483753564, 10.680085442176335 ], [ 106.771894864731408, 10.6781026379997 ], [ 106.772173570678419, 10.677509941816769 ], [ 106.772174203240922, 10.67750859819115 ], [ 106.772748431520853, 10.676287439921659 ], [ 106.774488062604703, 10.675854454429926 ], [ 106.775219423667082, 10.675672422170098 ], [ 106.777690404146583, 10.675057388495803 ], [ 106.778910457680681, 10.674599424936551 ], [ 106.780129446980183, 10.674140379237153 ], [ 106.782790373715059, 10.673054368417136 ], [ 106.784907240724976, 10.67185386806862 ], [ 106.785576410768215, 10.671474373915968 ], [ 106.787951949919147, 10.670153193394615 ], [ 106.789548375308129, 10.669265326635962 ], [ 106.790781100978947, 10.668362705155893 ], [ 106.791523693427479, 10.667818968841328 ], [ 106.792222383705621, 10.667307376457542 ], [ 106.794559332814487, 10.665003360556662 ], [ 106.795324579947021, 10.664172182675548 ], [ 106.797183330843254, 10.662153289859454 ], [ 106.800118281273811, 10.660459308978334 ], [ 106.80238863338937, 10.659633334449378 ], [ 106.803752231066596, 10.659137246623587 ], [ 106.807072275612313, 10.657451223156762 ], [ 106.808964222529056, 10.654979189214389 ], [ 106.810089225748627, 10.651990251239846 ], [ 106.811560181307513, 10.646337223366219 ], [ 106.812787118223767, 10.643042170802877 ], [ 106.81404814879896, 10.640543230884379 ], [ 106.81590407687662, 10.638248221359508 ], [ 106.819525106879581, 10.633834147250528 ], [ 106.823920996854326, 10.629037132164076 ], [ 106.825791361174566, 10.628184496293255 ], [ 106.826639010142856, 10.627798081295765 ], [ 106.829921054381373, 10.627423311654532 ], [ 106.829923014674904, 10.627423088855886 ], [ 106.830207002206336, 10.627456539044221 ], [ 106.831684215558994, 10.627630537779238 ], [ 106.831688965783627, 10.627631097262578 ], [ 106.834200995377145, 10.627479044942126 ], [ 106.83488638719939, 10.627436877065779 ], [ 106.834900025852718, 10.627436038036368 ], [ 106.837599287468009, 10.627037996282896 ], [ 106.837605945779174, 10.627037014076745 ], [ 106.838661966773756, 10.62931707690651 ], [ 106.838686016369138, 10.629404056718332 ], [ 106.838709987657467, 10.629489048904951 ], [ 106.83873396939623, 10.629578016838089 ], [ 106.838759002635129, 10.629665084531405 ], [ 106.838782977364247, 10.62975206549239 ], [ 106.838807030694767, 10.629839045273146 ], [ 106.838831989502211, 10.629927014500083 ], [ 106.838854987732944, 10.630014091949217 ], [ 106.838855876872003, 10.630017179636415 ], [ 106.838880018895509, 10.630101066519238 ], [ 106.838903995532164, 10.6301880474555 ], [ 106.838927975709709, 10.630276022774371 ], [ 106.838952999874152, 10.630361009464519 ], [ 106.838976976879124, 10.630448080788497 ], [ 106.839001028509927, 10.630535060546132 ], [ 106.83902500875169, 10.630623035850247 ], [ 106.839049964183872, 10.630710011560881 ], [ 106.839074016183304, 10.630797081706159 ], [ 106.839098976097333, 10.630885054504118 ], [ 106.839121975859513, 10.630973030483727 ], [ 106.839147008127853, 10.631060008624807 ], [ 106.839170985260949, 10.631147079919337 ], [ 106.839196009586075, 10.631232066571803 ], [ 106.839219009414563, 10.631320043441059 ], [ 106.839243966814053, 10.631407021827062 ], [ 106.839268018620984, 10.631494001544109 ], [ 106.839292974539617, 10.631581068519605 ], [ 106.839317031733074, 10.631669042608916 ], [ 106.839341008654301, 10.631756022574962 ], [ 106.839364984680785, 10.6318430034445 ], [ 106.839390020953175, 10.631931064524405 ], [ 106.839413012949848, 10.632017055308093 ], [ 106.839438042790235, 10.632103036302636 ], [ 106.83946103834198, 10.632190020561263 ], [ 106.839486001445337, 10.632279076278472 ], [ 106.839509978478247, 10.63236605621883 ], [ 106.83953403581647, 10.632454030274976 ], [ 106.839557035875899, 10.63254200980607 ], [ 106.839578980791231, 10.632630081588863 ], [ 106.839600025150432, 10.632719060493406 ], [ 106.839621974216783, 10.632808036253712 ], [ 106.839640987031999, 10.632898016603896 ], [ 106.839660979815264, 10.632988085756544 ], [ 106.839679984687521, 10.633076077332637 ], [ 106.83969997717486, 10.633166055176824 ], [ 106.839717038763425, 10.633258031991689 ], [ 106.839735974885201, 10.633348012594629 ], [ 106.839754007567393, 10.633438088540021 ], [ 106.839770993340636, 10.633530063802709 ], [ 106.839790006271159, 10.633620045939033 ], [ 106.839806983191266, 10.633710034239526 ], [ 106.839826003194048, 10.633802001526007 ], [ 106.839844040388513, 10.633893072744943 ], [ 106.839861998805347, 10.633983057629163 ], [ 106.839881994043225, 10.634074028930419 ], [ 106.839900023888646, 10.634163018259359 ], [ 106.839920012101899, 10.634252002591531 ], [ 106.839940982106015, 10.634341073006382 ], [ 106.839961046183191, 10.634430053453228 ], [ 106.839982994616747, 10.634519030967478 ], [ 106.840005016291315, 10.634607012018206 ], [ 106.84002899665299, 10.634695076661215 ], [ 106.840051994463948, 10.634782060820317 ], [ 106.840078006120848, 10.634869033601593 ], [ 106.840103036455488, 10.634955014486346 ], [ 106.840131004210036, 10.635041078273533 ], [ 106.840159037819063, 10.635124064618266 ], [ 106.840189030726265, 10.635207047766876 ], [ 106.840219031620904, 10.635292017870452 ], [ 106.840252037011368, 10.635374083831532 ], [ 106.840285044720858, 10.635457054680954 ], [ 106.84032105843778, 10.635537031885407 ], [ 106.840356996316928, 10.63561700663511 ], [ 106.840396017180581, 10.635695076788327 ], [ 106.840436994385399, 10.635772051721629 ], [ 106.84047902265435, 10.63584802950041 ], [ 106.840523012042468, 10.63592399955064 ], [ 106.84056903507522, 10.636000054731012 ], [ 106.840617995016288, 10.63607501489539 ], [ 106.84066800725013, 10.636149065585531 ], [ 106.840720048165579, 10.636221031825235 ], [ 106.840774051321432, 10.63629407602871 ], [ 106.840829032104963, 10.63636602931161 ], [ 106.840886042999529, 10.636437071525323 ], [ 106.840945017332999, 10.636509013607863 ], [ 106.841006017450184, 10.636578054934903 ], [ 106.841067012822748, 10.63664601056246 ], [ 106.841130044580638, 10.636714048588416 ], [ 106.841194051245409, 10.636781001122605 ], [ 106.841259038806015, 10.636848038820499 ], [ 106.841326057987359, 10.636914075037144 ], [ 106.841394050355547, 10.636978027752363 ], [ 106.841463021802255, 10.637042068347219 ], [ 106.841531990337401, 10.637105025041029 ], [ 106.841603062204285, 10.637166073291064 ], [ 106.841674058852036, 10.637227034096052 ], [ 106.841746029002181, 10.637286000891709 ], [ 106.841818001206846, 10.637346051553729 ], [ 106.84189102245665, 10.637404022062913 ], [ 106.841965016289905, 10.637459997660558 ], [ 106.842039010474195, 10.637516064540479 ], [ 106.842114055404835, 10.637571043849249 ], [ 106.842188043154465, 10.637625030613066 ], [ 106.842264065147162, 10.637679010273606 ], [ 106.84233901844101, 10.637729017854541 ], [ 106.842412997360299, 10.637781015794198 ], [ 106.842488022094358, 10.637830027784794 ], [ 106.842564022036726, 10.637878041057467 ], [ 106.842640021203678, 10.637925059915144 ], [ 106.842716993428368, 10.637970989661849 ], [ 106.842795016235442, 10.638015017333432 ], [ 106.842874007173933, 10.638056059324008 ], [ 106.842955024948878, 10.638095015037228 ], [ 106.84303603962843, 10.638132069632508 ], [ 106.84311901501556, 10.638170024985113 ], [ 106.843202058264055, 10.63820598857189 ], [ 106.843287054060468, 10.638240048743704 ], [ 106.843371060189938, 10.638271036942728 ], [ 106.843457034535973, 10.638304007953614 ], [ 106.843544055474311, 10.638334985593286 ], [ 106.843632051022524, 10.638365055812194 ], [ 106.843719056099502, 10.638391060568644 ], [ 106.843807050555526, 10.638420046846822 ], [ 106.843896019294363, 10.638448034400465 ], [ 106.843985051544095, 10.638472043216147 ], [ 106.844074018596018, 10.638499037229709 ], [ 106.844163053500694, 10.638524040379073 ], [ 106.844252996673788, 10.638550035633491 ], [ 106.844343004159043, 10.638573047447345 ], [ 106.844432035551023, 10.63859705522804 ], [ 106.844522050153799, 10.63862205665944 ], [ 106.844612062133152, 10.6386460627725 ], [ 106.844701989945463, 10.638667989960055 ], [ 106.844791022294103, 10.638691996726005 ], [ 106.844880059023211, 10.638717996762196 ], [ 106.844968035908906, 10.638742008967291 ], [ 106.845056988902144, 10.638765023342476 ], [ 106.845144061105245, 10.638789039557901 ], [ 106.845232045124931, 10.638815041355937 ], [ 106.84532002652243, 10.638840048740997 ], [ 106.845408001315619, 10.638863970423452 ], [ 106.845496053206034, 10.638887982210198 ], [ 106.845583055802848, 10.638913987331737 ], [ 106.84567103278124, 10.638937999328254 ], [ 106.845760057253813, 10.638960019751622 ], [ 106.845848034257799, 10.638984032599677 ], [ 106.845936994465035, 10.639009035478066 ], [ 106.846025046430952, 10.639033048915783 ], [ 106.846113994771571, 10.639054978195825 ], [ 106.846202043201799, 10.639077995389846 ], [ 106.846290019345432, 10.639102007206127 ], [ 106.846379044807165, 10.639124027441181 ], [ 106.846467993516086, 10.639146047918013 ], [ 106.846556037196763, 10.63916797932483 ], [ 106.846646044973426, 10.639190990441543 ], [ 106.846734012343276, 10.639212019874741 ], [ 106.846823033386059, 10.639233044693402 ], [ 106.846912053201649, 10.639253979090279 ], [ 106.847001001972018, 10.639275999408174 ], [ 106.847090999134721, 10.639296026337655 ], [ 106.84718001816627, 10.639315966262217 ], [ 106.847269032147338, 10.639335002182278 ], [ 106.847359033806654, 10.639356023410972 ], [ 106.847446989346011, 10.639373978186617 ], [ 106.84753705884755, 10.639393010333992 ], [ 106.847625992220415, 10.639410961635601 ], [ 106.847715986800111, 10.639429993087607 ], [ 106.847804990165258, 10.639446046604629 ], [ 106.847895056733392, 10.639463993860463 ], [ 106.847985046869681, 10.639482031756492 ], [ 106.848075032222198, 10.639498985751771 ], [ 106.84816402908065, 10.6395129572842 ], [ 106.848254011208923, 10.639529006338073 ], [ 106.848343012558189, 10.639543974005296 ], [ 106.84843405110837, 10.639560019306153 ], [ 106.848523039050988, 10.63957200378267 ], [ 106.848613996142817, 10.639585968317505 ], [ 106.848704047032953, 10.639600028207187 ], [ 106.848795011262908, 10.63961598326056 ], [ 106.848885054717158, 10.639627963029461 ], [ 106.848976007683945, 10.639641024379225 ], [ 106.849068019387929, 10.639654985986938 ], [ 106.849159044329497, 10.639666962235589 ], [ 106.849249996404211, 10.639680025314689 ], [ 106.849341021358242, 10.639692002413 ], [ 106.849432047130989, 10.639704972067983 ], [ 106.849524045525172, 10.639714956006173 ], [ 106.849616046902, 10.639726026508391 ], [ 106.849708046124647, 10.63973700478302 ], [ 106.849798991677531, 10.639747984916857 ], [ 106.849890981136966, 10.63975598179527 ], [ 106.849983049088337, 10.639764970053411 ], [ 106.850075036809045, 10.639771970680533 ], [ 106.850167030746661, 10.639780960047238 ], [ 106.850258600832177, 10.639786939666388 ], [ 106.850259013071749, 10.639786964436047 ], [ 106.850342713581725, 10.639791577677526 ], [ 106.850350013094399, 10.639791976041503 ], [ 106.850434693269449, 10.639796591245071 ], [ 106.850441991881269, 10.639796993226017 ], [ 106.850528375490384, 10.639802627557248 ], [ 106.850534050971561, 10.63980299726378 ], [ 106.850625039395965, 10.6398050292624 ], [ 106.850716030147282, 10.639807965221094 ], [ 106.850807012346095, 10.639808007496073 ], [ 106.85089799687114, 10.639808953731206 ], [ 106.850944054550993, 10.639808971952714 ], [ 106.8509890504331, 10.639808001308689 ], [ 106.851080027811577, 10.639806956919793 ], [ 106.851170025875646, 10.639806009054388 ], [ 106.851260988977927, 10.639800987990972 ], [ 106.851351048278872, 10.639795970075237 ], [ 106.851441027242203, 10.639789958022032 ], [ 106.851531007116449, 10.639783946844126 ], [ 106.851619992154824, 10.639773963367269 ], [ 106.851710027347977, 10.639761981964966 ], [ 106.851799989347967, 10.639750997900478 ], [ 106.85188903825086, 10.639737937831599 ], [ 106.851977994680169, 10.639719996493294 ], [ 106.852067031099466, 10.639702957036056 ], [ 106.85215598484605, 10.639684021264832 ], [ 106.852245008701544, 10.639663999525819 ], [ 106.852334023659012, 10.639640995516706 ], [ 106.852421982186925, 10.639617993388901 ], [ 106.852510996192649, 10.63959498752738 ], [ 106.852600007523961, 10.639570987257612 ], [ 106.852688026649233, 10.63954400727137 ], [ 106.852776039199668, 10.639514948098372 ], [ 106.852863984270485, 10.639487969230055 ], [ 106.852951996191464, 10.639458999508351 ], [ 106.853039029953038, 10.63942994280413 ], [ 106.85312703020017, 10.639397989896951 ], [ 106.853213981852306, 10.639366948265145 ], [ 106.853301005987248, 10.639335992235333 ], [ 106.853386974369158, 10.639303956008245 ], [ 106.853473011352918, 10.639270926028516 ], [ 106.853558970130322, 10.639236992308071 ], [ 106.853645991207941, 10.639204954119164 ], [ 106.853730975370198, 10.63917192506641 ], [ 106.853768988697624, 10.639156572557615 ], [ 106.853814974804166, 10.639137999079917 ], [ 106.853900029377172, 10.639103977151656 ], [ 106.853985015237015, 10.639071945134452 ], [ 106.854069014274756, 10.639037925975067 ], [ 106.854153007382877, 10.63900201023673 ], [ 106.854233865878541, 10.638967346696756 ], [ 106.85423699922714, 10.638966003178817 ], [ 106.854320012325601, 10.638930000450175 ], [ 106.854403020910837, 10.638893003324126 ], [ 106.854486031215131, 10.638856997853013 ], [ 106.854569030520324, 10.63881692623676 ], [ 106.854650976388854, 10.63877794310296 ], [ 106.85473300074915, 10.638739954066249 ], [ 106.854815017928743, 10.638699976249226 ], [ 106.854898015639407, 10.638659994958736 ], [ 106.854978974292209, 10.638618936039149 ], [ 106.855060992313, 10.638578957256758 ], [ 106.855142026183287, 10.63853798933741 ], [ 106.855222978509346, 10.638494938885309 ], [ 106.85530400875507, 10.638452977452017 ], [ 106.855384963703415, 10.638410922249841 ], [ 106.855465990313817, 10.638367964590758 ], [ 106.855545961997109, 10.638324919327593 ], [ 106.855627972693767, 10.638282952555164 ], [ 106.855708011186209, 10.638237918233781 ], [ 106.855787987622307, 10.638195958594423 ], [ 106.85586900570074, 10.638150919878917 ], [ 106.855948978503065, 10.638107964918733 ], [ 106.856029024983499, 10.638064921089068 ], [ 106.856108992327052, 10.638020971718793 ], [ 106.856188959320505, 10.637976931932116 ], [ 106.856269982104891, 10.637932979707021 ], [ 106.856349955378207, 10.637889935157936 ], [ 106.85643000022651, 10.637846978929405 ], [ 106.856509968953659, 10.637802939967122 ], [ 106.856588953517686, 10.63775790916185 ], [ 106.856668007908567, 10.637711975003288 ], [ 106.856746001113962, 10.637663963578738 ], [ 106.856803032518769, 10.637628412611301 ], [ 106.856823014660705, 10.637615956497621 ], [ 106.856900014756405, 10.637563972781516 ], [ 106.856977012990811, 10.637511987247445 ], [ 106.857051980251995, 10.637460912857334 ], [ 106.857128979349838, 10.637408928191581 ], [ 106.857204997868138, 10.637356946066259 ], [ 106.857279953702218, 10.637302978891176 ], [ 106.857355977255438, 10.637251900709169 ], [ 106.857432978922063, 10.637200911265403 ], [ 106.857509008096017, 10.637151912214854 ], [ 106.857586018709938, 10.637102910586988 ], [ 106.857664012517105, 10.637054898959134 ], [ 106.857742011069604, 10.637008969193021 ], [ 106.857821004166382, 10.636966921258974 ], [ 106.857900985357944, 10.636925954608893 ], [ 106.857981945183283, 10.636885979780152 ], [ 106.858064956289127, 10.636849976159578 ], [ 106.858147978138902, 10.636816954753108 ], [ 106.858232969090679, 10.636786909546446 ], [ 106.858317966684922, 10.636757949990141 ], [ 106.858405981684754, 10.636729974143408 ], [ 106.858494004434831, 10.636703896630772 ], [ 106.858583999624983, 10.636681971395193 ], [ 106.858673992709825, 10.636658961351252 ], [ 106.858763992961556, 10.636637940041222 ], [ 106.858855962324654, 10.636619894922255 ], [ 106.858946956877546, 10.636602938918188 ], [ 106.859038937314281, 10.636587966379128 ], [ 106.859086760897583, 10.636580659388855 ], [ 106.859130998687917, 10.63657389932829 ], [ 106.859222994393463, 10.636562906057948 ], [ 106.859314997276059, 10.636553901519306 ], [ 106.859405944670101, 10.636544900686692 ], [ 106.859497954140124, 10.636537976158682 ], [ 106.859588995337347, 10.636533946900395 ], [ 106.859678984646834, 10.636530916632172 ], [ 106.859768981464697, 10.63652996459016 ], [ 106.85985595582126, 10.636529922687268 ], [ 106.859858000097759, 10.636529922687178 ], [ 106.859947953484806, 10.636536927687715 ], [ 106.860039956301051, 10.636548895560081 ], [ 106.86013197743759, 10.636565928408451 ], [ 106.86022393712112, 10.636586939916031 ], [ 106.860314935164894, 10.636612926755825 ], [ 106.860403991941311, 10.636643892395639 ], [ 106.860492005284897, 10.63667793527511 ], [ 106.860576944221407, 10.636716963680042 ], [ 106.860658960165296, 10.636759887766074 ], [ 106.860736991959442, 10.636805899507582 ], [ 106.860810969718258, 10.636856899346148 ], [ 106.860881933671351, 10.636907910740828 ], [ 106.860950956364931, 10.636963898235587 ], [ 106.861016980839338, 10.637024961397838 ], [ 106.861081954954471, 10.637086931351485 ], [ 106.861144975209783, 10.637150899703657 ], [ 106.861206952039282, 10.637217942596886 ], [ 106.861267955227319, 10.637286889114941 ], [ 106.861327004009738, 10.63735692552418 ], [ 106.861384934981814, 10.63743094525166 ], [ 106.861443009237775, 10.637502885276545 ], [ 106.861499957948681, 10.637575914969965 ], [ 106.86155600198083, 10.637648946047792 ], [ 106.86161099291985, 10.63772288574023 ], [ 106.861665980609089, 10.637795920535904 ], [ 106.861719993211651, 10.637869954973699 ], [ 106.861774978859998, 10.637941906769671 ], [ 106.861828006444298, 10.638014948475478 ], [ 106.861880963308238, 10.638088894411871 ], [ 106.861931963951662, 10.638163934772914 ], [ 106.861982961591849, 10.638237886727618 ], [ 106.862032989848856, 10.63831491748738 ], [ 106.86208097849601, 10.638390961980798 ], [ 106.86212995459104, 10.63846889953744 ], [ 106.862175992137139, 10.638546940614093 ], [ 106.862223004494453, 10.638623891626919 ], [ 106.862236526952131, 10.638647141346834 ], [ 106.862268969834986, 10.638702924619331 ], [ 106.862312974689317, 10.638781875963515 ], [ 106.862357956843809, 10.638859919841533 ], [ 106.862401965674806, 10.638939955039687 ], [ 106.862443942680073, 10.639020901426854 ], [ 106.862485992284661, 10.63910094446088 ], [ 106.862526989697983, 10.639181894306336 ], [ 106.862565955941932, 10.639263937042571 ], [ 106.862605000424026, 10.639346884389346 ], [ 106.86264298707323, 10.639428930586096 ], [ 106.862679995550536, 10.639511883333418 ], [ 106.862715957935819, 10.639596921677347 ], [ 106.862751990418161, 10.639680871360531 ], [ 106.862787957360013, 10.639766902257731 ], [ 106.862823010582133, 10.639850948513605 ], [ 106.862857017953459, 10.639936895047997 ], [ 106.862892978613459, 10.640021931557914 ], [ 106.862927953940826, 10.640104892378032 ], [ 106.86296398957947, 10.640189928609017 ], [ 106.863000019527107, 10.640272885673866 ], [ 106.863036954538146, 10.640355931727251 ], [ 106.863073969606418, 10.640439879672959 ], [ 106.863113011116283, 10.640521921133917 ], [ 106.863150997748292, 10.640603877740707 ], [ 106.8631919895425, 10.640683921675892 ], [ 106.863232985617401, 10.640763879708876 ], [ 106.863276011729866, 10.640842922016404 ], [ 106.863320013584897, 10.640920878774123 ], [ 106.863365965175078, 10.640995936733535 ], [ 106.86341395519878, 10.641071888725348 ], [ 106.863463969890915, 10.641144940746907 ], [ 106.863514963931934, 10.641217900689194 ], [ 106.863570023212077, 10.641288945995578 ], [ 106.86362696019637, 10.641358899832111 ], [ 106.86368600583468, 10.641427943079721 ], [ 106.86373036291819, 10.641475810966712 ], [ 106.863748967058712, 10.641495886713303 ], [ 106.863812976912811, 10.641561927321689 ], [ 106.863880002176629, 10.641627868611764 ], [ 106.863948973513232, 10.641690908392498 ], [ 106.864019980070154, 10.641752947438709 ], [ 106.86409195783969, 10.641812903836332 ], [ 106.864167011832038, 10.641868870820737 ], [ 106.864241993943935, 10.641925923732641 ], [ 106.864318995537531, 10.641978900584805 ], [ 106.864396973227016, 10.642029882454754 ], [ 106.86447598473427, 10.642075891391409 ], [ 106.864555968681231, 10.642119906261748 ], [ 106.864635952696005, 10.642162927623358 ], [ 106.864716974705871, 10.642201876410441 ], [ 106.864797977210017, 10.64223494840097 ], [ 106.864878970353857, 10.642265943031763 ], [ 106.864964022955306, 10.642293937324558 ], [ 106.865048982240381, 10.642316870481665 ], [ 106.865135960720878, 10.642335907466371 ], [ 106.865224974404342, 10.642353944605805 ], [ 106.865314954744164, 10.642368904713074 ], [ 106.865405979730568, 10.64238087429325 ], [ 106.865496992097988, 10.642388869045501 ], [ 106.865588981367949, 10.642396858487192 ], [ 106.865681341844478, 10.64240389106282 ], [ 106.865682023774809, 10.642403942875843 ], [ 106.86577498367312, 10.642408944736404 ], [ 106.865868996045094, 10.642412859843253 ], [ 106.865963006911059, 10.642416863518088 ], [ 106.866055966822415, 10.642421868910363 ], [ 106.866149000742766, 10.642426870395367 ], [ 106.866239744209949, 10.642429776421208 ], [ 106.866243009824643, 10.642429881410573 ], [ 106.866335976054714, 10.642436874570773 ], [ 106.86642796807709, 10.642444863752816 ], [ 106.866518974096167, 10.642451862933269 ], [ 106.866610969156298, 10.642460936837914 ], [ 106.866701004563424, 10.642470923492178 ], [ 106.866792996594498, 10.642478912565085 ], [ 106.866884000829046, 10.642484917255102 ], [ 106.86697500777062, 10.642491916297617 ], [ 106.867066998892994, 10.642499905292002 ], [ 106.867153122608244, 10.642505523206491 ], [ 106.867158473635897, 10.64250587296932 ], [ 106.867158981855653, 10.642505903702242 ], [ 106.867242683814965, 10.642510512327625 ], [ 106.867249981572755, 10.642510917527666 ], [ 106.867341965457186, 10.642516917688214 ], [ 106.867432972404984, 10.64252391659574 ], [ 106.867519970222631, 10.642529656947579 ], [ 106.867523974815214, 10.642529920199872 ], [ 106.867612767968055, 10.642533792811978 ], [ 106.867615951458106, 10.642533931527229 ], [ 106.86770801119512, 10.642539931308562 ], [ 106.867799019067576, 10.642546931912989 ], [ 106.867890812748556, 10.642554904189845 ], [ 106.867891008368701, 10.642554918860247 ], [ 106.867974710325583, 10.642559525479728 ], [ 106.867982008997615, 10.64255993065925 ], [ 106.868073018663367, 10.642567923757117 ], [ 106.868163958847035, 10.642576911464422 ], [ 106.868254973055258, 10.642585898880794 ], [ 106.86834500670389, 10.642594889767583 ], [ 106.868435955052334, 10.64260586433422 ], [ 106.868525999921602, 10.642617931404097 ], [ 106.868615963183103, 10.642627916850818 ], [ 106.868706017684474, 10.642642873887505 ], [ 106.868794944829403, 10.642657925318977 ], [ 106.86888296602767, 10.642672890462201 ], [ 106.868971980805981, 10.642691920890142 ], [ 106.869059960967448, 10.64271592602161 ], [ 106.869146976889425, 10.642744907413825 ], [ 106.869234002797512, 10.642776872813172 ], [ 106.86931900481521, 10.642810924586838 ], [ 106.86940394335484, 10.642848863715818 ], [ 106.869487006051997, 10.64288888869237 ], [ 106.869568948309862, 10.642931901713709 ], [ 106.869649009849027, 10.642975914007343 ], [ 106.86972696372095, 10.643020840506244 ], [ 106.869805985242238, 10.643068835829199 ], [ 106.869882974687371, 10.643117924078664 ], [ 106.869959968366544, 10.643167915376596 ], [ 106.870035999657247, 10.64322288203053 ], [ 106.870110004006108, 10.643279846488294 ], [ 106.870161504451886, 10.643324793242304 ], [ 106.870179952021033, 10.643340893368515 ], [ 106.870245016891957, 10.643406838314105 ], [ 106.870304966329797, 10.643474882504368 ], [ 106.870357992929996, 10.643546838570863 ], [ 106.870402971479862, 10.643622890432219 ], [ 106.870447954251659, 10.64370084245409 ], [ 106.87049097898236, 10.643778890055703 ], [ 106.870534007962036, 10.643857844334503 ], [ 106.870575003939862, 10.6439378888499 ], [ 106.870616001444787, 10.64401784476107 ], [ 106.870655946509402, 10.644098886501 ], [ 106.870694986559982, 10.644179843781584 ], [ 106.870733952937584, 10.644260890813152 ], [ 106.870772016999496, 10.644342842339997 ], [ 106.870810003749355, 10.644424888151054 ], [ 106.870847020545611, 10.644508835799275 ], [ 106.870883954570772, 10.644590883552397 ], [ 106.870919990839866, 10.644674833789022 ], [ 106.870955953438568, 10.644758874681431 ], [ 106.870991985203261, 10.644841830533654 ], [ 106.871027950565377, 10.644926865790696 ], [ 106.871063003962263, 10.645009915527586 ], [ 106.871098969037405, 10.6450948603739 ], [ 106.871134997577329, 10.645176910415245 ], [ 106.87116900247355, 10.645261863163258 ], [ 106.871206015270346, 10.645344906770935 ], [ 106.871240996227144, 10.645428860724 ], [ 106.871278009977956, 10.645511903411027 ], [ 106.871313974262918, 10.645596846413286 ], [ 106.871350988064236, 10.645679890894717 ], [ 106.87138800154375, 10.645762841355722 ], [ 106.87143898204252, 10.645872866919849 ], [ 106.871471028714595, 10.645957826621444 ], [ 106.871502017483508, 10.646042879597474 ], [ 106.871531959532135, 10.646129834689162 ], [ 106.871560997208334, 10.64621688341067 ], [ 106.871591011509338, 10.646302843846716 ], [ 106.871618994627269, 10.646389896332147 ], [ 106.871649011688675, 10.646476851135816 ], [ 106.871677973589556, 10.646563900109287 ], [ 106.871710022226594, 10.646649854149404 ], [ 106.871741009343324, 10.646733913607546 ], [ 106.871775991552255, 10.64681786745931 ], [ 106.871812020188315, 10.646899827881295 ], [ 106.871850986353266, 10.646980874698295 ], [ 106.871891980104834, 10.647059834173362 ], [ 106.871936962348656, 10.647136881892047 ], [ 106.871985023141661, 10.64721084411714 ], [ 106.872034975039369, 10.647286878735052 ], [ 106.872089000055254, 10.647362898759804 ], [ 106.872144974988416, 10.647436832618002 ], [ 106.872202978175551, 10.647508859921766 ], [ 106.872218818086566, 10.647527005910812 ], [ 106.872264974999069, 10.647579879428459 ], [ 106.872328015530854, 10.647647911117428 ], [ 106.8723930141728, 10.647715845379384 ], [ 106.872461016202138, 10.647779882623441 ], [ 106.872529981198497, 10.647839846646409 ], [ 106.872600968670298, 10.647895826763587 ], [ 106.872673978004357, 10.647948904145601 ], [ 106.8727480294842, 10.647997820333783 ], [ 106.872825001191728, 10.648041844504659 ], [ 106.872903985355933, 10.648078901640664 ], [ 106.872985963998872, 10.64811088117261 ], [ 106.873071024257882, 10.648139867382236 ], [ 106.873159007134959, 10.648164867354387 ], [ 106.873249989394935, 10.648184883713196 ], [ 106.87334096130607, 10.648202820909566 ], [ 106.87343298724997, 10.648219848504271 ], [ 106.87352703380499, 10.648232890376931 ], [ 106.873618965369218, 10.648244857730214 ], [ 106.873712024653742, 10.648255824817788 ], [ 106.873805014793703, 10.648268870392615 ], [ 106.87389701401591, 10.648278847742759 ], [ 106.873986986264669, 10.648290821107782 ], [ 106.874078013444219, 10.648302879253219 ], [ 106.87416798570176, 10.648314852564805 ], [ 106.874259005270659, 10.648324832416206 ], [ 106.874350017550739, 10.648332823494231 ], [ 106.874441030746709, 10.648340814542046 ], [ 106.874531970244163, 10.648349890612328 ], [ 106.874624031666187, 10.648355889072368 ], [ 106.874713839206422, 10.648361816946954 ], [ 106.874714962606646, 10.648361883426238 ], [ 106.874798663940936, 10.648366405794457 ], [ 106.874805963631772, 10.648366803564846 ], [ 106.874890721720561, 10.648371410706078 ], [ 106.874898019596927, 10.648371812096759 ], [ 106.874989013644623, 10.648374830217353 ], [ 106.875080981883514, 10.648375855137939 ], [ 106.875171970455554, 10.648377879742748 ], [ 106.875262964171029, 10.648380808289771 ], [ 106.87535499548288, 10.648378850649408 ], [ 106.875445979488447, 10.648378885514974 ], [ 106.875537030793453, 10.648376840038003 ], [ 106.875628017532563, 10.648377870130759 ], [ 106.875719966256881, 10.648373832605804 ], [ 106.875811017885439, 10.648371878351032 ], [ 106.875901993323964, 10.648369833040926 ], [ 106.875994019133103, 10.648366881751567 ], [ 106.876084992739479, 10.648363842009472 ], [ 106.876175964516875, 10.648360803151711 ], [ 106.876267012472596, 10.648357854392607 ], [ 106.876357980585027, 10.648353820205903 ], [ 106.876449020315249, 10.648348883556686 ], [ 106.876540968074437, 10.64834484398812 ], [ 106.8766329926097, 10.64834080863672 ], [ 106.876714099124229, 10.648337292528636 ], [ 106.876723962864418, 10.648336865639651 ], [ 106.87681499766262, 10.648330841406784 ], [ 106.876907017603514, 10.648325808894759 ], [ 106.876997985100374, 10.648321865828805 ], [ 106.877089025369671, 10.648316837690899 ], [ 106.87718096761192, 10.648310810089376 ], [ 106.877272006377297, 10.648305873206963 ], [ 106.877361990194217, 10.648300846982726 ], [ 106.877454008275421, 10.648294820837201 ], [ 106.877544965351888, 10.648287804097157 ], [ 106.87763600409022, 10.648282866206282 ], [ 106.877727950865605, 10.648277832815095 ], [ 106.877818982862749, 10.648270816630957 ], [ 106.877910023404411, 10.648265876846921 ], [ 106.878000980448078, 10.648258859976414 ], [ 106.878092999397751, 10.648253827123565 ], [ 106.878182981337332, 10.648247808095977 ], [ 106.878274997866214, 10.648241872116623 ], [ 106.878365961284175, 10.648236842984627 ], [ 106.878457002378212, 10.648231814450808 ], [ 106.87854901855259, 10.64822578709059 ], [ 106.878639974965921, 10.648218859534046 ], [ 106.878731019701974, 10.648214825293268 ], [ 106.87882296366719, 10.648209792498484 ], [ 106.878914000486674, 10.648203858958599 ], [ 106.879004964780677, 10.648198830543995 ], [ 106.879096987326434, 10.64819479177134 ], [ 106.879187952852618, 10.648189852794321 ], [ 106.879278989315154, 10.648183828752305 ], [ 106.879369949013409, 10.648177806768768 ], [ 106.879461973700828, 10.64817385918483 ], [ 106.879553993470083, 10.648168825904655 ], [ 106.87964494764833, 10.648160814189033 ], [ 106.879735986825608, 10.648155783486651 ], [ 106.879828005999059, 10.648150841431676 ], [ 106.879918967481174, 10.648144817476334 ], [ 106.880009999318958, 10.648137799760772 ], [ 106.880100953458964, 10.648129787010955 ], [ 106.88019199294888, 10.64812484928709 ], [ 106.880281974989998, 10.648117903982449 ], [ 106.88028295073326, 10.648117829048482 ], [ 106.880373979792111, 10.648109816854452 ], [ 106.880465011595319, 10.648102799008811 ], [ 106.880555965699287, 10.648094786129178 ], [ 106.880646998732203, 10.648087857721649 ], [ 106.880737944574349, 10.648077856051449 ], [ 106.880828972678472, 10.648069842826972 ], [ 106.880919993440671, 10.648059840834689 ], [ 106.881009960509772, 10.648049842619171 ], [ 106.881100980344144, 10.648039841482779 ], [ 106.881190947396121, 10.648029843216488 ], [ 106.881281964448689, 10.64801884494273 ], [ 106.881372003665177, 10.648007851981118 ], [ 106.881461961198355, 10.647995776314588 ], [ 106.88155297546426, 10.647983782686126 ], [ 106.881644965721804, 10.647970793835777 ], [ 106.881736948632465, 10.647955817121902 ], [ 106.881829979695951, 10.647938846020851 ], [ 106.881923010409324, 10.647921783591901 ], [ 106.882014974012648, 10.647901834045832 ], [ 106.882105950261703, 10.647879807970476 ], [ 106.882196004328861, 10.64785281328265 ], [ 106.882283951931271, 10.647826817852604 ], [ 106.882369996446457, 10.647795768766324 ], [ 106.882453005343137, 10.64775984910704 ], [ 106.882532987686702, 10.647719782032791 ], [ 106.882609947263333, 10.647678820070846 ], [ 106.882683941778552, 10.647629823340482 ], [ 106.882754002619905, 10.64757776635896 ], [ 106.882822993568254, 10.647521826095309 ], [ 106.882890990721634, 10.647461822382263 ], [ 106.88295595924572, 10.647398842838435 ], [ 106.883018954320917, 10.647331805197012 ], [ 106.883080966943766, 10.647263774905673 ], [ 106.883140929683208, 10.647191776289647 ], [ 106.883198928478066, 10.647118786765956 ], [ 106.883254959681636, 10.647043819197176 ], [ 106.883308945262428, 10.646966778044053 ], [ 106.883359991240468, 10.646888841720623 ], [ 106.883409981356067, 10.646810819714704 ], [ 106.883456951131862, 10.646731816049817 ], [ 106.883501965240939, 10.646653812027756 ], [ 106.883545923809294, 10.646574819243027 ], [ 106.883587996167037, 10.646496825851077 ], [ 106.883626977484269, 10.646417758852705 ], [ 106.883665946266305, 10.646335800048766 ], [ 106.883701971137867, 10.646252766203576 ], [ 106.883737991716217, 10.646167834003064 ], [ 106.88377092680669, 10.64608481223248 ], [ 106.883780889980741, 10.646059149128227 ], [ 106.883803929455866, 10.645999798736776 ], [ 106.883834972791433, 10.645914795038134 ], [ 106.883865937499849, 10.645828797238758 ], [ 106.883894940135264, 10.645742803823104 ], [ 106.883923942742641, 10.645655817830665 ], [ 106.883950982375367, 10.645568838937679 ], [ 106.883977948549202, 10.645481769006697 ], [ 106.88400393080218, 10.645393798648985 ], [ 106.884028935246263, 10.645306828018761 ], [ 106.884053940254859, 10.645219766082983 ], [ 106.884077959485751, 10.645130806632311 ], [ 106.884086929669351, 10.645098339205067 ], [ 106.88410198516101, 10.645043840443943 ], [ 106.884125935544816, 10.644956781416555 ], [ 106.884148981540719, 10.644869816962657 ], [ 106.884170967098186, 10.644781770658692 ], [ 106.884192958490814, 10.644694810922598 ], [ 106.884212980138784, 10.644605777339162 ], [ 106.884233913250142, 10.64451782704718 ], [ 106.884252955230991, 10.644428797006981 ], [ 106.884271923184784, 10.644339768138055 ], [ 106.884289915486278, 10.644251825772422 ], [ 106.884307978711377, 10.644162800175881 ], [ 106.884323934607622, 10.644074775682798 ], [ 106.884340939557688, 10.643984759531092 ], [ 106.884354932803646, 10.64389583815368 ], [ 106.88436997385908, 10.643804835627677 ], [ 106.884382910346346, 10.643715826770775 ], [ 106.884395922684902, 10.643626819447121 ], [ 106.884406971132634, 10.643536823941735 ], [ 106.884418930705138, 10.64344781952275 ], [ 106.884428923657069, 10.643357829643922 ], [ 106.884438917513052, 10.643267837953628 ], [ 106.884440605103975, 10.643242793275753 ], [ 106.884444920280174, 10.643178764688694 ], [ 106.884448956734758, 10.643087799265942 ], [ 106.884447948468733, 10.642998752271842 ], [ 106.884445953542723, 10.642907810478913 ], [ 106.88444094350308, 10.642816788291936 ], [ 106.884435937145952, 10.642726760474087 ], [ 106.884427909580111, 10.64263475572346 ], [ 106.884422902655771, 10.64254481830428 ], [ 106.884415932444796, 10.642453804109373 ], [ 106.884410922435606, 10.642362781917678 ], [ 106.884407952493007, 10.642272838030317 ], [ 106.884407920224916, 10.642182791307903 ], [ 106.884409920673008, 10.642091835958112 ], [ 106.884415924375446, 10.642002762685429 ], [ 106.884425917322503, 10.641912771899415 ], [ 106.884435911173597, 10.641822779301931 ], [ 106.884447941068032, 10.641732780242226 ], [ 106.884458907199317, 10.641640795359965 ], [ 106.884471905702398, 10.641547811453306 ], [ 106.88448694576357, 10.641456808023209 ], [ 106.884502963605428, 10.64136480576791 ], [ 106.884520943480467, 10.641273790797262 ], [ 106.884542926013367, 10.641184749207724 ], [ 106.884565888515041, 10.641095796278414 ], [ 106.884591956326716, 10.641010810550814 ], [ 106.884620888097061, 10.640925812652039 ], [ 106.884654953860064, 10.640842786750953 ], [ 106.884690915310401, 10.640762827537163 ], [ 106.884732916378439, 10.640685829617384 ], [ 106.884777937682941, 10.640609813340477 ], [ 106.884827936679926, 10.64053477523801 ], [ 106.884878923895684, 10.640461813622688 ], [ 106.884934892466902, 10.6403908218368 ], [ 106.884992896135756, 10.640319823582047 ], [ 106.885053921884918, 10.640250802243893 ], [ 106.885118952099731, 10.640183756977001 ], [ 106.885182925302942, 10.640116804115626 ], [ 106.885250902052803, 10.640051826422171 ], [ 106.885320928608678, 10.63999081973315 ], [ 106.885391930174364, 10.639928814214093 ], [ 106.885463926981515, 10.639870784419097 ], [ 106.885514431058425, 10.63983131258588 ], [ 106.885536907073757, 10.639813745433113 ], [ 106.885610946624041, 10.63975778466615 ], [ 106.885683949070028, 10.639706801363214 ], [ 106.885759899584244, 10.639657797943883 ], [ 106.885835925943013, 10.639609787712866 ], [ 106.885913934513383, 10.639566742201803 ], [ 106.885992921203297, 10.639523784433115 ], [ 106.886074937335408, 10.639484792301298 ], [ 106.886157941356643, 10.639447786241316 ], [ 106.886240874106221, 10.63941177570643 ], [ 106.886325927926293, 10.639378740615603 ], [ 106.88641188030131, 10.63934380207241 ], [ 106.886497917393939, 10.63931175775871 ], [ 106.88658388355249, 10.639280799365462 ], [ 106.886670902998844, 10.639249744022734 ], [ 106.886757924597873, 10.639218781760126 ], [ 106.886844942483819, 10.639186822393789 ], [ 106.886930903628055, 10.639154778245112 ], [ 106.887016941514347, 10.639122733796402 ], [ 106.887102896495648, 10.639088790355405 ], [ 106.887187941829865, 10.639053766313625 ], [ 106.887270871550726, 10.639016759348378 ], [ 106.887354923385914, 10.638977761336845 ], [ 106.887436871607875, 10.638940758794615 ], [ 106.887519935476163, 10.638899773752467 ], [ 106.887601872597017, 10.638859788063586 ], [ 106.887683884625787, 10.638819801179631 ], [ 106.887765897548675, 10.638779815176997 ], [ 106.887846922204048, 10.638737755384625 ], [ 106.887927872226385, 10.638695783530656 ], [ 106.888007909817986, 10.638651734901028 ], [ 106.888088931956844, 10.638608769269617 ], [ 106.888167911249198, 10.638563730061 ], [ 106.888245906628924, 10.638517792229141 ], [ 106.888323893359257, 10.638469775248389 ], [ 106.888399922628437, 10.638421763546837 ], [ 106.888476925070933, 10.63837275391457 ], [ 106.888552873842798, 10.638323748994289 ], [ 106.888629866995458, 10.638271756216017 ], [ 106.888705884185768, 10.638220762250459 ], [ 106.888782885580099, 10.63817075907795 ], [ 106.888857921266407, 10.63811976954752 ], [ 106.888932870917017, 10.638065795359369 ], [ 106.88900789327684, 10.638010736111212 ], [ 106.889080883616302, 10.637956768103084 ], [ 106.88915387116289, 10.637901808420335 ], [ 106.889224889872807, 10.637844773094876 ], [ 106.889294925252528, 10.637786750561057 ], [ 106.889363902337863, 10.637727732955952 ], [ 106.889429923941179, 10.637664752161287 ], [ 106.889494898333936, 10.637603762115294 ], [ 106.889557902376239, 10.637539796069936 ], [ 106.889618861748417, 10.637473758280027 ], [ 106.889678911758509, 10.637405734116463 ], [ 106.889735864750492, 10.637336729525956 ], [ 106.889793863927011, 10.63726473436442 ], [ 106.889847867830269, 10.637192756423497 ], [ 106.889901861538789, 10.637117793558819 ], [ 106.889952914185315, 10.637042750072109 ], [ 106.890003887599875, 10.636966801979643 ], [ 106.890052894950614, 10.636888785479732 ], [ 106.890100849576712, 10.636811764470028 ], [ 106.890146908789987, 10.636731767198038 ], [ 106.890192900436801, 10.636653759834545 ], [ 106.890236852366812, 10.636574766401923 ], [ 106.890279893101493, 10.63649378389734 ], [ 106.89031985123853, 10.636414715478519 ], [ 106.890355874586447, 10.636331768805958 ], [ 106.890387897749918, 10.636247757315038 ], [ 106.89041690339279, 10.636162757889169 ], [ 106.890443867463773, 10.636075778023434 ], [ 106.890470905548341, 10.635988799695367 ], [ 106.890495909111635, 10.635901738363534 ], [ 106.890520911167968, 10.635814766530524 ], [ 106.890533958375542, 10.635770587532793 ], [ 106.890546890958305, 10.635726794952395 ], [ 106.890574908268533, 10.635639720853447 ], [ 106.890605874892501, 10.635554717001051 ], [ 106.89063986209959, 10.635471781327448 ], [ 106.890677847874215, 10.635389733289921 ], [ 106.890716889441052, 10.635307774521163 ], [ 106.8907578985161, 10.635227794647328 ], [ 106.890798899852982, 10.635145737444162 ], [ 106.890839836742629, 10.635066754015298 ], [ 106.890882877146879, 10.63498577326677 ], [ 106.89092486945674, 10.634906785088731 ], [ 106.890969878268919, 10.63482778593786 ], [ 106.891013901920957, 10.634747795983237 ], [ 106.891057856184702, 10.63466979594406 ], [ 106.891102864935718, 10.634590797684051 ], [ 106.89114787370869, 10.634512794705104 ], [ 106.891193862941421, 10.634433791966147 ], [ 106.891238868879029, 10.634354791894722 ], [ 106.891283880328572, 10.634276788892327 ], [ 106.8913288834474, 10.634196796248466 ], [ 106.891375854987857, 10.634118784299414 ], [ 106.891419885841856, 10.634040783946142 ], [ 106.891465868501356, 10.633960785917436 ], [ 106.891510879842627, 10.633882782892554 ], [ 106.891555889328046, 10.633804778061908 ], [ 106.891599842381126, 10.633725783592427 ], [ 106.891643869432272, 10.63364678884947 ], [ 106.891685852748438, 10.633565722376343 ], [ 106.891727832679791, 10.633483751024515 ], [ 106.891767859810287, 10.633402782059552 ], [ 106.891807879226036, 10.633320726531455 ], [ 106.89185084423201, 10.633239745965902 ], [ 106.891894877642926, 10.633162740842682 ], [ 106.891942834035447, 10.633085719631952 ], [ 106.891993892402922, 10.633012755956081 ], [ 106.892048871012676, 10.632939778007618 ], [ 106.89210385017806, 10.632866710555472 ], [ 106.89215988698048, 10.632794724026496 ], [ 106.892217886666472, 10.632723722919128 ], [ 106.892274837321267, 10.632653722715038 ], [ 106.892334873845883, 10.632582714177136 ], [ 106.892395825547752, 10.632514778553276 ], [ 106.892456856425511, 10.632447744806862 ], [ 106.892519850197985, 10.632381700094404 ], [ 106.892584816416957, 10.632318720829057 ], [ 106.892650840848574, 10.632256732081194 ], [ 106.892719814259635, 10.632197715728394 ], [ 106.892788869357588, 10.632139784748967 ], [ 106.892859814863002, 10.632083746141124 ], [ 106.892933854883594, 10.632028779221951 ], [ 106.893005866890007, 10.631975719845713 ], [ 106.893080819852457, 10.631922740142269 ], [ 106.893157813417076, 10.631871740849114 ], [ 106.893233830137063, 10.631821739478857 ], [ 106.893311816193147, 10.63177372148885 ], [ 106.893390856754507, 10.631725697832172 ], [ 106.893470808792529, 10.631679750901579 ], [ 106.893550843722906, 10.631635702918683 ], [ 106.893632849278973, 10.63159472037448 ], [ 106.893713868718535, 10.631551753546299 ], [ 106.89379686215473, 10.631512757029546 ], [ 106.893878812141367, 10.631476747438631 ], [ 106.893962807358179, 10.63144371351658 ], [ 106.89404786575615, 10.631412756666531 ], [ 106.89413383217024, 10.631382699563712 ], [ 106.894221845982571, 10.631355708515882 ], [ 106.89423066400137, 10.631353403756782 ], [ 106.894309872768062, 10.631332694920918 ], [ 106.894398802718229, 10.63130976840775 ], [ 106.89448781552575, 10.631287746455042 ], [ 106.894577807004083, 10.631265720005437 ], [ 106.894667804391162, 10.631245773573434 ], [ 106.894757799548557, 10.63122474234595 ], [ 106.894846806764917, 10.631201726840018 ], [ 106.894934834355809, 10.631178713075656 ], [ 106.895023841537196, 10.631155696618254 ], [ 106.895111854267995, 10.631128705338668 ], [ 106.895197820804043, 10.631098737455991 ], [ 106.895281820363849, 10.631066697569315 ], [ 106.8953658119148, 10.631032760232255 ], [ 106.895447828153749, 10.630994761258982 ], [ 106.895530821177928, 10.630955764320898 ], [ 106.895611846303822, 10.630914694482342 ], [ 106.895693859683718, 10.630875701984726 ], [ 106.895775797195014, 10.630836709744605 ], [ 106.895857804017865, 10.63079572666336 ], [ 106.895938827557359, 10.630754746248629 ], [ 106.896019854738924, 10.630713768513685 ], [ 106.896101863950463, 10.630673689348262 ], [ 106.896182806898111, 10.630630721314432 ], [ 106.89626383218183, 10.630589743529656 ], [ 106.896344849679608, 10.630546685691842 ], [ 106.896425800891237, 10.630505706331965 ], [ 106.896506814963516, 10.630461743583174 ], [ 106.896586852788801, 10.630418689267637 ], [ 106.896667792797089, 10.630374727656193 ], [ 106.896747825937936, 10.630330676228976 ], [ 106.896827860322503, 10.630286719697096 ], [ 106.896907819740505, 10.630242760708938 ], [ 106.896986793657007, 10.630197720525409 ], [ 106.897066824821195, 10.630152676460776 ], [ 106.897146856301418, 10.630107723678961 ], [ 106.897225827340606, 10.630061688168492 ], [ 106.897304794985246, 10.63001475047899 ], [ 106.897383844616797, 10.62996970812195 ], [ 106.897461833189027, 10.629922683577997 ], [ 106.8975408016682, 10.629875744928906 ], [ 106.897618784644081, 10.629827725087114 ], [ 106.897694809313222, 10.629779712388068 ], [ 106.89777279315534, 10.629731693413408 ], [ 106.897850856860671, 10.629684756195665 ], [ 106.897927851788921, 10.629634750235619 ], [ 106.898003797709336, 10.629585743379053 ], [ 106.898080798136178, 10.629536733553762 ], [ 106.898155839337747, 10.629487729069799 ], [ 106.89823185176671, 10.629436733162326 ], [ 106.898306813358474, 10.629386735462358 ], [ 106.89838282762814, 10.629336734799915 ], [ 106.898456800817868, 10.629283665339548 ], [ 106.89852979668278, 10.629232680405092 ], [ 106.898603835826762, 10.629177712312517 ], [ 106.898675842722241, 10.629123748732535 ], [ 106.898747842720837, 10.629067703294494 ], [ 106.898818783603957, 10.629011663526152 ], [ 106.898889804292537, 10.628955712042284 ], [ 106.898960820904449, 10.628898677590053 ], [ 106.899029792611174, 10.628839751343969 ], [ 106.899099821223118, 10.628780731722465 ], [ 106.899168796253775, 10.6287227085159 ], [ 106.899238825711677, 10.628663685249318 ], [ 106.899307797892973, 10.628604670360085 ], [ 106.899374802494052, 10.62854367028697 ], [ 106.89944384393678, 10.628482665456536 ], [ 106.899511829910551, 10.628421663574034 ], [ 106.899579822722814, 10.628362740810987 ], [ 106.899648788231147, 10.628301734413066 ], [ 106.899716776920371, 10.62824172415101 ], [ 106.899784834002375, 10.628179729387638 ], [ 106.899851839327951, 10.62811872922736 ], [ 106.899920811262518, 10.628059713322562 ], [ 106.899988793317291, 10.627997715181358 ], [ 106.900057841949845, 10.627938697162538 ], [ 106.900126809170615, 10.627878687761996 ], [ 106.900194793954896, 10.62781768485684 ], [ 106.900264825822447, 10.627759658480979 ], [ 106.900333797926393, 10.627700731089787 ], [ 106.900403829743439, 10.627642705591997 ], [ 106.900473784771265, 10.62758467945844 ], [ 106.900544795541649, 10.627526738937137 ], [ 106.900579814508731, 10.627498674886812 ], [ 106.900614831908356, 10.627469705954043 ], [ 106.900684786858776, 10.627411680685091 ], [ 106.900755802189025, 10.627354735389734 ], [ 106.900826812515675, 10.627296705322044 ], [ 106.900896772020033, 10.627239673471522 ], [ 106.900967791911384, 10.627183723401753 ], [ 106.901038797511305, 10.627124697124016 ], [ 106.901109811457644, 10.627067662271861 ], [ 106.901179773024751, 10.627010721662524 ], [ 106.901250786903887, 10.626953683167693 ], [ 106.901321807649438, 10.626898728309687 ], [ 106.901392815854109, 10.626839701954795 ], [ 106.901464813892531, 10.626783657804783 ], [ 106.901534772581542, 10.626726716235103 ], [ 106.901605787250105, 10.626669680381292 ], [ 106.901676806871123, 10.626613729272494 ], [ 106.901747820572226, 10.626556693395004 ], [ 106.901818754674352, 10.626498663417234 ], [ 106.901889768660212, 10.626441717909595 ], [ 106.901960785018261, 10.626384681077615 ], [ 106.902031802678096, 10.626328729907927 ], [ 106.902101758007547, 10.626270705274994 ], [ 106.902209819015226, 10.6261836984064 ], [ 106.902267816928727, 10.626112697586727 ], [ 106.902326804668917, 10.626044675358068 ], [ 106.902385788651159, 10.625975657851972 ], [ 106.902445748471962, 10.625905645089281 ], [ 106.902505793732146, 10.625837710255098 ], [ 106.902566817296346, 10.625769681423082 ], [ 106.902626778854426, 10.625699665914874 ], [ 106.90268780552357, 10.625632722733327 ], [ 106.902748748516203, 10.625563698886634 ], [ 106.9028087923882, 10.625495672709675 ], [ 106.902869815819173, 10.625427643831484 ], [ 106.902929779492354, 10.625358714854292 ], [ 106.902988756671249, 10.625287710335247 ], [ 106.903048800441141, 10.625219685026423 ], [ 106.903106805447877, 10.625150672816225 ], [ 106.903163751269616, 10.625080669204699 ], [ 106.903220768268739, 10.625009671849453 ], [ 106.903275750234201, 10.624938681055536 ], [ 106.903329746045856, 10.624865705119285 ], [ 106.903382767892296, 10.624794722413549 ], [ 106.903434794862363, 10.624719673635941 ], [ 106.903484787726157, 10.624644634130954 ], [ 106.903533797591621, 10.624568693346516 ], [ 106.903579789773417, 10.624492673242878 ], [ 106.903623740382059, 10.624414671877249 ], [ 106.90366474568124, 10.624334691666139 ], [ 106.903703790888002, 10.624254717747776 ], [ 106.903740790541249, 10.624172674898226 ], [ 106.90377680677895, 10.624088644190296 ], [ 106.903810785605785, 10.624004713170638 ], [ 106.903843784500097, 10.623920695350821 ], [ 106.903875801889924, 10.62383568494872 ], [ 106.903900654055505, 10.623767191274975 ], [ 106.90390772856604, 10.623747691743501 ], [ 106.903938764524597, 10.623662685847377 ], [ 106.903969798562642, 10.623576685578385 ], [ 106.904001733578838, 10.623490682901283 ], [ 106.904032766669204, 10.623404681728214 ], [ 106.90406478678581, 10.623320665683034 ], [ 106.904097785554427, 10.623236647847968 ], [ 106.904132744708519, 10.623152713205508 ], [ 106.904168759827456, 10.623068681570532 ], [ 106.90420576106267, 10.622986636873545 ], [ 106.904245781834078, 10.622905666757907 ], [ 106.904287760821759, 10.62282469034677 ], [ 106.90433178779773, 10.622746686827915 ], [ 106.904377773907953, 10.622668678816755 ], [ 106.904426782018376, 10.622592646642554 ], [ 106.904476772841249, 10.622517696531045 ], [ 106.904529779691146, 10.622442645834344 ], [ 106.904581733344259, 10.622368682874184 ], [ 106.904636788492297, 10.62229669545529 ], [ 106.904691756320645, 10.622222632811962 ], [ 106.904747719804547, 10.622151639129193 ], [ 106.904803752630258, 10.622079650805894 ], [ 106.904859777952765, 10.622005671938689 ], [ 106.904916788472946, 10.621933680909557 ], [ 106.904971766711895, 10.621861693728645 ], [ 106.905027721679986, 10.621788710379152 ], [ 106.905081720961263, 10.621717632570954 ], [ 106.905134732525113, 10.621643666555988 ], [ 106.905186762664755, 10.62156970323932 ], [ 106.905237726729624, 10.621492669401141 ], [ 106.905286736369092, 10.621417632404075 ], [ 106.905333781547114, 10.621340705172431 ], [ 106.905377731315937, 10.621262702736288 ], [ 106.905419718769608, 10.621183623641274 ], [ 106.905459742757898, 10.621103647784288 ], [ 106.905499757425176, 10.621021683202589 ], [ 106.905536763665296, 10.620940632758984 ], [ 106.905574740484738, 10.620857678576982 ], [ 106.905610758741176, 10.620774644814318 ], [ 106.905645724731215, 10.620692698791586 ], [ 106.905679776426012, 10.620608676976206 ], [ 106.905713748430571, 10.620522663984287 ], [ 106.905746744597977, 10.620437650765691 ], [ 106.905777706766585, 10.620353637597459 ], [ 106.9058087428634, 10.620268632489685 ], [ 106.905839772469349, 10.620182633930263 ], [ 106.905868770734457, 10.620096640130408 ], [ 106.905898746725001, 10.620010643635965 ], [ 106.905925703513034, 10.619923662966167 ], [ 106.905954776669248, 10.619837669790394 ], [ 106.905981733434416, 10.619750690022087 ], [ 106.906008762858519, 10.619662623401576 ], [ 106.9060337595634, 10.619575651746509 ], [ 106.906060721853052, 10.61948966542804 ], [ 106.906085720361503, 10.619402693764215 ], [ 106.906110720422589, 10.619316624265434 ], [ 106.906134738422793, 10.619229653495454 ], [ 106.906159740631693, 10.619143675288736 ], [ 106.906181722402408, 10.619056624323413 ], [ 106.906201739726228, 10.618967680420488 ], [ 106.906218744093664, 10.618879652487434 ], [ 106.906234765159155, 10.618790634698515 ], [ 106.906247767955591, 10.618700632733981 ], [ 106.906259718156932, 10.618611625404201 ], [ 106.906270764661926, 10.618522627727446 ], [ 106.907348745166814, 10.615402610267672 ], [ 106.908075727083599, 10.613468667360573 ], [ 106.908118691003708, 10.613389673039052 ], [ 106.908159692657847, 10.613309602975205 ], [ 106.908201675084086, 10.613229618788454 ], [ 106.90824267238537, 10.613148645657944 ], [ 106.908283675227366, 10.613068664168898 ], [ 106.908323688858232, 10.612986608072312 ], [ 106.908363711210626, 10.612906631092889 ], [ 106.908403725146357, 10.612824666290397 ], [ 106.908442687088652, 10.612743610244276 ], [ 106.908482700978936, 10.612661643627458 ], [ 106.908521662217666, 10.612579682694214 ], [ 106.908560699023823, 10.612498624554748 ], [ 106.908599658393854, 10.61241666271815 ], [ 106.908637708135927, 10.612333619455374 ], [ 106.90867667212629, 10.612252651972879 ], [ 106.908715706030122, 10.612170600358365 ], [ 106.908753684873645, 10.612088642123078 ], [ 106.908791662785049, 10.612006683888321 ], [ 106.90883069845664, 10.611924631354089 ], [ 106.908868680079138, 10.611843668380894 ], [ 106.908906656591171, 10.611760625367204 ], [ 106.908945689805606, 10.611678663230776 ], [ 106.908983666280292, 10.611595620211279 ], [ 106.909022699460394, 10.6115136589728 ], [ 106.909061659174611, 10.611431605796096 ], [ 106.909100696062126, 10.611350638914887 ], [ 106.909139656082445, 10.611268677032717 ], [ 106.909178697251093, 10.611188614108674 ], [ 106.909217650746882, 10.611105657867119 ], [ 106.909255702017603, 10.61102261455081 ], [ 106.90929269823944, 10.610939666423295 ], [ 106.909328711818162, 10.610856628806083 ], [ 106.909364644798217, 10.610771605441148 ], [ 106.909400655853489, 10.61068766475292 ], [ 106.909436663725018, 10.610602641106791 ], [ 106.909471692960437, 10.610517621066606 ], [ 106.909507704880085, 10.610433681271621 ], [ 106.909542661979813, 10.61034965406178 ], [ 106.90957965589125, 10.61026661552382 ], [ 106.909615671504682, 10.610183670084661 ], [ 106.909654702109663, 10.610100624030585 ], [ 106.909692676744669, 10.610017670457593 ], [ 106.909732694335389, 10.609936609511626 ], [ 106.909773690860078, 10.60985563444593 ], [ 106.909814695776177, 10.609776649003841 ], [ 106.909859703031685, 10.60969963574278 ], [ 106.909904635349577, 10.609622625465549 ], [ 106.909951676557213, 10.60954560740524 ], [ 106.910000683718266, 10.609470660336275 ], [ 106.910051656975043, 10.609396609988439 ], [ 106.910105659047545, 10.609326615463441 ], [ 106.910163662550417, 10.609258596731808 ], [ 106.91019299483149, 10.60922634212281 ], [ 106.910223633834022, 10.609192649884051 ], [ 106.910286698758867, 10.6091275946886 ], [ 106.910351650970654, 10.609063620006419 ], [ 106.910418638956315, 10.608999635993825 ], [ 106.910488658157334, 10.608939618291974 ], [ 106.910558683008233, 10.60888159111793 ], [ 106.910630668132484, 10.608823645286547 ], [ 106.910701672448354, 10.608765612663104 ], [ 106.910775693333093, 10.608707662002411 ], [ 106.910849642760169, 10.608651608138384 ], [ 106.910921639937655, 10.608596645336437 ], [ 106.910995674826154, 10.608542672086978 ], [ 106.911068648297686, 10.608486620877711 ], [ 106.911140642657429, 10.608431658947367 ], [ 106.911212633815794, 10.60837561314422 ], [ 106.911286674161971, 10.608322630576737 ], [ 106.911358666180519, 10.608266584741923 ], [ 106.911432627906052, 10.608213606051173 ], [ 106.911507643034341, 10.608159626366758 ], [ 106.911582658138826, 10.608105647571033 ], [ 106.911658659330513, 10.608053653870973 ], [ 106.911734665168694, 10.608002656322348 ], [ 106.911811657088805, 10.607953642060345 ], [ 106.911889628509456, 10.607904625067473 ], [ 106.911966627884553, 10.607857599497661 ], [ 106.912045671802431, 10.607812647316248 ], [ 106.912126681903388, 10.607769585303554 ], [ 106.91220664447421, 10.607728608101453 ], [ 106.912287672733171, 10.607690610072137 ], [ 106.912369682306078, 10.607652604781526 ], [ 106.912454653306, 10.607620648798314 ], [ 106.912540684995747, 10.60759058903621 ], [ 106.912629681173442, 10.607566661731832 ], [ 106.912718678935178, 10.607543641992095 ], [ 106.912810632092757, 10.607524587903535 ], [ 106.912901618242174, 10.60750861179476 ], [ 106.912993672021727, 10.607496608313664 ], [ 106.913085650868609, 10.607484605987413 ], [ 106.913176663279685, 10.607475589433161 ], [ 106.913267614307003, 10.607470642790116 ], [ 106.913357665060019, 10.607466602525051 ], [ 106.913448626443099, 10.607464640727839 ], [ 106.913483203993053, 10.607465021766554 ], [ 106.913540656267983, 10.607465653560036 ], [ 106.913629124882192, 10.607468509191612 ], [ 106.913633672231867, 10.607468655988798 ], [ 106.913726634908002, 10.607477624842396 ], [ 106.913819674329815, 10.607486590672062 ], [ 106.913910622189036, 10.607500631010097 ], [ 106.914001661944297, 10.607519641051985 ], [ 106.914089633924377, 10.607543635202957 ], [ 106.914175660087594, 10.607571614032805 ], [ 106.914258611063914, 10.607603581723264 ], [ 106.914341649516402, 10.607638621687046 ], [ 106.91442462252617, 10.607676647708063 ], [ 106.914506617515315, 10.607714586024214 ], [ 106.91458861388881, 10.607753609989054 ], [ 106.914668661500031, 10.607794628993506 ], [ 106.914749613837316, 10.607836639904468 ], [ 106.914830646711195, 10.607879644869449 ], [ 106.914910625719514, 10.607922560604601 ], [ 106.914990613994661, 10.607968643820509 ], [ 106.915069621402424, 10.608013644969686 ], [ 106.915149614971099, 10.608060632098026 ], [ 106.915228629037003, 10.608107621928241 ], [ 106.915306661768881, 10.608154613563915 ], [ 106.915385674973294, 10.608201605160613 ], [ 106.915463637509433, 10.60824959319547 ], [ 106.915541672140108, 10.60829658566197 ], [ 106.915620614251893, 10.608344571830461 ], [ 106.915698648017653, 10.608391565159964 ], [ 106.915776678040075, 10.608437564106239 ], [ 106.915854643881772, 10.608486635887701 ], [ 106.915932676805042, 10.608533630058439 ], [ 106.916009660888221, 10.608581620662859 ], [ 106.916086649797066, 10.608631602689949 ], [ 106.916163635866027, 10.608680587619046 ], [ 106.91617492848674, 10.608687961976118 ], [ 106.916238662913813, 10.608729580695051 ], [ 106.916315655541482, 10.608779560836245 ], [ 106.916390617527981, 10.608831627634535 ], [ 106.916466625090393, 10.608880618819672 ], [ 106.91654166639438, 10.608933590163419 ], [ 106.91661767684856, 10.608983572958866 ], [ 106.916692638931778, 10.609035639673777 ], [ 106.91676766705649, 10.609084632600929 ], [ 106.916843611121564, 10.60913660794543 ], [ 106.916919621670573, 10.609186590656703 ], [ 106.916996610858178, 10.609236570619373 ], [ 106.917072613006951, 10.609284566378019 ], [ 106.917149676138592, 10.609333551648765 ], [ 106.917226661965316, 10.60938262667859 ], [ 106.917304622207652, 10.60942962163506 ], [ 106.917382656474885, 10.609476613582899 ], [ 106.917461672125029, 10.609523603673514 ], [ 106.917539633458844, 10.609571591126446 ], [ 106.91761767534183, 10.609620572632817 ], [ 106.917697665901017, 10.609666564661996 ], [ 106.917777648016553, 10.60971056614278 ], [ 106.917857628211308, 10.609753574137461 ], [ 106.91793866196295, 10.60979657729253 ], [ 106.918020660168153, 10.609835599344718 ], [ 106.918103624308259, 10.609870549890401 ], [ 106.918187631025731, 10.609902603814032 ], [ 106.918273674133971, 10.609934558846389 ], [ 106.918360672309191, 10.609960544059565 ], [ 106.918448632976279, 10.609981553799908 ], [ 106.918537643410687, 10.610001563431384 ], [ 106.918628680166606, 10.610018583287767 ], [ 106.918719631710275, 10.610033614685234 ], [ 106.918810643648712, 10.610044577033106 ], [ 106.918902636378576, 10.610055627009846 ], [ 106.918992672570482, 10.610067586400646 ], [ 106.919084656493268, 10.610076556305895 ], [ 106.91917467289889, 10.61008354565498 ], [ 106.919266662771179, 10.610093599351362 ], [ 106.919357667173841, 10.610102572817201 ], [ 106.919449639771315, 10.610108559534025 ], [ 106.919541621183882, 10.610116625336007 ], [ 106.919633669623579, 10.610122611716077 ], [ 106.91971975712508, 10.610128215260701 ], [ 106.919725642223639, 10.610128598350933 ], [ 106.9198176755432, 10.610130606333747 ], [ 106.91990963301734, 10.610132613667684 ], [ 106.920000671345719, 10.610130558310097 ], [ 106.920091631303379, 10.610127598337861 ], [ 106.920181670272356, 10.610120572970688 ], [ 106.920270643438059, 10.61011056842379 ], [ 106.920360659704954, 10.610097576849501 ], [ 106.920451649749253, 10.610082591974725 ], [ 106.920542610220792, 10.61006055526863 ], [ 106.920632660339734, 10.610036533179491 ], [ 106.920721632384499, 10.610006549742923 ], [ 106.920808630222822, 10.609972595235581 ], [ 106.920892665495799, 10.609932592387137 ], [ 106.920972614577309, 10.609888538650905 ], [ 106.921030718007046, 10.609850087730409 ], [ 106.921046666641956, 10.609839533181708 ], [ 106.921117609510375, 10.60978556831366 ], [ 106.921188616497957, 10.609728529675737 ], [ 106.921257664748794, 10.609671587813153 ], [ 106.921326628300449, 10.609612565301314 ], [ 106.921393628087898, 10.609552558430311 ], [ 106.921460633454089, 10.609493544091976 ], [ 106.921528606054011, 10.609431543923003 ], [ 106.921594620495185, 10.609369551940894 ], [ 106.921660624584362, 10.609305567623805 ], [ 106.921725646261081, 10.609240595294491 ], [ 106.92179059355027, 10.609175531929962 ], [ 106.921854639431203, 10.609111556684061 ], [ 106.921917618561466, 10.609044601379455 ], [ 106.921980599158147, 10.608977558373706 ], [ 106.922042594011543, 10.608909612344057 ], [ 106.922103606098688, 10.608840585196779 ], [ 106.922165605254065, 10.608773543107395 ], [ 106.922225635948436, 10.608704522311113 ], [ 106.922285598552278, 10.608636583818276 ], [ 106.922344647702587, 10.608566569577897 ], [ 106.922403624777502, 10.608497550874526 ], [ 106.922460640953844, 10.608428538568569 ], [ 106.922518629054082, 10.608357534789363 ], [ 106.922572625031108, 10.608286544981375 ], [ 106.922627591100877, 10.60821356280373 ], [ 106.922679620420254, 10.608140593376451 ], [ 106.922731643749032, 10.608066537386748 ], [ 106.922782609164614, 10.607991581360066 ], [ 106.922831615170466, 10.607916541332283 ], [ 106.922881591615678, 10.607839600236005 ], [ 106.922929613361489, 10.607763571302677 ], [ 106.922978607015125, 10.607685547282006 ], [ 106.923026621134127, 10.607607528716958 ], [ 106.923074634664331, 10.607529601450421 ], [ 106.923121597166144, 10.607452580265967 ], [ 106.923169619709, 10.607376550399582 ], [ 106.923217636609024, 10.607299525272296 ], [ 106.923265578908541, 10.607222591719543 ], [ 106.92331457710705, 10.607145562921403 ], [ 106.923364632607175, 10.607069526354433 ], [ 106.923413630186403, 10.606992587041077 ], [ 106.923463610713938, 10.606916550742417 ], [ 106.923512615830461, 10.60684160103923 ], [ 106.923562596311385, 10.606765564729352 ], [ 106.923609634430193, 10.606688544114951 ], [ 106.92365862867571, 10.606610520920457 ], [ 106.92370664386381, 10.606533586143778 ], [ 106.923755641860481, 10.606456559105112 ], [ 106.923804641797474, 10.60638052642638 ], [ 106.923852585643019, 10.606303590996042 ], [ 106.923901586447911, 10.606227558303241 ], [ 106.923950588140073, 10.606151524697658 ], [ 106.924001624101521, 10.606075572988246 ], [ 106.924051608137688, 10.606000530077756 ], [ 106.924103631154253, 10.605926565225486 ], [ 106.924155582096233, 10.605853594104445 ], [ 106.924210622879869, 10.605780520142542 ], [ 106.924264615179553, 10.605708538472987 ], [ 106.924319588003598, 10.605637543892879 ], [ 106.924376592788732, 10.605565548251622 ], [ 106.924432625625982, 10.605495545879835 ], [ 106.924490608960056, 10.605423547473645 ], [ 106.924547626870734, 10.60535453397299 ], [ 106.924605618652748, 10.6052845242638 ], [ 106.924663611326125, 10.605214515446992 ], [ 106.924722582910974, 10.605144592460197 ], [ 106.924781633753796, 10.605075572239757 ], [ 106.924841587191651, 10.605005555171738 ], [ 106.924901625079002, 10.604938519992466 ], [ 106.924962564991986, 10.60487057836456 ], [ 106.925023578541385, 10.604802545150861 ], [ 106.925084595865613, 10.604735508093977 ], [ 106.925147574348358, 10.604668553195964 ], [ 106.925209574915272, 10.60460250501157 ], [ 106.92527362099267, 10.604538530126295 ], [ 106.925337589377307, 10.604474555520719 ], [ 106.925401557728478, 10.604410579096806 ], [ 106.925467561480943, 10.604346506468429 ], [ 106.925532589836735, 10.604283521338823 ], [ 106.925598604350526, 10.604222521257824 ], [ 106.925666580587901, 10.604161512931221 ], [ 106.925733570758027, 10.604099514809118 ], [ 106.925801623848827, 10.604039504159253 ], [ 106.925870582738455, 10.603979576893556 ], [ 106.925940591892228, 10.60391856182445 ], [ 106.926011592835181, 10.603860527959519 ], [ 106.926082589946461, 10.603801497915484 ], [ 106.926154574485508, 10.603744546020311 ], [ 106.926227613984551, 10.603687497058125 ], [ 106.926301573579721, 10.603634514335015 ], [ 106.926375599556081, 10.603579540796968 ], [ 106.926450617328612, 10.603527549363456 ], [ 106.926527594985444, 10.603475547874277 ], [ 106.926603602688061, 10.603426534919347 ], [ 106.926680607803078, 10.60338149480185 ], [ 106.926759562826476, 10.603334550837118 ], [ 106.926838607457526, 10.603290499237703 ], [ 106.926919546059693, 10.603249513145361 ], [ 106.926999599068353, 10.603213504013585 ], [ 106.927081603457225, 10.603175497916148 ], [ 106.927165579486498, 10.603140557031802 ], [ 106.92725054697479, 10.603108506943082 ], [ 106.927335596405541, 10.603078536571248 ], [ 106.927421558904641, 10.603050549696782 ], [ 106.92750857673289, 10.603022560659163 ], [ 106.927596577843246, 10.602995561386832 ], [ 106.927627996002471, 10.602987343293934 ], [ 106.92768459414485, 10.602972539520659 ], [ 106.927773589935782, 10.602949514869 ], [ 106.927862581907974, 10.602925495836315 ], [ 106.927952563141019, 10.602903551312876 ], [ 106.928042547968204, 10.602883506000948 ], [ 106.928131556366793, 10.602863554717652 ], [ 106.928221612136767, 10.602841520348521 ], [ 106.928312578594515, 10.602821561684786 ], [ 106.928402575690953, 10.602804499342579 ], [ 106.92849256353351, 10.602784544293884 ], [ 106.928581565882624, 10.602763508143113 ], [ 106.928670571300586, 10.602742561450308 ], [ 106.92875958884629, 10.602725503583386 ], [ 106.92884859804532, 10.602705552103501 ], [ 106.928938584553563, 10.602685505636712 ], [ 106.929027599509752, 10.602667542829128 ], [ 106.929117597417175, 10.602650481191855 ], [ 106.929206545033679, 10.602634506426149 ], [ 106.92929556193485, 10.60261753881352 ], [ 106.929385561978279, 10.602600567491921 ], [ 106.929476550755538, 10.602586484251082 ], [ 106.929566557473649, 10.602571500692497 ], [ 106.929656559461492, 10.60255552365984 ], [ 106.929746567069998, 10.602540540048189 ], [ 106.929836574824677, 10.602526551685946 ], [ 106.929926587140443, 10.602512564185643 ], [ 106.93001756731374, 10.602496491180217 ], [ 106.930107577772588, 10.602482501828854 ], [ 106.930197589137691, 10.602468513353156 ], [ 106.930287590129737, 10.602452536150061 ], [ 106.930377592019923, 10.602436558014819 ], [ 106.930553539007661, 10.602407509603873 ], [ 106.930641559719575, 10.602386476578237 ], [ 106.930731544325766, 10.602365525653708 ], [ 106.930821526750023, 10.602344486123489 ], [ 106.930910538542605, 10.602325528445585 ], [ 106.930999552877481, 10.602307475611189 ], [ 106.931089544137919, 10.602288513304936 ], [ 106.931179533560609, 10.602269551884932 ], [ 106.931270584513612, 10.602251490428577 ], [ 106.93136057680907, 10.602233523318574 ], [ 106.931449591987786, 10.60221546945505 ], [ 106.931539584097237, 10.602196507926369 ], [ 106.931629581998394, 10.6021795359958 ], [ 106.931720552314474, 10.60216047944318 ], [ 106.931810537830046, 10.602140524398854 ], [ 106.931899552028355, 10.602122470417081 ], [ 106.931988558928765, 10.602102518095611 ], [ 106.932077562562199, 10.602081480091027 ], [ 106.932166565617536, 10.60206053336592 ], [ 106.932255564494469, 10.602038501865231 ], [ 106.93234358294194, 10.602016473120308 ], [ 106.932431523897066, 10.601993541574453 ], [ 106.93251855610292, 10.601969529556888 ], [ 106.932606560143356, 10.601943522412679 ], [ 106.932693583763211, 10.601917520737967 ], [ 106.932779550037282, 10.601890527740824 ], [ 106.932864526068755, 10.60186145840286 ], [ 106.932949576282482, 10.601831486600066 ], [ 106.933034542994392, 10.601799524542308 ], [ 106.933119580444014, 10.60176647743039 ], [ 106.933202565937975, 10.601729460533244 ], [ 106.93328555831836, 10.601693528357266 ], [ 106.933367541008707, 10.601650459479648 ], [ 106.933448551991319, 10.601608476292066 ], [ 106.933528573079641, 10.601564509877234 ], [ 106.933609560911293, 10.601517465398283 ], [ 106.933687534745644, 10.601470523538501 ], [ 106.933765570580277, 10.601419511745025 ], [ 106.933841565912459, 10.601367513240927 ], [ 106.933917563048823, 10.601315515618165 ], [ 106.933991514940729, 10.601261535127074 ], [ 106.934065544133887, 10.601207466644976 ], [ 106.934136544032597, 10.601149520657298 ], [ 106.934206565141224, 10.601092481407392 ], [ 106.934276576578753, 10.601032458168529 ], [ 106.93434350692408, 10.600975523632712 ], [ 106.93438166603346, 10.600941872494815 ], [ 106.934411559329007, 10.600915509548981 ], [ 106.93447855071922, 10.600854503268927 ], [ 106.934544552953881, 10.600790519399963 ], [ 106.93457751551145, 10.600758482407802 ], [ 106.937918494017978, 10.599484457741694 ], [ 106.938356555449204, 10.599239431677331 ], [ 106.938725524446085, 10.598901456651777 ], [ 106.939094515786607, 10.598441159464741 ], [ 106.93929150981235, 10.598195419299254 ], [ 106.939418497922375, 10.598038446808909 ], [ 106.939496495092669, 10.59795850504649 ], [ 106.940615468744724, 10.597008449811748 ], [ 106.940989475438258, 10.596824416906015 ], [ 106.941375474979722, 10.596682465945854 ], [ 106.94185849547172, 10.596625490202719 ], [ 106.942268018958131, 10.596614504021595 ], [ 106.942270474734386, 10.596614436867835 ], [ 106.943347480707843, 10.596721463459808 ], [ 106.944086502103403, 10.596835467871403 ], [ 106.945066510251948, 10.597116435547491 ], [ 106.945966594069347, 10.597252283955328 ], [ 106.945967501904974, 10.597252419717814 ], [ 106.946565475480554, 10.597278444480461 ], [ 106.94684249283624, 10.597252441956204 ], [ 106.947095474928418, 10.59718946064651 ], [ 106.947242905687261, 10.597127619098657 ], [ 106.947610510779683, 10.59697342046373 ], [ 106.948455366071997, 10.596617860479332 ], [ 106.94941646625611, 10.596213378535564 ], [ 106.952152424112327, 10.595224395423644 ], [ 106.952724433921531, 10.595029377791995 ], [ 106.954370456929837, 10.594466368830208 ], [ 106.956255409168108, 10.59395035510641 ], [ 106.956708407927664, 10.593888409182842 ], [ 106.957482448039286, 10.593824326973278 ], [ 106.958106469232845, 10.593787401336799 ], [ 106.959696436678939, 10.593809321698412 ], [ 106.960036429118531, 10.593758384241474 ], [ 106.960356413656072, 10.593659334784865 ], [ 106.96066439020926, 10.593535380863383 ], [ 106.960902434483486, 10.59341232923911 ], [ 106.961117428215687, 10.593292348276323 ], [ 106.96128343235975, 10.593171382259714 ], [ 106.961417453120035, 10.593043303863334 ], [ 106.96174737897617, 10.592751291751549 ], [ 106.961773429393489, 10.592725335437422 ], [ 106.962611437594248, 10.591911357529662 ], [ 106.962899373329748, 10.591674290819082 ], [ 106.963195404663452, 10.591445329286454 ], [ 106.963521403665737, 10.591286317390781 ], [ 106.963853425839844, 10.591164347200204 ], [ 106.964760363179977, 10.590996314282183 ], [ 106.965663395179746, 10.590793306941586 ], [ 106.965710107361261, 10.59078064474679 ], [ 106.96676636094368, 10.590494328623718 ], [ 106.966781802888576, 10.590488970852503 ], [ 106.96708335593641, 10.590384347406239 ], [ 106.967440410424715, 10.590208304078525 ], [ 106.967737410416817, 10.590016312509913 ], [ 106.968552354975174, 10.589398316058899 ], [ 106.969282394869353, 10.588731288281778 ], [ 106.969913333301491, 10.588046286983133 ], [ 106.970541378890601, 10.587297291795815 ], [ 106.970660377834207, 10.587183282407794 ], [ 106.970962380578413, 10.586847253369699 ], [ 106.971153385339079, 10.586628275235423 ], [ 106.97137836936956, 10.586350312905669 ], [ 106.97188434179607, 10.585720308065929 ], [ 106.972655810445374, 10.58459727563684 ], [ 106.972672300959729, 10.584573270255049 ], [ 106.973353299806774, 10.583707262770947 ], [ 106.973832292402264, 10.583060273640454 ], [ 106.97416230911486, 10.582702254032309 ], [ 106.974443325304819, 10.582473251537321 ], [ 106.97457929332505, 10.582363244712864 ], [ 106.974893341425883, 10.582216292623219 ], [ 106.975305307251418, 10.582094271484209 ], [ 106.975431191019936, 10.582071749050806 ], [ 106.975758279255814, 10.582013226024594 ], [ 106.977999304187918, 10.582132247683649 ], [ 106.979002296657555, 10.58200421286878 ], [ 106.97987929520886, 10.581727228512666 ], [ 106.981805320702307, 10.580603212720018 ], [ 106.983007259075734, 10.579928255024033 ], [ 106.983035731723149, 10.579911539780211 ], [ 106.983851599271077, 10.579432578977372 ], [ 106.983857285213546, 10.579429241011191 ], [ 106.983973907504819, 10.579700939242423 ], [ 106.98488528132782, 10.581824189878569 ], [ 106.985545270172693, 10.58328823654365 ], [ 106.98568629547556, 10.58359523886973 ], [ 106.986103932608614, 10.584499871515465 ], [ 106.986131320430459, 10.584559193844782 ], [ 106.986529293459014, 10.585497206289864 ], [ 106.986864286551565, 10.586684166157456 ], [ 106.987045346381294, 10.587841175056202 ], [ 106.987132354537735, 10.588978210316258 ], [ 106.987114750482448, 10.589677088290598 ], [ 106.987108300294238, 10.589933155621864 ], [ 106.987003348406844, 10.59091716710045 ], [ 106.986885352920908, 10.591843190366067 ], [ 106.986812375801946, 10.592419172321305 ], [ 106.986781348054663, 10.5927252227848 ], [ 106.985995340260885, 10.595495224032542 ], [ 106.985981393845861, 10.595776165127607 ], [ 106.986040326889736, 10.596020204469967 ], [ 106.9860728036045, 10.596067277050951 ], [ 106.986171392698523, 10.596210171574855 ], [ 106.987108387178111, 10.597222185253063 ], [ 106.988547371612768, 10.598530191551443 ], [ 106.988987194243705, 10.598899209821036 ], [ 106.989746398002808, 10.59953619176861 ], [ 106.990322385900839, 10.600204179683578 ], [ 106.990600409493297, 10.600691176916721 ], [ 106.990693980590862, 10.600905311951273 ], [ 106.990739382428288, 10.60100921247855 ], [ 106.990821415104364, 10.601486132730145 ], [ 106.99081241074191, 10.60201919130234 ], [ 106.990688375513074, 10.60262213255044 ], [ 106.990485371225375, 10.603509165351801 ], [ 106.990441415849531, 10.604122189030283 ], [ 106.99051241234794, 10.604497176746396 ], [ 106.990686401940138, 10.604882154649433 ], [ 106.990928384460204, 10.605177183812541 ], [ 106.991250399479085, 10.605414128874326 ], [ 106.991736314657373, 10.605590182629097 ], [ 106.991871418425163, 10.605639132657744 ], [ 106.992140663885991, 10.605684702823288 ], [ 106.992143374896727, 10.605685160366843 ], [ 106.992595404764501, 10.605681206600517 ], [ 106.9939153993991, 10.605540202551442 ], [ 106.994907495898161, 10.605326356743989 ], [ 106.994987374337768, 10.605309138527359 ], [ 106.995553175801504, 10.605295214396412 ], [ 106.995556406367271, 10.605295134713302 ], [ 106.996004378272715, 10.605350134407383 ], [ 106.996325394146552, 10.605451108862693 ], [ 106.996480351411819, 10.60556413258953 ], [ 106.996567360590404, 10.605666124272508 ], [ 106.997111356089448, 10.60670912943392 ], [ 106.997308362106509, 10.607155123906535 ], [ 106.997459377700949, 10.607355132763125 ], [ 106.99764309127653, 10.607499091547151 ], [ 106.997667371881803, 10.607518118336181 ], [ 106.99784439182136, 10.607607096252895 ], [ 106.998048387451149, 10.60765817912185 ], [ 106.998418261036505, 10.607691573040125 ], [ 106.998424378801062, 10.607692126382519 ], [ 106.998447652445137, 10.607689499322849 ], [ 106.998849400585385, 10.60764415134542 ], [ 106.998880263616613, 10.607635230640115 ], [ 106.999188379044909, 10.607546163780256 ], [ 106.999548421758533, 10.607346117441317 ], [ 106.999717472762953, 10.607236171659997 ], [ 106.999811358749525, 10.607175111852833 ], [ 107.000034409479213, 10.607037084345361 ], [ 107.000173373281939, 10.606997115267021 ], [ 107.000177759434251, 10.60699696766509 ], [ 107.000250812036811, 10.606994511438247 ], [ 107.000292359434354, 10.60699311420816 ], [ 107.000408091033933, 10.606999714021345 ], [ 107.000415387843503, 10.607000132470128 ], [ 107.000451966902702, 10.60700896961659 ], [ 107.000510366815291, 10.607023077725762 ], [ 107.000511428577923, 10.607023533615665 ], [ 107.000657361246724, 10.607086137774884 ], [ 107.000805397123443, 10.607183095382984 ], [ 107.000956393289925, 10.607359143166898 ], [ 107.001204385104828, 10.607665076986217 ], [ 107.00140740027247, 10.607845078440173 ], [ 107.001791362710819, 10.608079143531711 ], [ 107.001861402085808, 10.608122076310137 ], [ 107.002165364844089, 10.60829109734058 ], [ 107.002382393890713, 10.608414086151122 ], [ 107.002428359277772, 10.608449070394517 ], [ 107.002494366829453, 10.608520136442221 ], [ 107.002573421689888, 10.608630113477894 ], [ 107.002618374679187, 10.608731097320479 ], [ 107.002635412683375, 10.608825137912319 ], [ 107.002634413007058, 10.608931096615187 ], [ 107.002617401680368, 10.609029071223832 ], [ 107.002490357784652, 10.60946107426969 ], [ 107.002358404219436, 10.609816071240964 ], [ 107.002313385173665, 10.609884145329421 ], [ 107.002226423809859, 10.609998128130167 ], [ 107.00217654994853, 10.610083010606692 ], [ 107.002172382071691, 10.610090104230407 ], [ 107.00214339130541, 10.610189119973631 ], [ 107.002137360253826, 10.610281084778103 ], [ 107.002141339396118, 10.610358532957271 ], [ 107.00214439880456, 10.610418109180488 ], [ 107.002162741497457, 10.610482700224999 ], [ 107.002165427040552, 10.610492157506487 ], [ 107.002168914214792, 10.610497419978111 ], [ 107.002214413025854, 10.610566093590577 ], [ 107.002295389074632, 10.610629144350247 ], [ 107.002422395826827, 10.610688122049787 ], [ 107.002675383240955, 10.610794153743846 ], [ 107.002784429301755, 10.610847147271858 ], [ 107.002913409055068, 10.610891112224028 ], [ 107.003011438053619, 10.610902510010005 ], [ 107.003016411083905, 10.610903088607532 ], [ 107.003163410078784, 10.610893098993669 ], [ 107.00328936651313, 10.610860143365697 ], [ 107.003510418206318, 10.61074915027201 ], [ 107.004422355744524, 10.610397096091477 ], [ 107.004624394530637, 10.61028111602168 ], [ 107.005079367405344, 10.610018125022982 ], [ 107.005380357902084, 10.609846061772105 ], [ 107.005527357032335, 10.60979909597455 ], [ 107.005740347799801, 10.609763079185958 ], [ 107.005989350304844, 10.609742106582189 ], [ 107.00622497951521, 10.609738148004134 ], [ 107.006229376046988, 10.609738074396146 ], [ 107.006399369930875, 10.60976704750019 ], [ 107.006543366308421, 10.609833099517925 ], [ 107.006661780395888, 10.609951531772198 ], [ 107.006693355120731, 10.609983112501482 ], [ 107.00684037312918, 10.610273082106101 ], [ 107.00719032111617, 10.611088144107592 ], [ 107.007942253254882, 10.613255837637888 ], [ 107.00952974799948, 10.612082067030883 ], [ 107.011428403256176, 10.610825066155783 ], [ 107.0121993861042, 10.610287055252284 ], [ 107.012476674206155, 10.610093481847391 ], [ 107.013514383040501, 10.609369061907978 ], [ 107.014291414832456, 10.608822474614719 ], [ 107.01578335801095, 10.607772997824194 ], [ 107.017443315156513, 10.606515041782117 ], [ 107.01792528606299, 10.606023023599429 ], [ 107.018347305092604, 10.605467058301997 ], [ 107.019054283562028, 10.604381990470836 ], [ 107.019167258106378, 10.604140970550308 ], [ 107.019676300996565, 10.603054983618994 ], [ 107.02025127267224, 10.601029982381572 ], [ 107.020287670398417, 10.600877299283145 ], [ 107.020759254748313, 10.598899025869056 ], [ 107.021053267507014, 10.597898972530455 ], [ 107.022259268788559, 10.595077952964042 ], [ 107.022841271033343, 10.594251033617587 ], [ 107.023892243410174, 10.593057982499452 ], [ 107.023994215189418, 10.592931999521404 ], [ 107.024055211511538, 10.592828963480232 ], [ 107.024112206467905, 10.592724950184053 ], [ 107.024790244108175, 10.59155998588068 ], [ 107.025298229834704, 10.590659954478163 ], [ 107.025868216450192, 10.589701000979368 ], [ 107.026294215278838, 10.58896679004823 ], [ 107.026591197629145, 10.588454939187324 ], [ 107.026814207670157, 10.58783992796115 ], [ 107.026959156814456, 10.587209954554019 ], [ 107.027004148626929, 10.586336928912138 ], [ 107.026979105105383, 10.585979708751276 ], [ 107.026963142223693, 10.585752008586562 ], [ 107.02692521104585, 10.585053977950368 ], [ 107.026924434539353, 10.585045611482636 ], [ 107.026863138196774, 10.58438597102257 ], [ 107.026804181831181, 10.584130516732115 ], [ 107.026692513738197, 10.583646660415736 ], [ 107.026652191938922, 10.583471944960243 ], [ 107.026123174878819, 10.581997987257703 ], [ 107.025385147321572, 10.580530927214033 ], [ 107.024726551978304, 10.579401348449647 ], [ 107.024223171489524, 10.578537985093913 ], [ 107.023325173654158, 10.577022287467342 ], [ 107.02309215673813, 10.576628986845906 ], [ 107.022503584628453, 10.575786407037775 ], [ 107.021206129696367, 10.573929015267419 ], [ 107.018705118918135, 10.570451047062351 ], [ 107.018643810089529, 10.570366562952053 ], [ 107.017218140471343, 10.568401968895834 ], [ 107.014185094531399, 10.564416031754025 ], [ 107.013314057759345, 10.562977037336797 ], [ 107.01243410812009, 10.561475062590183 ], [ 107.011938112863234, 10.56069704181394 ], [ 107.011610976403475, 10.560026178675033 ], [ 107.011172056720369, 10.559126081129858 ], [ 107.010727058047181, 10.557824054515459 ], [ 107.010534057785662, 10.556784006073242 ], [ 107.010499063570592, 10.555759057619047 ], [ 107.010682086564785, 10.554610019234604 ], [ 107.011157030814957, 10.552852030552572 ], [ 107.011259600235206, 10.552567206825517 ], [ 107.011533004690136, 10.551807993339567 ], [ 107.012275055915808, 10.55036200742439 ], [ 107.01319598510706, 10.549174040766419 ], [ 107.014396599581886, 10.54819702959195 ], [ 107.014709967369015, 10.547942024212688 ], [ 107.016745994179658, 10.547305027263436 ], [ 107.020407981611271, 10.546716997758036 ], [ 107.022832964340623, 10.546542984767704 ], [ 107.024031320191696, 10.546290438433681 ], [ 107.024322939669347, 10.546228982083324 ], [ 107.025000485317619, 10.545901495104687 ], [ 107.025011931870125, 10.545895962006467 ], [ 107.025370926108138, 10.545608929963773 ], [ 107.025852921439395, 10.544944963040946 ], [ 107.026670967464796, 10.54362095942356 ], [ 107.026696483887306, 10.543553799930347 ], [ 107.027265953540308, 10.5420549421278 ], [ 107.027460067926086, 10.541120400525362 ], [ 107.027549885518269, 10.540687983450406 ], [ 107.027498882876046, 10.539190929615676 ], [ 107.027091884690861, 10.537791953048078 ], [ 107.025866928292899, 10.535939917631437 ], [ 107.024493113859194, 10.534349041227504 ], [ 107.024349630898215, 10.53418288752076 ], [ 107.024031906147144, 10.533814962449801 ], [ 107.023805549833824, 10.533626773703155 ], [ 107.01971386790116, 10.530225021265505 ], [ 107.018624881250375, 10.529046001371555 ], [ 107.01714662157525, 10.527053189231731 ], [ 107.016722905629464, 10.526481986261787 ], [ 107.016240897225671, 10.52596002586616 ], [ 107.014947873402562, 10.524368025229467 ], [ 107.014147601046474, 10.523240852165817 ], [ 107.012942886887629, 10.521544030464758 ], [ 107.012477091814219, 10.520541767284097 ], [ 107.009489822787643, 10.514113993739107 ], [ 107.007556125154721, 10.511359847441812 ], [ 107.006958770586323, 10.510509040953886 ], [ 107.005736832180801, 10.509363035657275 ], [ 107.005484137268837, 10.509250606373802 ], [ 107.003947780315485, 10.508567048134525 ], [ 107.001790794742647, 10.507852057127119 ], [ 107.000185795127777, 10.507106129863287 ], [ 106.999250812212651, 10.506377083710706 ], [ 106.998423834789705, 10.505376123165791 ], [ 106.997679781630623, 10.504348075885858 ], [ 106.997345824313044, 10.5032101113532 ], [ 106.997204762419017, 10.502152119209159 ], [ 106.99730978773799, 10.500931065374983 ], [ 106.997470779697622, 10.500252128415513 ], [ 106.9976996255822, 10.499169825701987 ], [ 106.99774079970193, 10.498975096991952 ], [ 106.997769719613942, 10.496004111452677 ], [ 106.997762766717258, 10.494307065228885 ], [ 106.997949744852193, 10.489624099266875 ], [ 106.997995711219488, 10.485810113322584 ], [ 106.997897669092637, 10.482831123110662 ], [ 106.998036641993039, 10.48028605098944 ], [ 106.99820064894206, 10.478631095447913 ], [ 106.997960632990598, 10.476427577646103 ], [ 106.997779651804109, 10.474766050292256 ], [ 106.997065629936017, 10.468226079100489 ], [ 106.996573532222996, 10.460485112353739 ], [ 106.991464491199693, 10.450941113875089 ], [ 106.98084855428651, 10.44733918459379 ], [ 106.980841702926639, 10.447338916325625 ], [ 106.970243526241021, 10.446924264901206 ], [ 106.970241478790385, 10.446924047641225 ], [ 106.966093567378934, 10.446484278020241 ], [ 106.96267853288505, 10.438489296226972 ], [ 106.966002537912345, 10.436475253288531 ], [ 106.968475529924049, 10.435307282544706 ], [ 106.970540517522934, 10.434404202442224 ], [ 106.97259148770172, 10.433155181357463 ], [ 106.973872495314083, 10.432104193872965 ], [ 106.976809444452016, 10.429598193203967 ], [ 106.98095739628063, 10.426058153857849 ], [ 106.982281360776497, 10.42474018634914 ], [ 106.985289337122012, 10.418197158916456 ], [ 106.985606295795193, 10.413190100576536 ], [ 106.980957284346275, 10.405225202282631 ], [ 106.97621127275616, 10.399687159588444 ], [ 106.970540256974402, 10.394808169259729 ], [ 106.961875277543712, 10.391491301479125 ], [ 106.949294312599037, 10.387537367791628 ], [ 106.942640249383857, 10.385444386636687 ], [ 106.93729829755209, 10.38309037403665 ], [ 106.934157283334116, 10.381474375958284 ], [ 106.918457309856905, 10.373975535708682 ], [ 106.894547329754431, 10.365080608845906 ], [ 106.875866370702212, 10.360713714063623 ], [ 106.867576335024992, 10.359864746568546 ], [ 106.852758380983786, 10.358325844482975 ], [ 106.840914383620657, 10.35590787900407 ], [ 106.834583409808204, 10.354220975436162 ], [ 106.834582726953016, 10.354222329239253 ], [ 106.82821852117219, 10.366830012229295 ], [ 106.822527805097465, 10.377407772798414 ], [ 106.815079293539824, 10.3912528784474 ], [ 106.804435768220358, 10.40363917890755 ], [ 106.781337689967529, 10.429548486079881 ], [ 106.777733041099282, 10.433065289138915 ], [ 106.77519379836383, 10.43644014046958 ], [ 106.772250067783659, 10.440352586897637 ], [ 106.763149172223919, 10.452448382687107 ], [ 106.756850281280066, 10.462562438578569 ], [ 106.752305981043818, 10.472348226352398 ], [ 106.749000417035006, 10.479466496754121 ], [ 106.746878037454465, 10.484724164067583 ], [ 106.745381479891009, 10.488431509195498 ], [ 106.743574538917102, 10.497621562850906 ], [ 106.743607502348979, 10.497799208634 ], [ 106.744012664853045, 10.499982635187957 ], [ 106.744754520400988, 10.503980514369033 ], [ 106.745423540014698, 10.506808486538459 ], [ 106.746092579392325, 10.509637543220132 ], [ 106.74843361411655, 10.518555535091336 ], [ 106.748763815313396, 10.524625901025772 ], [ 106.748789233139277, 10.525093183889274 ], [ 106.749094681921378, 10.530708477267947 ], [ 106.746472759262701, 10.542198558630902 ], [ 106.745138810289532, 10.548277510611779 ], [ 106.744169279501833, 10.552992718336577 ], [ 106.743376860134902, 10.556846563504571 ], [ 106.743223106792698, 10.557771131085669 ], [ 106.742925867575167, 10.559558519439294 ], [ 106.74256532932317, 10.561724129600396 ], [ 106.741958929004539, 10.565366523457884 ], [ 106.742054596434983, 10.566182402171332 ], [ 106.74237288157002, 10.568896838171984 ], [ 106.742620960880956, 10.57101253919206 ], [ 106.744691964947009, 10.574924541224091 ], [ 106.745089943164032, 10.575432573322225 ], [ 106.745276632478678, 10.575670968388055 ], [ 106.742943074770224, 10.578132040699387 ], [ 106.742759993645066, 10.578300535618684 ], [ 106.742397942658258, 10.57858357616391 ], [ 106.742085962762602, 10.578757605785974 ], [ 106.74172797825392, 10.578922557819876 ], [ 106.741487678621084, 10.579022216749532 ], [ 106.741452958239179, 10.579036616778527 ], [ 106.741363134667253, 10.579060650682994 ], [ 106.741335461180057, 10.579068055781399 ], [ 106.741213952696839, 10.579100566871645 ], [ 106.740967645631031, 10.579101625732187 ], [ 106.740762356227066, 10.579102508526368 ], [ 106.740746015672556, 10.579102578848479 ], [ 106.74074234579659, 10.579102163676962 ], [ 106.740673328380822, 10.579094360869522 ], [ 106.740391969192075, 10.579062554070781 ], [ 106.740019557249568, 10.578984078566474 ], [ 106.739945955743664, 10.578968569587444 ], [ 106.739940701289072, 10.578967234559867 ], [ 106.739398958680482, 10.578829606763009 ], [ 106.738906959787997, 10.578708551959837 ], [ 106.738590708551456, 10.578614625025617 ], [ 106.738465953665738, 10.578577572119412 ], [ 106.738120951659624, 10.578419618386167 ], [ 106.737904974901497, 10.578284586754096 ], [ 106.737802074741296, 10.57818542523756 ], [ 106.737683999606574, 10.578071637915656 ], [ 106.737600887545284, 10.577952706523913 ], [ 106.73755400262678, 10.577885616200795 ], [ 106.737520571985655, 10.577805076996224 ], [ 106.73743901295218, 10.577608593099264 ], [ 106.737300011866537, 10.577340594981365 ], [ 106.737216825982529, 10.577246756812315 ], [ 106.737172021684373, 10.577196215380814 ], [ 106.737151987726293, 10.577173616791804 ], [ 106.737116384264567, 10.577146737534283 ], [ 106.736935996676564, 10.577010556808979 ], [ 106.736807216149302, 10.576960715619228 ], [ 106.736701017459254, 10.576919614398683 ], [ 106.736475971122246, 10.57689355544486 ], [ 106.736474577724934, 10.576893841859807 ], [ 106.736355851084525, 10.576918174448849 ], [ 106.736182990905334, 10.576953603254159 ], [ 106.735816960220973, 10.57708272999059 ], [ 106.73580598710754, 10.577086600986744 ], [ 106.735804323603432, 10.577087569881082 ], [ 106.735484999999002, 10.577273580959062 ], [ 106.735284012628924, 10.577442644909658 ], [ 106.73513297637173, 10.577583618225706 ], [ 106.734999967549939, 10.577775613742714 ], [ 106.73491297555654, 10.577934649247689 ], [ 106.734831008492904, 10.578180642999222 ], [ 106.734804997257555, 10.578366610745556 ], [ 106.734823978254923, 10.57857558385744 ], [ 106.734892989493716, 10.578757637836008 ], [ 106.734995010782796, 10.578897988875651 ], [ 106.735017968933505, 10.578929571753177 ], [ 106.735197000473661, 10.579083616870205 ], [ 106.735197589091754, 10.579083962178537 ], [ 106.735370979918684, 10.579185736657635 ], [ 106.735381012990516, 10.579191625794556 ], [ 106.73567597891838, 10.579304625202772 ], [ 106.736004957135449, 10.579387330632246 ], [ 106.736034027370138, 10.579394639213266 ], [ 106.736058818489866, 10.579404458100033 ], [ 106.736175518278685, 10.579450677780882 ], [ 106.736352021292419, 10.579520583055897 ], [ 106.736585968276344, 10.579665595127754 ], [ 106.736803007530014, 10.579873584840975 ], [ 106.736972978640665, 10.580068615095193 ], [ 106.737147984729773, 10.580258564201483 ], [ 106.737156378640066, 10.580265302769881 ], [ 106.737351013455353, 10.580421573081194 ], [ 106.737600033799609, 10.580589590723754 ], [ 106.738037017303967, 10.580828627295215 ], [ 106.738141721013804, 10.580884046993837 ], [ 106.738395992182717, 10.581018631877827 ], [ 106.738690014780843, 10.581212547112873 ], [ 106.738915971287781, 10.581403600939012 ], [ 106.739081991257862, 10.58161156984279 ], [ 106.739183972522568, 10.581779596198992 ], [ 106.739290038072497, 10.582069573925262 ], [ 106.73936900309991, 10.582369581854714 ], [ 106.739481028153932, 10.5827786139076 ], [ 106.739546005057278, 10.583087619145847 ], [ 106.739578027520196, 10.58336661915731 ], [ 106.739566999860827, 10.58350055205759 ], [ 106.739499050489925, 10.583721549761668 ], [ 106.739453030416811, 10.583871596507263 ], [ 106.739359982667509, 10.584139598349962 ], [ 106.73922505155511, 10.584437566352788 ], [ 106.739166013932333, 10.584594614940205 ], [ 106.739076988265268, 10.584847595433938 ], [ 106.739025030122988, 10.584979578406456 ], [ 106.73896802587187, 10.585088612184745 ], [ 106.738910631230482, 10.585161667771674 ], [ 106.738837466896697, 10.585254794333608 ], [ 106.738803041910202, 10.585298612993036 ], [ 106.738782176978447, 10.585321438260161 ], [ 106.738687005901511, 10.585425551779094 ], [ 106.738642324695334, 10.585460664262527 ], [ 106.738510038255143, 10.585564619333702 ], [ 106.738324046768597, 10.585663569020431 ], [ 106.73829972027869, 10.585676320682035 ], [ 106.73811600450496, 10.585772626070716 ], [ 106.737978037104781, 10.585852621216054 ], [ 106.737841001764352, 10.585964616887292 ], [ 106.737833638763718, 10.585969703427853 ], [ 106.737728048562218, 10.586042635070042 ], [ 106.737593033111551, 10.586126599441295 ], [ 106.737375054143158, 10.58621561323926 ], [ 106.737201013587935, 10.586280621107337 ], [ 106.737017043680524, 10.586328572943042 ], [ 106.736911682342466, 10.586348047517232 ], [ 106.736869580539405, 10.586355829248092 ], [ 106.736806064376438, 10.58636756806229 ], [ 106.736547051634716, 10.586375612121916 ], [ 106.736520423016032, 10.586374269826926 ], [ 106.736368024487518, 10.586366588896789 ], [ 106.73613869461343, 10.586355009986985 ], [ 106.736110074645907, 10.586353565404732 ], [ 106.73610988719976, 10.586353524405942 ], [ 106.736082088632386, 10.586347492017801 ], [ 106.73594905291462, 10.586318625859581 ], [ 106.735759054332505, 10.586248609246443 ], [ 106.735598001893877, 10.586180581253238 ], [ 106.735434016644589, 10.586090590825803 ], [ 106.735305051272817, 10.585992627577721 ], [ 106.73521301933495, 10.585895630937635 ], [ 106.735181625043197, 10.585831437255287 ], [ 106.735165074384298, 10.58579759423654 ], [ 106.735129447214646, 10.585702053919944 ], [ 106.735111024909941, 10.585652652081651 ], [ 106.735039023111938, 10.585337614214898 ], [ 106.734991033858606, 10.585225651948031 ], [ 106.734910023684165, 10.585110630564879 ], [ 106.734838009892385, 10.585051636267265 ], [ 106.734814125351676, 10.585040574163459 ], [ 106.734730000104605, 10.585001613898608 ], [ 106.734756999898849, 10.58486564132267 ], [ 106.734785002943553, 10.5847605852119 ], [ 106.734824732170765, 10.584697428560181 ], [ 106.734878060818701, 10.584612652046943 ], [ 106.734938004322146, 10.584526573847638 ], [ 106.734995067953037, 10.584387615326253 ], [ 106.73500801635852, 10.58431262091448 ], [ 106.734994049622259, 10.584210589740348 ], [ 106.734969065626501, 10.584151630196565 ], [ 106.734954927912099, 10.584135715549365 ], [ 106.734890022980153, 10.584062643184128 ], [ 106.734766008882985, 10.583933649618505 ], [ 106.734717027800968, 10.583876696925989 ], [ 106.734710613406335, 10.583869238835257 ], [ 106.734692025974795, 10.58384762822627 ], [ 106.734681005312751, 10.583818638798148 ], [ 106.734677997260448, 10.583702652218671 ], [ 106.734681118358083, 10.583627288025752 ], [ 106.734682055728683, 10.583604632839899 ], [ 106.734675030411182, 10.583481603764085 ], [ 106.734661010511743, 10.583386625054581 ], [ 106.734662278953422, 10.583331706746202 ], [ 106.734662996682246, 10.583300637542736 ], [ 106.734667026482825, 10.58324059199577 ], [ 106.73471100938751, 10.583183585751444 ], [ 106.734711616994247, 10.583183007082869 ], [ 106.734775026752416, 10.583122629592065 ], [ 106.734848020365831, 10.583063634243059 ], [ 106.73488917309416, 10.583021414983838 ], [ 106.734921213854221, 10.582988543824879 ], [ 106.73492404170112, 10.582985642096659 ], [ 106.734965005172072, 10.58290360093903 ], [ 106.734974261890599, 10.582869185462407 ], [ 106.734976029974845, 10.582862611262728 ], [ 106.734975986862537, 10.582801583105496 ], [ 106.734950020128409, 10.582694617245748 ], [ 106.734937992968895, 10.582680638754983 ], [ 106.734818016211065, 10.582541601431291 ], [ 106.734732051968265, 10.582432650579735 ], [ 106.73467998768011, 10.582342582951819 ], [ 106.734660050833142, 10.582282612258222 ], [ 106.734652989939818, 10.582195658565373 ], [ 106.734655050771252, 10.582109580411686 ], [ 106.734644027329665, 10.582055637967677 ], [ 106.734621987702567, 10.58202162218663 ], [ 106.734561043174665, 10.582006623017081 ], [ 106.734553735783706, 10.582006219135438 ], [ 106.734489054825517, 10.582002603403852 ], [ 106.734426013221352, 10.581991583964415 ], [ 106.734349983449661, 10.581972654126504 ], [ 106.734284989708343, 10.581940582293971 ], [ 106.734250025717245, 10.581894580529907 ], [ 106.734231041287799, 10.581826651366256 ], [ 106.734184007730221, 10.581706639130784 ], [ 106.734151053385062, 10.581653578745055 ], [ 106.73408699433341, 10.581630635546603 ], [ 106.734081922648599, 10.58163103739731 ], [ 106.734049019732794, 10.581633646064088 ], [ 106.734045359922277, 10.5816329577682 ], [ 106.733980017241024, 10.581620660787575 ], [ 106.733824003293662, 10.581571603230168 ], [ 106.733653012903204, 10.581481634355534 ], [ 106.733419981974251, 10.581340594995387 ], [ 106.73335902225314, 10.581249649905677 ], [ 106.733330010084245, 10.58110860871227 ], [ 106.733323028687437, 10.581084043592101 ], [ 106.733305008245893, 10.581020625160745 ], [ 106.733266007392203, 10.580961617825949 ], [ 106.73321799027444, 10.58091158939815 ], [ 106.733186923825102, 10.580880011785096 ], [ 106.733159996213544, 10.58085264127342 ], [ 106.733139039288986, 10.580803613287912 ], [ 106.733115981708593, 10.580735355906491 ], [ 106.733108987047885, 10.580714650122879 ], [ 106.733086012495988, 10.580671595922706 ], [ 106.733077796236387, 10.580663524145644 ], [ 106.733028026671775, 10.580614637510426 ], [ 106.732964010536676, 10.580558600106224 ], [ 106.732906020846727, 10.580476598247278 ], [ 106.732877920496321, 10.580408897169587 ], [ 106.732823007992124, 10.580276594521685 ], [ 106.732788023588142, 10.580224625118419 ], [ 106.732758017936547, 10.580197595031711 ], [ 106.732708021043337, 10.580188620150484 ], [ 106.732703939138702, 10.580188800117279 ], [ 106.732587065825683, 10.580193949360973 ], [ 106.732549019507758, 10.580195625559318 ], [ 106.732469052088874, 10.580193612845543 ], [ 106.732468438255708, 10.580193383326455 ], [ 106.732420986327014, 10.580175591602199 ], [ 106.73236304257199, 10.580132646283637 ], [ 106.732315559661231, 10.580087025885618 ], [ 106.732312014576564, 10.580083620600298 ], [ 106.732196999749036, 10.580010653910916 ], [ 106.732101038571614, 10.579956615173964 ], [ 106.732042610481457, 10.579935450283656 ], [ 106.732031998250022, 10.579931605044756 ], [ 106.731915019272719, 10.579904665814945 ], [ 106.73182900950016, 10.579875641248524 ], [ 106.731808734082804, 10.579863830847298 ], [ 106.731774042797923, 10.579843625303312 ], [ 106.731620002286832, 10.57975161354241 ], [ 106.731586049788589, 10.579739605228891 ], [ 106.731578741558423, 10.579739208508059 ], [ 106.731400015107795, 10.579729602594341 ], [ 106.731399931015346, 10.579729592911729 ], [ 106.731347009414392, 10.57972262752553 ], [ 106.731242995103869, 10.579695645878845 ], [ 106.731236887562972, 10.579695558208206 ], [ 106.731172075810989, 10.579694628934821 ], [ 106.731103032462016, 10.57969364049138 ], [ 106.731011011470102, 10.579693650147817 ], [ 106.730858047437295, 10.579726679207582 ], [ 106.730701012089838, 10.579758631501225 ], [ 106.730630039670856, 10.579765634254947 ], [ 106.730566047834614, 10.579763660865295 ], [ 106.730564537681715, 10.579763441361738 ], [ 106.730456037853841, 10.579747639078356 ], [ 106.730429544393687, 10.579743797959866 ], [ 106.730318054672225, 10.579727635175347 ], [ 106.730182017853252, 10.579703646522198 ], [ 106.730177688161405, 10.579703772080213 ], [ 106.730112988615176, 10.579705669143527 ], [ 106.730001332539771, 10.579756253143302 ], [ 106.729996037874074, 10.579758652622507 ], [ 106.729811035284484, 10.57983662157427 ], [ 106.729668014494592, 10.579891673003917 ], [ 106.729503038393915, 10.579939651634881 ], [ 106.729501506812014, 10.579939877879895 ], [ 106.729432674256529, 10.579950059526942 ], [ 106.729395015809246, 10.579955629606868 ], [ 106.729250993714757, 10.57995661841186 ], [ 106.729248693433902, 10.579956185292367 ], [ 106.729097004728999, 10.579927622469597 ], [ 106.728956029528376, 10.579891624107127 ], [ 106.728881462780876, 10.579882595605229 ], [ 106.728865028790366, 10.579880605319067 ], [ 106.728863741500007, 10.579880935670232 ], [ 106.728775039786427, 10.579903668038137 ], [ 106.728704351778802, 10.579951418672378 ], [ 106.72870404451335, 10.579951625745091 ], [ 106.728580031608558, 10.580058606713154 ], [ 106.728484017769929, 10.580178609204214 ], [ 106.72841800247987, 10.580299604330628 ], [ 106.728400032029072, 10.580383652698027 ], [ 106.728377027477492, 10.580520607012511 ], [ 106.72833002051749, 10.580765678340924 ], [ 106.72828904587206, 10.58091561876234 ], [ 106.728255514543719, 10.580989802706322 ], [ 106.728223035734345, 10.581061658214844 ], [ 106.728120043063939, 10.581238642555068 ], [ 106.727951045745243, 10.581468631535449 ], [ 106.727921693558784, 10.581506455022152 ], [ 106.727816011993042, 10.581642641476115 ], [ 106.727719984110806, 10.581739124564223 ], [ 106.727596038555987, 10.581863656778268 ], [ 106.727539057604375, 10.581933631885388 ], [ 106.727524393123815, 10.581964734435829 ], [ 106.727498587555601, 10.582019467642878 ], [ 106.727498032999563, 10.582020644602606 ], [ 106.727441051749736, 10.582209690529206 ], [ 106.727364460144088, 10.582508954332294 ], [ 106.727355066353795, 10.582545657282154 ], [ 106.727261057577266, 10.58289466694044 ], [ 106.727230024735647, 10.583042677988622 ], [ 106.727195788028695, 10.583124511237392 ], [ 106.727194045049671, 10.583128679703341 ], [ 106.727132014300992, 10.583341701686898 ], [ 106.72710006933103, 10.583416661709235 ], [ 106.727033015122288, 10.583542632019325 ], [ 106.726991050690302, 10.583618616618537 ], [ 106.726908057592297, 10.583733696628023 ], [ 106.726851021044226, 10.583809638423519 ], [ 106.726790014661148, 10.583894634631562 ], [ 106.726716061856379, 10.584031658159514 ], [ 106.72663302497584, 10.584203697633322 ], [ 106.726600065669814, 10.584291679714353 ], [ 106.726582083022421, 10.584372653448238 ], [ 106.726581025717124, 10.584419671767217 ], [ 106.726589060828132, 10.584481669735981 ], [ 106.726604022952003, 10.584541655565168 ], [ 106.726632035844901, 10.584605671807875 ], [ 106.726684071671684, 10.58466364429167 ], [ 106.726753084445022, 10.584727623876089 ], [ 106.726801064100769, 10.584765628915662 ], [ 106.726894089778312, 10.584820672733979 ], [ 106.726964044971325, 10.584872623019333 ], [ 106.727088065907722, 10.584980642742332 ], [ 106.727152084717048, 10.585038669293862 ], [ 106.727186057837727, 10.585080696329332 ], [ 106.727203020040776, 10.585129646736938 ], [ 106.727219065393427, 10.585198669472335 ], [ 106.727221042718028, 10.58527569672091 ], [ 106.727209093341102, 10.585381695234705 ], [ 106.72719004378142, 10.5854586936575 ], [ 106.727175090998145, 10.585496623433857 ], [ 106.727139030797787, 10.585533623312518 ], [ 106.72706304579566, 10.585576624970679 ], [ 106.726999098006857, 10.585588666919003 ], [ 106.726934023492873, 10.585602701215427 ], [ 106.726931716209648, 10.585601223948446 ], [ 106.726873079081372, 10.585563650654024 ], [ 106.726809359219018, 10.585511467686523 ], [ 106.726768045526711, 10.585477633993198 ], [ 106.726628097489851, 10.585361617631801 ], [ 106.7263887161307, 10.585240897297652 ], [ 106.726287043812945, 10.585189624615175 ], [ 106.726047076816727, 10.585095706721059 ], [ 106.7258900826793, 10.585070696459837 ], [ 106.725886950341433, 10.585070963807221 ], [ 106.725738033102601, 10.585083643742195 ], [ 106.725541079854807, 10.585149711600558 ], [ 106.725246030872142, 10.585344649718863 ], [ 106.724972047709272, 10.585552630881361 ], [ 106.724819042465853, 10.585716659733789 ], [ 106.724633099941812, 10.585975630524864 ], [ 106.724533105094153, 10.586243649704784 ], [ 106.724456067496959, 10.586550655657502 ], [ 106.724378104890221, 10.586826651656384 ], [ 106.724322084755414, 10.586986674819531 ], [ 106.724192059907935, 10.587172691665804 ], [ 106.7239870835717, 10.587371688796031 ], [ 106.723652064245158, 10.587631665007912 ], [ 106.723422086072134, 10.587860664332153 ], [ 106.723279073186148, 10.588063718598043 ], [ 106.723218057988859, 10.588288671955091 ], [ 106.723206117382404, 10.588469714075359 ], [ 106.723224121002374, 10.588633666099714 ], [ 106.723277061202154, 10.588930684923698 ], [ 106.72334227629905, 10.589129986988148 ], [ 106.723383071894276, 10.589254665240979 ], [ 106.723485473235129, 10.589447706763544 ], [ 106.723506127985999, 10.589486643771655 ], [ 106.723519962860351, 10.589524231339173 ], [ 106.723552843615465, 10.589613560160288 ], [ 106.723576066432216, 10.589676653990811 ], [ 106.723616073225259, 10.589982665286467 ], [ 106.723638109355804, 10.590540711008408 ], [ 106.723642089959, 10.590655701461122 ], [ 106.723592196666573, 10.590942820582487 ], [ 106.723566457969866, 10.591090928059673 ], [ 106.723540083888807, 10.591242699730898 ], [ 106.723742087405085, 10.592726637819185 ], [ 106.723727146202563, 10.592911666913137 ], [ 106.723639105150625, 10.593266715358197 ], [ 106.72349209613067, 10.593588674092979 ], [ 106.723409999780529, 10.593703311322367 ], [ 106.723300147909242, 10.593856705162194 ], [ 106.72306210171736, 10.594062675784681 ], [ 106.72264208781732, 10.59437969181818 ], [ 106.722078154126521, 10.594661709084329 ], [ 106.721455163178049, 10.594977722926817 ], [ 106.721083152825926, 10.595221717714866 ], [ 106.720695115810301, 10.595522719147205 ], [ 106.720472125469712, 10.595771678081485 ], [ 106.720374173798774, 10.595924686339401 ], [ 106.720349047813087, 10.595983829609382 ], [ 106.720292176209327, 10.596117696743862 ], [ 106.720226134562083, 10.596303696016381 ], [ 106.72019912131114, 10.596461729026011 ], [ 106.720188146194857, 10.596614739534965 ], [ 106.72023415821468, 10.596985739068334 ], [ 106.720345165262017, 10.597339721462344 ], [ 106.720398366600463, 10.597444442373831 ], [ 106.720439131244788, 10.597524684261227 ], [ 106.720465667202589, 10.59757636281466 ], [ 106.720534153037875, 10.597709737784822 ], [ 106.720749113409795, 10.597997669131166 ], [ 106.721054185756614, 10.598275740515058 ], [ 106.721479169692884, 10.598695657456108 ], [ 106.721913940275627, 10.59914885072916 ], [ 106.722281190508994, 10.599531661459453 ], [ 106.722106135747566, 10.599804702503954 ], [ 106.721755161470966, 10.600339667449543 ], [ 106.721530183119157, 10.600651742054543 ], [ 106.721178187136019, 10.601006700692473 ], [ 106.720578171175291, 10.601466668766703 ], [ 106.720542182041015, 10.601502672523829 ], [ 106.720161153237257, 10.601877700630153 ], [ 106.71989216762455, 10.602265675031216 ], [ 106.719656195722536, 10.602653724716548 ], [ 106.719603957464898, 10.602794239336626 ], [ 106.71951419067311, 10.603035701677317 ], [ 106.719427187499321, 10.603411720632893 ], [ 106.719357158106163, 10.603815717695609 ], [ 106.719313928579155, 10.604147838496942 ], [ 106.719308219327203, 10.604191709767123 ], [ 106.719238204093301, 10.604552668523885 ], [ 106.719199257420527, 10.604683028753703 ], [ 106.718987218596979, 10.605392735773796 ], [ 106.718878166873978, 10.605731753621672 ], [ 106.718794845939485, 10.605895177126266 ], [ 106.718697183672447, 10.606086726718738 ], [ 106.719194180116247, 10.606346757663792 ], [ 106.719516010110311, 10.606457120080034 ], [ 106.719541194107407, 10.606465755520714 ], [ 106.719817168787927, 10.606524666752101 ], [ 106.720328235955961, 10.606584752936772 ], [ 106.720695165892906, 10.606637686501637 ], [ 106.720933652043072, 10.606685773619825 ], [ 106.721077171874427, 10.606714712531769 ], [ 106.721365179829675, 10.606788684341781 ], [ 106.721650165952482, 10.606908686722612 ], [ 106.721801215362518, 10.607028738309152 ], [ 106.721942232423871, 10.607217717016479 ], [ 106.722032169844042, 10.607223676922734 ], [ 106.722212199403643, 10.607235686582085 ], [ 106.722289346265725, 10.607293396516157 ], [ 106.722307167217437, 10.607306727417386 ], [ 106.722354198042893, 10.607377736505404 ], [ 106.722376186381013, 10.607466724619638 ], [ 106.722395226560849, 10.607552737638688 ], [ 106.722375229944348, 10.607712738795849 ], [ 106.722345238213563, 10.607881720756254 ], [ 106.72231719517157, 10.60802366255087 ], [ 106.722313744054617, 10.608194167118207 ], [ 106.722312174982449, 10.608271679057115 ], [ 106.722343612842735, 10.608488194900264 ], [ 106.72235123900569, 10.608540712693767 ], [ 106.722407518907403, 10.608752103611472 ], [ 106.722420193870065, 10.608799710464126 ], [ 106.722516229650651, 10.609041716378751 ], [ 106.722569862655845, 10.609134580721411 ], [ 106.722628244211379, 10.609235666990461 ], [ 106.722688199134794, 10.609388727433693 ], [ 106.722714222040025, 10.609466673839547 ], [ 106.722791237944463, 10.609914695625061 ], [ 106.722876238487288, 10.610241723414925 ], [ 106.722971204727017, 10.610526681094569 ], [ 106.723041236220823, 10.610672658805633 ], [ 106.723305253972711, 10.611096689060801 ], [ 106.723570239029257, 10.611539698856033 ], [ 106.723858438103761, 10.611892511862504 ], [ 106.723860194849493, 10.611894659821557 ], [ 106.723958233795187, 10.611863706814864 ], [ 106.724122201598263, 10.611777669473314 ], [ 106.724192216846021, 10.611751686788022 ], [ 106.724279241053722, 10.611717691399413 ], [ 106.724292500194693, 10.611712706173833 ], [ 106.724311238413804, 10.611705659957737 ], [ 106.72431611461694, 10.611701942844393 ], [ 106.724370188592843, 10.611660722367985 ], [ 106.724424211874748, 10.611606671140267 ], [ 106.724471185360088, 10.611563670016908 ], [ 106.724523195295319, 10.611540724555654 ], [ 106.724551178992954, 10.611523730653333 ], [ 106.724588247083233, 10.611494684991232 ], [ 106.724631212828342, 10.611471678046815 ], [ 106.724692245113218, 10.611464707735102 ], [ 106.724696757993613, 10.611464573510052 ], [ 106.724760225234292, 10.611462688039015 ], [ 106.724800235555918, 10.611458675770587 ], [ 106.724873229357655, 10.611444706406163 ], [ 106.724909185361, 10.61144567976339 ], [ 106.724920249446242, 10.611440675101962 ], [ 106.724940202146826, 10.611433648590163 ], [ 106.724963196246946, 10.611411699767229 ], [ 106.724968388293462, 10.611399227942531 ], [ 106.724988180627449, 10.611351679682572 ], [ 106.725006236405704, 10.611316723616685 ], [ 106.725029219832095, 10.611291698408783 ], [ 106.725068200747344, 10.611271687968932 ], [ 106.725105178416783, 10.611261717565995 ], [ 106.725159246249191, 10.611245726656923 ], [ 106.725209189318605, 10.61123671227452 ], [ 106.725276218067947, 10.611219687620304 ], [ 106.725336249576287, 10.611182704690053 ], [ 106.725374214984541, 10.611151665487277 ], [ 106.725407240622829, 10.61113167257707 ], [ 106.725465230855747, 10.61111666569232 ], [ 106.725547196628767, 10.611103663684998 ], [ 106.725610807099372, 10.611096832561065 ], [ 106.725612222110172, 10.611096681717983 ], [ 106.725658304466549, 10.611100980237417 ], [ 106.725687240540637, 10.611103680290375 ], [ 106.725758205597856, 10.611115666298925 ], [ 106.725821247816754, 10.611148651274403 ], [ 106.725873193546946, 10.61117669760578 ], [ 106.725955232557965, 10.611210710239202 ], [ 106.726017190705591, 10.611234658238473 ], [ 106.726098221754071, 10.611259720449597 ], [ 106.726150195389735, 10.611274656405078 ], [ 106.72616189323621, 10.611275289976328 ], [ 106.726169200392036, 10.611275685857565 ], [ 106.726197241033731, 10.611276683641467 ], [ 106.726282227734586, 10.611265660928421 ], [ 106.726409238536803, 10.61124365663412 ], [ 106.726463232265985, 10.611227667544943 ], [ 106.726547220644164, 10.611187716201142 ], [ 106.7266152333886, 10.611147633648669 ], [ 106.726685223833755, 10.611090637777943 ], [ 106.726757190851458, 10.611014649323954 ], [ 106.726759239455887, 10.611012297907662 ], [ 106.726838225422597, 10.610921636027651 ], [ 106.7268632245421, 10.610866676538857 ], [ 106.726913188602538, 10.610697633223827 ], [ 106.726961199197547, 10.610625697790958 ], [ 106.727014181531288, 10.610576709256819 ], [ 106.727057041763814, 10.610539568735657 ], [ 106.727059206097181, 10.610537692477781 ], [ 106.727081183744374, 10.610503630871408 ], [ 106.727089586109429, 10.610483744138644 ], [ 106.727108191234279, 10.610439716139531 ], [ 106.727142169072053, 10.610363664847181 ], [ 106.727166184847178, 10.610283665873833 ], [ 106.727183225392309, 10.610190669644403 ], [ 106.727195168266945, 10.610153653204463 ], [ 106.72722222623392, 10.61010565194141 ], [ 106.727272200734944, 10.610011649336929 ], [ 106.727328210842359, 10.609942670491597 ], [ 106.727377173259214, 10.609885649443484 ], [ 106.727392655340864, 10.609865347449057 ], [ 106.727438197019652, 10.609805627648166 ], [ 106.727543180086784, 10.609682702281107 ], [ 106.727629233167988, 10.60958063112178 ], [ 106.72798622706469, 10.609232703846491 ], [ 106.728128221616998, 10.609087693499781 ], [ 106.728320202244802, 10.608899672104148 ], [ 106.72841022708927, 10.608813682846586 ], [ 106.728465419949515, 10.608754527751048 ], [ 106.728467163932109, 10.608752657312984 ], [ 106.728527182816606, 10.608711696152426 ], [ 106.728569172336506, 10.608689685289949 ], [ 106.728583057915699, 10.60868233210593 ], [ 106.728586176038164, 10.608680681591045 ], [ 106.728631170264435, 10.608702692117847 ], [ 106.728692198431048, 10.608742645638598 ], [ 106.728737181691926, 10.608785631469276 ], [ 106.728775172286191, 10.608833703425617 ], [ 106.728841163137702, 10.608964685346431 ], [ 106.728891161518902, 10.609080984060688 ], [ 106.728893178576101, 10.609085675118266 ], [ 106.728930161245032, 10.609148667572237 ], [ 106.728961169120879, 10.609181661234128 ], [ 106.728992158026813, 10.609208688358992 ], [ 106.72901617363236, 10.609223622293147 ], [ 106.72903260709694, 10.609226098802086 ], [ 106.729036157091016, 10.609226633784617 ], [ 106.729063214360934, 10.609225645525381 ], [ 106.729096200101409, 10.609217675975167 ], [ 106.729104089861309, 10.609214514431811 ], [ 106.729131206161171, 10.609203644040759 ], [ 106.729155811689409, 10.609200929478877 ], [ 106.729158180342836, 10.609200667168196 ], [ 106.729195203225586, 10.609205615367129 ], [ 106.729236166750042, 10.609216698689789 ], [ 106.729284209210633, 10.609225680697845 ], [ 106.72932220383079, 10.609228157856242 ], [ 106.72932921505614, 10.609228614255315 ], [ 106.729359194346713, 10.609222644711895 ], [ 106.729400156286374, 10.609209678132647 ], [ 106.729458205010644, 10.609189697311487 ], [ 106.729504223515889, 10.60917861433659 ], [ 106.729617816048162, 10.609154397786988 ], [ 106.729668199029589, 10.609143656477853 ], [ 106.729757214732601, 10.609119691816735 ], [ 106.729820164078703, 10.609099695665423 ], [ 106.729937218543952, 10.609052678554441 ], [ 106.730009220720078, 10.609011677073738 ], [ 106.730109169077068, 10.608965618139079 ], [ 106.730215180670967, 10.6089296663054 ], [ 106.73035916361961, 10.608888622113149 ], [ 106.730564182856128, 10.60884268661915 ], [ 106.730770206662882, 10.608804612913872 ], [ 106.730939177301664, 10.60877560724162 ], [ 106.731044280079416, 10.608763928433824 ], [ 106.731083163114249, 10.60875960702864 ], [ 106.731159682057339, 10.608759632305075 ], [ 106.731162154804053, 10.608759633631328 ], [ 106.731227641163173, 10.608765018941011 ], [ 106.731235211241895, 10.608765642608073 ], [ 106.731319207768934, 10.608775688274097 ], [ 106.731419144614733, 10.608796622018307 ], [ 106.731530189394761, 10.608826654464282 ], [ 106.731603151541023, 10.608850658335275 ], [ 106.73166012240965, 10.608875302431819 ], [ 106.731670176199685, 10.608879651069479 ], [ 106.731759200872887, 10.608929641690066 ], [ 106.731833165710142, 10.608984653261647 ], [ 106.731935206317317, 10.609074655268262 ], [ 106.732052188691881, 10.609193632602882 ], [ 106.732192107462907, 10.609322026936066 ], [ 106.732751243894526, 10.609835108002793 ], [ 106.732817207211809, 10.609895638993267 ], [ 106.732773214879927, 10.609974615866227 ], [ 106.732736173475345, 10.610058633570821 ], [ 106.732698224220641, 10.610141659678311 ], [ 106.732660194724801, 10.610223601199493 ], [ 106.732622161890617, 10.610303644268697 ], [ 106.732584212579738, 10.610386670366623 ], [ 106.732546180764245, 10.610467616550251 ], [ 106.732508155567913, 10.610550641974758 ], [ 106.732469223439779, 10.610632677606572 ], [ 106.732430212895395, 10.610713627742086 ], [ 106.732390225291084, 10.610795665760408 ], [ 106.732346160976547, 10.610875636341722 ], [ 106.732296207745648, 10.610952641117409 ], [ 106.732246179565166, 10.611029647929122 ], [ 106.732242396169738, 10.611038163036806 ], [ 106.73221018290856, 10.611110678128997 ], [ 106.732194182247468, 10.611198608692927 ], [ 106.732194242877014, 10.611201285331138 ], [ 106.732196204029222, 10.611288651725403 ], [ 106.732204166226722, 10.611374608074469 ], [ 106.732195228599863, 10.611431686501286 ], [ 106.732089188601435, 10.611718621787224 ], [ 106.732030177706065, 10.611791678004543 ], [ 106.731982743624073, 10.611830306110919 ], [ 106.7319601872981, 10.61184867499141 ], [ 106.73188618466051, 10.611900621031822 ], [ 106.73180423041596, 10.611940658712827 ], [ 106.731726219903535, 10.611988639509754 ], [ 106.731657224846856, 10.612050605485118 ], [ 106.73158920964768, 10.612112659695356 ], [ 106.73151823222949, 10.612167670815039 ], [ 106.731437174975127, 10.612205625440541 ], [ 106.731351181666767, 10.612231661374461 ], [ 106.731261172969226, 10.61225165101939 ], [ 106.731170172899411, 10.612267667816178 ], [ 106.73107818567415, 10.612281606594179 ], [ 106.730987168810941, 10.612292649427262 ], [ 106.730896220242613, 10.612301612755944 ], [ 106.73080323783276, 10.612310672806123 ], [ 106.73071016659847, 10.612315663169811 ], [ 106.730619184063144, 10.612313687779858 ], [ 106.730616845613966, 10.612313398551832 ], [ 106.730530207747734, 10.612302663108878 ], [ 106.730490550261024, 10.612292072235251 ], [ 106.730444208049676, 10.612279696856428 ], [ 106.730362231238374, 10.612241617141397 ], [ 106.730282178163648, 10.612192683061462 ], [ 106.730206179971319, 10.612138673756981 ], [ 106.730132220004052, 10.612085651605502 ], [ 106.730060200248033, 10.612026656796969 ], [ 106.72999119380539, 10.611966657241821 ], [ 106.72992121230368, 10.611908650475126 ], [ 106.729846208325512, 10.611858614795297 ], [ 106.729800398789536, 10.611839301040378 ], [ 106.729763184215756, 10.611823613676687 ], [ 106.729670242190409, 10.611797684628463 ], [ 106.729576201885976, 10.6117826977222 ], [ 106.729570596175023, 10.611782570541671 ], [ 106.729485219192398, 10.611780629779229 ], [ 106.729404183773497, 10.611801676677548 ], [ 106.729327235545469, 10.611851641559355 ], [ 106.729292215614166, 10.611884661805306 ], [ 106.72925621382457, 10.611916688865975 ], [ 106.729189186917651, 10.611981631507131 ], [ 106.72915809428477, 10.612012282706306 ], [ 106.72912524350923, 10.612044667881223 ], [ 106.729064179319181, 10.612111671198203 ], [ 106.729004173221483, 10.612180661882572 ], [ 106.728947193958518, 10.612252625524972 ], [ 106.728892178231519, 10.61232566968863 ], [ 106.728840181605875, 10.61240069150114 ], [ 106.728790216551843, 10.612474624859646 ], [ 106.728754841545083, 10.612533379347209 ], [ 106.728743206224038, 10.612552704835371 ], [ 106.728698230628112, 10.612630688973042 ], [ 106.728654235939928, 10.612709663580469 ], [ 106.728614247993718, 10.612791703026652 ], [ 106.728575235252848, 10.612872651886855 ], [ 106.72853818921773, 10.612955674793188 ], [ 106.728502204932866, 10.613040683255836 ], [ 106.728467189824855, 10.613122704499347 ], [ 106.728432181656231, 10.613206625987685 ], [ 106.728400189311387, 10.613290627586663 ], [ 106.728368198285267, 10.613375623611331 ], [ 106.72833922625388, 10.613461695977794 ], [ 106.72831319454211, 10.613547666981617 ], [ 106.72829923525137, 10.613637668547293 ], [ 106.728296688026674, 10.613670299267373 ], [ 106.728292209925968, 10.613727651247077 ], [ 106.728274239659598, 10.61381269494175 ], [ 106.728220224602637, 10.61398762721474 ], [ 106.728206196049527, 10.614079710972421 ], [ 106.728202227029044, 10.614158650485646 ], [ 106.728190233227281, 10.614250636604222 ], [ 106.728178186005593, 10.61434967793156 ], [ 106.72814521705466, 10.614434676081755 ], [ 106.728109225284456, 10.61451769567525 ], [ 106.728069231707522, 10.614598646642209 ], [ 106.728027202017302, 10.614678701719429 ], [ 106.727984190584934, 10.614758668539965 ], [ 106.727943221717823, 10.61484071098058 ], [ 106.727901189848097, 10.614920674745262 ], [ 106.727862256900849, 10.615002708132463 ], [ 106.727824223333897, 10.615083654787519 ], [ 106.727787249561715, 10.61516568297756 ], [ 106.727750203085691, 10.615248705822744 ], [ 106.727715194809477, 10.615332716757091 ], [ 106.727683200892841, 10.61541662790996 ], [ 106.727655209040961, 10.615502696282787 ], [ 106.727637253421122, 10.615592711166533 ], [ 106.727627210078069, 10.61568170791211 ], [ 106.727622223694411, 10.615772677792766 ], [ 106.727619267380661, 10.615862646022819 ], [ 106.727616243656755, 10.615954693729162 ], [ 106.727619242669221, 10.616044644339187 ], [ 106.727624198943005, 10.616133684831508 ], [ 106.727637221454728, 10.616222699329109 ], [ 106.727660263532627, 10.616310689130456 ], [ 106.727695205881432, 10.616395656806208 ], [ 106.727736245168401, 10.616477713520219 ], [ 106.727784218224599, 10.61655966006046 ], [ 106.72783723092536, 10.616638693498189 ], [ 106.727896265986118, 10.616714637199451 ], [ 106.727979026013813, 10.616745815484611 ], [ 106.727980390162443, 10.616746330152386 ], [ 106.727981240120215, 10.616746649341874 ], [ 106.728074227470771, 10.616738675730016 ], [ 106.728104755507445, 10.616712782450023 ], [ 106.728166239000259, 10.616660634748539 ], [ 106.728178244587156, 10.616649928937761 ], [ 106.728231254141875, 10.616602658618264 ], [ 106.728303201462879, 10.61654466270676 ], [ 106.728378262821153, 10.616492622773899 ], [ 106.728459238516535, 10.61645267930394 ], [ 106.728544226128278, 10.61641769909888 ], [ 106.728631256438135, 10.616385693095197 ], [ 106.728720260426257, 10.61635765774572 ], [ 106.728809201083209, 10.616332699883642 ], [ 106.728897255542179, 10.616314704875272 ], [ 106.728982932520367, 10.616303120484179 ], [ 106.728986235481401, 10.616302673550218 ], [ 106.729076217884383, 10.616321651783633 ], [ 106.729159996505416, 10.616359624880142 ], [ 106.72916219559454, 10.616360621501013 ], [ 106.729239236618554, 10.616410650898651 ], [ 106.729305242907401, 10.616474636699545 ], [ 106.729350264238491, 10.616552703934742 ], [ 106.729380233177309, 10.616637686876702 ], [ 106.729405235917199, 10.616725670392466 ], [ 106.729429259977422, 10.616813656954442 ], [ 106.729459228055589, 10.616898639886115 ], [ 106.729462078453253, 10.616905296405822 ], [ 106.729495222632082, 10.616982700906265 ], [ 106.729534223947681, 10.617063678851682 ], [ 106.729573223457677, 10.617144656795737 ], [ 106.729613207589992, 10.617226624286982 ], [ 106.729650254541482, 10.617309686664969 ], [ 106.729686247601592, 10.617392663726983 ], [ 106.729728236111654, 10.617464681539055 ], [ 106.729768252885336, 10.617533631793769 ], [ 106.729844214034188, 10.617622630711518 ], [ 106.729879226947673, 10.617705700297007 ], [ 106.72989624459332, 10.61774768998195 ], [ 106.72991325949684, 10.617789677865963 ], [ 106.729946244343921, 10.617874653127537 ], [ 106.729978248675209, 10.617959628729221 ], [ 106.729991269605634, 10.618071699399449 ], [ 106.730001225130991, 10.618144630677348 ], [ 106.730014262479358, 10.618238618012827 ], [ 106.730022721869631, 10.618275923483434 ], [ 106.730034216712198, 10.6183266162835 ], [ 106.730048215598018, 10.618414634028934 ], [ 106.730057239654911, 10.618502666384233 ], [ 106.73006325353947, 10.618592697893156 ], [ 106.730065206058967, 10.61868463871969 ], [ 106.730064212781755, 10.618774693889934 ], [ 106.73005922532522, 10.618865662833624 ], [ 106.730050238130374, 10.618954655389553 ], [ 106.730038693107943, 10.619011241986648 ], [ 106.730032277693013, 10.619042682404867 ], [ 106.730010249965716, 10.619131626133241 ], [ 106.729983240413191, 10.61921868603446 ], [ 106.729957212001736, 10.619305651567423 ], [ 106.729944227225928, 10.619350915177479 ], [ 106.729932238422904, 10.619392706020252 ], [ 106.729904246670131, 10.619478684146326 ], [ 106.729879272778248, 10.619565648194666 ], [ 106.729858228968624, 10.61965567277811 ], [ 106.729841250326643, 10.619744691156392 ], [ 106.729840250368696, 10.619832662561496 ], [ 106.729863215327327, 10.619919658817615 ], [ 106.729894241625118, 10.620005632786155 ], [ 106.729913216370704, 10.620093635910889 ], [ 106.729907250467775, 10.620184699208973 ], [ 106.729924260700528, 10.620271621815796 ], [ 106.729958228954899, 10.620357677902714 ], [ 106.730001223398432, 10.620438642367168 ], [ 106.730055275390981, 10.620511616882116 ], [ 106.730114285807758, 10.620579695068541 ], [ 106.730179237766535, 10.620643683865756 ], [ 106.730244264686135, 10.620707672413102 ], [ 106.730309289376052, 10.62077066652034 ], [ 106.730377253879425, 10.620833653245969 ], [ 106.730444227441367, 10.620893657945807 ], [ 106.730498373662726, 10.620939956010666 ], [ 106.730513234781696, 10.620952662754618 ], [ 106.730583220848601, 10.62101166177888 ], [ 106.730652230502159, 10.621071661879821 ], [ 106.730721241093292, 10.621131661056118 ], [ 106.730789273429338, 10.621192656795541 ], [ 106.730855270700019, 10.621253659775467 ], [ 106.730921277077883, 10.621316649764124 ], [ 106.730983291838228, 10.62138164377415 ], [ 106.731040276761064, 10.621452620061056 ], [ 106.731091244333797, 10.621527682348811 ], [ 106.731136265749626, 10.62160565879792 ], [ 106.731183252345801, 10.621684620819011 ], [ 106.73122526345756, 10.621763689678195 ], [ 106.731266227441495, 10.621845655593573 ], [ 106.731320275910136, 10.621917637225696 ], [ 106.731382295873857, 10.621983622839098 ], [ 106.731446271030805, 10.622048608802595 ], [ 106.731507241307384, 10.622116679641685 ], [ 106.731565278799309, 10.622186659896702 ], [ 106.731624295930331, 10.622256632557031 ], [ 106.731680224785521, 10.622327612901366 ], [ 106.731733227771684, 10.622402668694022 ], [ 106.731776288884845, 10.622479655814091 ], [ 106.731812287750529, 10.622564620443264 ], [ 106.731838273549698, 10.622652690961962 ], [ 106.731855286781538, 10.622740607813272 ], [ 106.731861227359531, 10.622830637632894 ], [ 106.731860237876901, 10.622921685352228 ], [ 106.731853290836142, 10.623012663098667 ], [ 106.731842275399543, 10.623103650849741 ], [ 106.731828236604471, 10.623191663855581 ], [ 106.731805301351869, 10.623279616978405 ], [ 106.731773237839107, 10.623365607963265 ], [ 106.731734297838997, 10.623445652952238 ], [ 106.731684274111956, 10.623524647746017 ], [ 106.731624269398651, 10.623593639923588 ], [ 106.731551250322482, 10.62364766228634 ], [ 106.731466262125934, 10.623682646146211 ], [ 106.731374293153465, 10.62370363665393 ], [ 106.731285290564813, 10.623708615672713 ], [ 106.731281699054861, 10.623708011250361 ], [ 106.731196297299988, 10.623693614719166 ], [ 106.731106290407126, 10.623667677265244 ], [ 106.731016300453419, 10.623647615912219 ], [ 106.731008994825189, 10.62364721745303 ], [ 106.730925305952411, 10.623642655838932 ], [ 106.730833279532618, 10.623645655310863 ], [ 106.7307422368294, 10.623649647019084 ], [ 106.730651264529854, 10.623651646907756 ], [ 106.73055930852081, 10.623652659026556 ], [ 106.730468264885104, 10.62365664885067 ], [ 106.730377298932211, 10.623660642022219 ], [ 106.730286266000334, 10.623667704551801 ], [ 106.730196236871421, 10.623682632582842 ], [ 106.730108277874805, 10.623707681051494 ], [ 106.730020248152428, 10.623734628176333 ], [ 106.729932290456404, 10.623760668312888 ], [ 106.729889031473192, 10.623771463573439 ], [ 106.729844244840862, 10.623782640573733 ], [ 106.729754293607058, 10.623797657738471 ], [ 106.729663260330398, 10.623804634210465 ], [ 106.729654919628558, 10.623804908833264 ], [ 106.729572290210569, 10.623807630023308 ], [ 106.729480264608881, 10.623810630005471 ], [ 106.729389306526031, 10.623817692951114 ], [ 106.729298277301822, 10.623825661928883 ], [ 106.729208246998382, 10.623839684755932 ], [ 106.729118306552024, 10.623858682145521 ], [ 106.729029284362014, 10.623881650756557 ], [ 106.728942307987609, 10.62390769118362 ], [ 106.728856250295308, 10.623938699072689 ], [ 106.728771264808842, 10.623974674850444 ], [ 106.728690289809336, 10.624015703381236 ], [ 106.728611296215703, 10.624063686738165 ], [ 106.728535252827399, 10.624114645987593 ], [ 106.728465265432433, 10.624173630399351 ], [ 106.728404268863358, 10.624239640019855 ], [ 106.728356268828335, 10.624315644766146 ], [ 106.728319303816278, 10.624400657226348 ], [ 106.728292294358383, 10.62448771703472 ], [ 106.72826928531525, 10.624576661936786 ], [ 106.728253287529071, 10.624665678114084 ], [ 106.728248297343086, 10.624755651723605 ], [ 106.728258304964243, 10.624844678204441 ], [ 106.728273286608328, 10.624933684670046 ], [ 106.728293315896948, 10.625021682786896 ], [ 106.728315304481157, 10.62510967750962 ], [ 106.728340307831004, 10.625197660125446 ], [ 106.728365308948355, 10.625284649217326 ], [ 106.72839129287938, 10.625372627866801 ], [ 106.728416293400628, 10.625459706451887 ], [ 106.728447318671684, 10.625544686996898 ], [ 106.728478270368072, 10.625630663101401 ], [ 106.728499300956699, 10.625725710397749 ], [ 106.728511308705208, 10.625803697862002 ], [ 106.728517315856848, 10.625891650142657 ], [ 106.728523262857223, 10.625983669833367 ], [ 106.728524306677031, 10.626074712178713 ], [ 106.728531302559091, 10.626164650238202 ], [ 106.728542289973191, 10.62625367002202 ], [ 106.728556294422106, 10.626343675737774 ], [ 106.728574291957713, 10.626432675480855 ], [ 106.728591308953995, 10.626521679181327 ], [ 106.728611262621882, 10.62660967568018 ], [ 106.72863031160567, 10.626697677707931 ], [ 106.728650268479072, 10.626786672238635 ], [ 106.728672258240749, 10.626874664191432 ], [ 106.728695302594943, 10.626962652854097 ], [ 106.72871932343989, 10.627049644038745 ], [ 106.728744321687003, 10.627135636838206 ], [ 106.728769322212486, 10.627222626770033 ], [ 106.728796283240143, 10.62730970008556 ], [ 106.728822332947502, 10.62739469516505 ], [ 106.728848314077268, 10.627481681124509 ], [ 106.728875275779089, 10.62756866311903 ], [ 106.728901330044678, 10.627655647034572 ], [ 106.728927308056797, 10.627741638561057 ], [ 106.728953290452765, 10.62782871399973 ], [ 106.728979267584251, 10.627914705521246 ], [ 106.729014285490152, 10.62799867817848 ], [ 106.729046283636194, 10.628081666719364 ], [ 106.729086278212066, 10.628166710487376 ], [ 106.729121276881969, 10.628244627102369 ], [ 106.729169301358226, 10.628318705265761 ], [ 106.729222298309736, 10.628391682172968 ], [ 106.72928929021505, 10.628456659969872 ], [ 106.72936333009477, 10.628509679882715 ], [ 106.729446275750163, 10.628542693878465 ], [ 106.729485349328812, 10.628553206963199 ], [ 106.729535297109862, 10.628566645903131 ], [ 106.729624853632643, 10.628579304018757 ], [ 106.729627301136489, 10.628579649856764 ], [ 106.729719264080487, 10.628580628531907 ], [ 106.729808267706446, 10.628574654497029 ], [ 106.729899277637827, 10.628559633896767 ], [ 106.729989286132238, 10.628538648005041 ], [ 106.730077323546183, 10.628513691423342 ], [ 106.730165275285628, 10.628485660487105 ], [ 106.730249291639751, 10.628452668758007 ], [ 106.730332305825414, 10.628412627816711 ], [ 106.730411300167077, 10.628364643964064 ], [ 106.730487275610358, 10.628315675994951 ], [ 106.730560294100059, 10.628261652881285 ], [ 106.730628326700256, 10.628203666699637 ], [ 106.730696271645542, 10.628141703961305 ], [ 106.730765273113107, 10.628080641033701 ], [ 106.730835267190386, 10.62802364492461 ], [ 106.730907300466242, 10.627967635957472 ], [ 106.73098129483256, 10.627911620848637 ], [ 106.731056277721791, 10.627858678137573 ], [ 106.731134290324192, 10.627810696286874 ], [ 106.731215266810551, 10.627769667976523 ], [ 106.731300274271319, 10.627740650615056 ], [ 106.731328928833179, 10.627733970696696 ], [ 106.731390283318134, 10.627719666155681 ], [ 106.731482281140401, 10.627707625326938 ], [ 106.731575460773456, 10.627703658262687 ], [ 106.731576264857708, 10.627703624107966 ], [ 106.731667263109756, 10.62770966780395 ], [ 106.731755285196812, 10.627726662223107 ], [ 106.731842281116116, 10.627753692721759 ], [ 106.731927259348325, 10.627785613964955 ], [ 106.732012256335508, 10.627823684318974 ], [ 106.732096279751374, 10.627863651630602 ], [ 106.732178274421358, 10.627905618644341 ], [ 106.73225830509972, 10.627946685943602 ], [ 106.732336318100508, 10.627992643088595 ], [ 106.732414260088873, 10.628040677888835 ], [ 106.732492280405282, 10.628088622923691 ], [ 106.732568270432878, 10.628138655361358 ], [ 106.732645312792727, 10.628187688246811 ], [ 106.732722272676313, 10.628234642106786 ], [ 106.732799310071272, 10.62828267963161 ], [ 106.732838320818232, 10.628306676053171 ], [ 106.73287725556834, 10.628330624793771 ], [ 106.732952272430751, 10.628382649033291 ], [ 106.732964224874053, 10.628391820031965 ], [ 106.733025265066928, 10.628438654597513 ], [ 106.733097283104243, 10.628495661239908 ], [ 106.733165322638598, 10.628557650662719 ], [ 106.733222294516281, 10.628623655160354 ], [ 106.733254305653816, 10.628710619939513 ], [ 106.733295265174206, 10.6287906869859 ], [ 106.733310255234898, 10.628834668861796 ], [ 106.733305264632122, 10.628876635864266 ], [ 106.733277279284962, 10.628917678649465 ], [ 106.733244280166375, 10.628946624981991 ], [ 106.733187297243461, 10.629017687294587 ], [ 106.733120330962791, 10.629078652143843 ], [ 106.733068257122767, 10.629153674976452 ], [ 106.733022300990555, 10.629231663743289 ], [ 106.732979293321861, 10.629312624754064 ], [ 106.732943298356375, 10.629394652251811 ], [ 106.73291130600505, 10.629478654265949 ], [ 106.732884292267798, 10.62956462864568 ], [ 106.732858265293359, 10.62965168476695 ], [ 106.732833288522173, 10.629737657286555 ], [ 106.732807263495232, 10.629825615618063 ], [ 106.732785307233712, 10.629913656132947 ], [ 106.732761317342764, 10.630001610802767 ], [ 106.732736264954866, 10.630087671244956 ], [ 106.732705330258824, 10.630172664364251 ], [ 106.732667298329929, 10.630253609769268 ], [ 106.732619305261906, 10.630331696178073 ], [ 106.732567310762875, 10.630407622729397 ], [ 106.732516287558397, 10.630480655155168 ], [ 106.732471315288407, 10.630560626932166 ], [ 106.732431319242949, 10.630640678052661 ], [ 106.73239329264473, 10.630723614084337 ], [ 106.732356320906504, 10.630806637214192 ], [ 106.7323213093687, 10.630889653302495 ], [ 106.732285317248554, 10.630972673360789 ], [ 106.732248346370014, 10.631055696479061 ], [ 106.732210312399801, 10.631136641850508 ], [ 106.732172286898987, 10.631219670070665 ], [ 106.732133276415951, 10.631301612920931 ], [ 106.732091319057915, 10.631381669243376 ], [ 106.732045293802543, 10.631461646078586 ], [ 106.731996312272599, 10.631537655342447 ], [ 106.731944310009538, 10.631610688049118 ], [ 106.731894350603966, 10.631686700359902 ], [ 106.731848313891774, 10.631763693919231 ], [ 106.731805305605263, 10.631844654815687 ], [ 106.731761308115736, 10.631922639128433 ], [ 106.73171731859037, 10.632003693488011 ], [ 106.731673323319924, 10.632082671310508 ], [ 106.731627291505077, 10.632160659260023 ], [ 106.731581333684943, 10.632238645164948 ], [ 106.731533336597423, 10.632315647532584 ], [ 106.731486317784103, 10.632391648789207 ], [ 106.731438322903358, 10.63246964195266 ], [ 106.73139130631759, 10.632546640333457 ], [ 106.73134135072155, 10.632623645186719 ], [ 106.731290336416464, 10.632699659818185 ], [ 106.731237358675543, 10.632774686152018 ], [ 106.731190337903044, 10.632850689188658 ], [ 106.731157358767433, 10.632932705303627 ], [ 106.731141290914763, 10.633023619320266 ], [ 106.73114029736476, 10.633113670776256 ], [ 106.731152341473873, 10.633202687944644 ], [ 106.731172295563894, 10.633290686854856 ], [ 106.731178332344271, 10.633306050004522 ], [ 106.731358785498813, 10.633765264048423 ], [ 106.731416323066313, 10.633911683866955 ], [ 106.731300344657996, 10.634180659260313 ], [ 106.731108303883829, 10.634448696313767 ], [ 106.730935356486398, 10.63479370484291 ], [ 106.730535323095538, 10.635503689989209 ], [ 106.729844459730771, 10.636214262253088 ], [ 106.729624333461601, 10.636440667237988 ], [ 106.728758379838453, 10.636822646641306 ], [ 106.726159189842107, 10.63796768884313 ], [ 106.725589391549079, 10.638218706606311 ], [ 106.725209665298465, 10.63923726111603 ], [ 106.724890387652891, 10.640093667105972 ], [ 106.724243919410441, 10.640517108753011 ], [ 106.723664376600496, 10.640896713003562 ], [ 106.723208411405011, 10.641424685333696 ], [ 106.722984393888439, 10.641952752037296 ], [ 106.723008422174672, 10.643182727104307 ], [ 106.723188396394931, 10.644430752411532 ], [ 106.723097393781643, 10.644816742336094 ], [ 106.723014419534309, 10.645168687823359 ], [ 106.722581436896391, 10.645862674753465 ], [ 106.721941417843496, 10.646164736867851 ], [ 106.721282447441425, 10.646243720438989 ], [ 106.721280402508398, 10.646242694374246 ], [ 106.719977770739916, 10.64558903938298 ], [ 106.719622453761318, 10.645410742105502 ], [ 106.719617749990221, 10.645411651643773 ], [ 106.718747421345995, 10.645579715663596 ], [ 106.717828411250295, 10.646121768431454 ], [ 106.716710444791786, 10.647232763637723 ], [ 106.71553147288887, 10.648171796147762 ], [ 106.713871497193253, 10.648974789762761 ], [ 106.712873499100994, 10.649863802640242 ], [ 106.712034476264733, 10.650294752076929 ], [ 106.710889273156369, 10.650413883471606 ], [ 106.710851488116575, 10.6504178152568 ], [ 106.71084892816009, 10.650416927211673 ], [ 106.710777168887432, 10.650392039585023 ], [ 106.709193505978476, 10.64984281213264 ], [ 106.708823392602682, 10.649790776004687 ], [ 106.708673124360061, 10.64976964928613 ], [ 106.708254491306647, 10.649710790816748 ], [ 106.7082527441694, 10.649711176756972 ], [ 106.707502455274124, 10.649876826142057 ], [ 106.707225180516787, 10.650038454513298 ], [ 106.706423490382534, 10.650505771364768 ], [ 106.705778388987696, 10.650621012357023 ], [ 106.705404489557068, 10.650687806218412 ], [ 106.704823473987247, 10.650919855249978 ], [ 106.704368492749666, 10.651827802046705 ], [ 106.703991382229674, 10.653047101566303 ], [ 106.703969504269594, 10.653117840062979 ], [ 106.703953526901529, 10.653167796761144 ], [ 106.703417540597826, 10.653312823501066 ], [ 106.703413055039277, 10.653311666430078 ], [ 106.702976653550621, 10.65319910963872 ], [ 106.702378510871995, 10.65304483736433 ], [ 106.702373902814514, 10.653045138855999 ], [ 106.701857558002757, 10.65307887821028 ], [ 106.701398493310379, 10.653378813551267 ], [ 106.701128996428153, 10.653725861436509 ], [ 106.700984550290016, 10.653911873689719 ], [ 106.700913564275581, 10.65394481882417 ], [ 106.700639566546826, 10.65407484955538 ], [ 106.700445570462279, 10.654064859242737 ], [ 106.700251502523273, 10.654055864368082 ], [ 106.7002514136895, 10.654055805875368 ], [ 106.699852497330681, 10.653790811236783 ], [ 106.699454676765725, 10.653299298838174 ], [ 106.699245513546202, 10.653040873600464 ], [ 106.698476400283823, 10.652589861593022 ], [ 106.697294565684246, 10.651896828103492 ], [ 106.696724534873823, 10.651001841685005 ], [ 106.696491501347467, 10.650140827747947 ], [ 106.69620849758455, 10.649794860252005 ], [ 106.694337554466344, 10.649431892638763 ], [ 106.691610555394632, 10.648578195839631 ], [ 106.691328506527114, 10.6484898988345 ], [ 106.691324972958398, 10.648490686919235 ], [ 106.690816547479244, 10.648603910035732 ], [ 106.690479564908514, 10.648843880030226 ], [ 106.690348545211961, 10.649752916671796 ], [ 106.6904171579137, 10.65061379191815 ], [ 106.690449526870935, 10.651019924427294 ], [ 106.690353574572285, 10.651367940070541 ], [ 106.689578110006295, 10.652058859399187 ], [ 106.689316552782984, 10.652291898838032 ], [ 106.688432546120737, 10.653409875387846 ], [ 106.687909556280047, 10.654651901352459 ], [ 106.687746112941994, 10.655303226715887 ], [ 106.687640545750185, 10.655723912656093 ], [ 106.687152586682984, 10.656220923669638 ], [ 106.68657361316437, 10.656512969048068 ], [ 106.686273451886777, 10.656561179347332 ], [ 106.68531960726736, 10.656722947566918 ], [ 106.685320100343176, 10.656721000605984 ], [ 106.685567579918796, 10.655743944505744 ], [ 106.685623547665713, 10.655556895628845 ], [ 106.685664559427593, 10.655409942085651 ], [ 106.685680611242674, 10.655333947766588 ], [ 106.685705590256291, 10.655218957345298 ], [ 106.685726564741216, 10.655125952417034 ], [ 106.685752606615452, 10.655013943949195 ], [ 106.68575856814455, 10.654916912991554 ], [ 106.685776569959813, 10.654812975378675 ], [ 106.685777576341764, 10.65472292211961 ], [ 106.685777600221911, 10.654631967758077 ], [ 106.685776571262224, 10.654541919674687 ], [ 106.685774559799825, 10.654450969584623 ], [ 106.685772551109508, 10.654360926235077 ], [ 106.685769562948479, 10.654270973502667 ], [ 106.685766570570792, 10.654179937745434 ], [ 106.685762597539167, 10.654088904013044 ], [ 106.68575855167326, 10.653997960901235 ], [ 106.68575458260112, 10.653907921596602 ], [ 106.685751588118634, 10.653815891401713 ], [ 106.685747543477547, 10.65372594362915 ], [ 106.685745535726824, 10.653635898463504 ], [ 106.685742543652083, 10.65354495220017 ], [ 106.685740607815447, 10.653453912377307 ], [ 106.685737540805874, 10.653362966336504 ], [ 106.685736586840022, 10.653272918924641 ], [ 106.685732543135515, 10.653182970241085 ], [ 106.685728567116769, 10.653090942068554 ], [ 106.685722564586541, 10.653000909734699 ], [ 106.68571655747175, 10.652909972472161 ], [ 106.685707542003613, 10.652820942672824 ], [ 106.685697544983526, 10.652731917612067 ], [ 106.685689574186569, 10.65263990046255 ], [ 106.685682586447484, 10.652548966124792 ], [ 106.685676575762685, 10.652455950485793 ], [ 106.685670557476129, 10.652361939523288 ], [ 106.68566454892499, 10.652269918317234 ], [ 106.685656578161925, 10.652177901162352 ], [ 106.685647556042568, 10.652086972895207 ], [ 106.685634544930096, 10.651997955018327 ], [ 106.68561858976382, 10.651907952394486 ], [ 106.685597595451895, 10.651821942581709 ], [ 106.685572535368337, 10.651736939348304 ], [ 106.685539571889109, 10.65165593838017 ], [ 106.685501561374039, 10.651576940455064 ], [ 106.68545956095339, 10.651498948877368 ], [ 106.685413567893235, 10.651421965461529 ], [ 106.685365551666635, 10.651348964033938 ], [ 106.685313533422743, 10.65127389616104 ], [ 106.685260541816149, 10.651200910469097 ], [ 106.685204536391666, 10.651128929106884 ], [ 106.68514657638876, 10.651057947103187 ], [ 106.685087560822723, 10.650986967332402 ], [ 106.685026593738883, 10.650918889004384 ], [ 106.684964564388792, 10.650848914448492 ], [ 106.684901561401205, 10.650780931665793 ], [ 106.684838561471196, 10.650713942396225 ], [ 106.684773525053004, 10.650645966553403 ], [ 106.684710530328672, 10.650580966120607 ], [ 106.684645574969679, 10.650514977983393 ], [ 106.684582575791993, 10.650447899150194 ], [ 106.684520561798479, 10.650382897554689 ], [ 106.684456591397392, 10.650318894412449 ], [ 106.684390592961577, 10.650256977493431 ], [ 106.684324592448988, 10.650194970160484 ], [ 106.684257540327508, 10.650133962196385 ], [ 106.684188529680227, 10.650072957342292 ], [ 106.684118550541683, 10.650015934932782 ], [ 106.684048563544735, 10.649956924549175 ], [ 106.683977529784727, 10.64989990434302 ], [ 106.683905590628399, 10.64984297812456 ], [ 106.68383357839582, 10.649786956143034 ], [ 106.683761570134152, 10.649731929476689 ], [ 106.683687526580727, 10.649676907047697 ], [ 106.683615520756447, 10.649622964277601 ], [ 106.683542529812669, 10.64956694513571 ], [ 106.683468562483412, 10.649512918670901 ], [ 106.683393549581808, 10.649460974588443 ], [ 106.683319516439141, 10.6494099307019 ], [ 106.683243522670352, 10.649357899096541 ], [ 106.683167530394712, 10.649306950503854 ], [ 106.683091541813909, 10.649256907725825 ], [ 106.683014577745382, 10.649207952677465 ], [ 106.682937536653043, 10.649158906529443 ], [ 106.682859585026989, 10.649107965494307 ], [ 106.682782547010476, 10.649059914640873 ], [ 106.682705581209035, 10.649010959513056 ], [ 106.682628537184485, 10.648960917942826 ], [ 106.682551572350008, 10.648911964578033 ], [ 106.682474528376346, 10.648861923869427 ], [ 106.682397556619719, 10.648810978886322 ], [ 106.682321569192297, 10.648760935896259 ], [ 106.682246557848899, 10.648709985039488 ], [ 106.68217056653252, 10.648658947577609 ], [ 106.682096528642177, 10.648605914496384 ], [ 106.682023547545697, 10.648552968656404 ], [ 106.681950564371135, 10.648499932399508 ], [ 106.681878557643415, 10.648444904335024 ], [ 106.681807529117606, 10.648389965555221 ], [ 106.681737544744166, 10.648330953670847 ], [ 106.681668543136965, 10.648272931481367 ], [ 106.681601570819282, 10.648212915261213 ], [ 106.681534516630606, 10.64815091038256 ], [ 106.681469576929956, 10.648089986761329 ], [ 106.681406582228277, 10.648023991110971 ], [ 106.681344566365652, 10.647957993440775 ], [ 106.681284583722274, 10.647890994367621 ], [ 106.681223539210762, 10.647821918242329 ], [ 106.681165513968566, 10.647753921595102 ], [ 106.681107557644424, 10.647683932228425 ], [ 106.681049518548107, 10.647611956921102 ], [ 106.680993516600822, 10.647539973741281 ], [ 106.680936534044918, 10.647467993461568 ], [ 106.680881586539925, 10.647395916721036 ], [ 106.680825581655085, 10.647322939069706 ], [ 106.680768525158769, 10.647250960779632 ], [ 106.680713571056074, 10.647176984636015 ], [ 106.680657568082466, 10.647104910980453 ], [ 106.680600510754019, 10.647032932654755 ], [ 106.680544512037145, 10.646961942904161 ], [ 106.680486552084687, 10.646890960771342 ], [ 106.680428525079762, 10.646821967710228 ], [ 106.680374036372967, 10.646757346010894 ], [ 106.680369512618086, 10.646751981309949 ], [ 106.680309523486386, 10.646682994045834 ], [ 106.680249543158823, 10.64661599653167 ], [ 106.680187533868278, 10.646551987449746 ], [ 106.680123565160898, 10.646487982359343 ], [ 106.680058543019214, 10.646424978438331 ], [ 106.679992549041486, 10.646363965366874 ], [ 106.679924519793076, 10.646302956509029 ], [ 106.679856570630989, 10.646243937186712 ], [ 106.67983131520117, 10.646221612724215 ], [ 106.679787560812315, 10.646182933915181 ], [ 106.679717571300429, 10.646121932627681 ], [ 106.67964757998557, 10.646060930423344 ], [ 106.679576540978658, 10.646001919290175 ], [ 106.679504522561032, 10.645943003254617 ], [ 106.679432577926534, 10.645883997481397 ], [ 106.679359510652247, 10.645826981191975 ], [ 106.679285534713244, 10.645768976749652 ], [ 106.679210516186103, 10.645714950439057 ], [ 106.679135568702222, 10.645659930358295 ], [ 106.679058517319675, 10.645606997591351 ], [ 106.67898155057371, 10.645556955670491 ], [ 106.678904581114224, 10.645506009697106 ], [ 106.678825512309288, 10.645458957292638 ], [ 106.678745542040218, 10.645412993288295 ], [ 106.678666560544215, 10.645370010566868 ], [ 106.678585553457651, 10.645329927654332 ], [ 106.678503566027146, 10.645289935314514 ], [ 106.678421519920676, 10.645255008459115 ], [ 106.678338570876406, 10.645220987390131 ], [ 106.678254581331018, 10.64519194340474 ], [ 106.678169536495389, 10.645162990211782 ], [ 106.678084582583352, 10.64513901255973 ], [ 106.677997521184068, 10.645115942449699 ], [ 106.677910540118106, 10.645094953176075 ], [ 106.677822580266692, 10.645073968582247 ], [ 106.677735534216382, 10.645055962781694 ], [ 106.677646529918846, 10.645038955386362 ], [ 106.677557535566578, 10.645024932171003 ], [ 106.67746755786662, 10.645010010511166 ], [ 106.677377511885751, 10.64499698751049 ], [ 106.677286563223248, 10.644984959789166 ], [ 106.677196525626982, 10.644975009542129 ], [ 106.677105582987352, 10.644964971541246 ], [ 106.677013512843615, 10.64495593038745 ], [ 106.676921518833666, 10.644946980289092 ], [ 106.676829526641598, 10.64493893329386 ], [ 106.676737536823723, 10.644931973824391 ], [ 106.676645548830081, 10.644925012514095 ], [ 106.676553560565253, 10.644917960773245 ], [ 106.67645954121403, 10.644912001663588 ], [ 106.676367551116698, 10.644904947160763 ], [ 106.676274510563601, 10.644898983294608 ], [ 106.676182525586668, 10.644893018090089 ], [ 106.676089553702411, 10.644884975577135 ], [ 106.675997564804675, 10.644878013172915 ], [ 106.675904517987021, 10.644869971729689 ], [ 106.675812530915707, 10.644863007456953 ], [ 106.675720531836987, 10.644852972167493 ], [ 106.675629519411245, 10.644844020593826 ], [ 106.675537517339293, 10.644832990814164 ], [ 106.67544657267166, 10.64482195878956 ], [ 106.67535554459073, 10.64480902578733 ], [ 106.675264515990264, 10.644795009719171 ], [ 106.675175520849336, 10.644780986718917 ], [ 106.67508554091873, 10.644764978613711 ], [ 106.674997584282124, 10.644744985830069 ], [ 106.674909557794095, 10.644726981211894 ], [ 106.674819555981514, 10.644704010172436 ], [ 106.674729556905547, 10.644681943138485 ], [ 106.674639547953845, 10.644655989636409 ], [ 106.674548551206584, 10.644627959726941 ], [ 106.674459581950288, 10.644597029977117 ], [ 106.674370535663542, 10.644566008215504 ], [ 106.674282526987156, 10.644529017603803 ], [ 106.674196548537651, 10.644490032995279 ], [ 106.674113578835573, 10.644448958390994 ], [ 106.674032562863317, 10.644405979519016 ], [ 106.673955530557819, 10.644359012008758 ], [ 106.673879541585976, 10.644307971411505 ], [ 106.673809581733167, 10.644256008987503 ], [ 106.673743528756276, 10.644200960391981 ], [ 106.673681533246295, 10.644140025369303 ], [ 106.67362554676383, 10.644073013748187 ], [ 106.673574529395296, 10.644003003238096 ], [ 106.673528543446153, 10.643927011227259 ], [ 106.673484581988774, 10.643848029005506 ], [ 106.673444535891122, 10.643766957757476 ], [ 106.673405538745939, 10.643683982214888 ], [ 106.673368569752157, 10.6435980182614 ], [ 106.673331520747453, 10.643510969687931 ], [ 106.673295526686218, 10.643424007501414 ], [ 106.673257574784614, 10.643336961573672 ], [ 106.673218574762984, 10.643252992464532 ], [ 106.67317656277207, 10.64317002666162 ], [ 106.673132528141593, 10.64309095418202 ], [ 106.673084577049622, 10.643012978977207 ], [ 106.673032567404022, 10.642938993490738 ], [ 106.672980555956471, 10.642865007998548 ], [ 106.672926510176652, 10.642791028483243 ], [ 106.672872542085926, 10.642717953672632 ], [ 106.672816545912696, 10.64264696230544 ], [ 106.672760545864023, 10.642574977396061 ], [ 106.67270356913015, 10.642503991601558 ], [ 106.672644557147891, 10.642433009974706 ], [ 106.672586533873982, 10.64236500966512 ], [ 106.672526549135398, 10.642296020667768 ], [ 106.672465507948829, 10.642227034764307 ], [ 106.672403570988891, 10.642161033913389 ], [ 106.672340577580925, 10.642095036155201 ], [ 106.672277514084897, 10.64203003574554 ], [ 106.672212565221002, 10.641965038153346 ], [ 106.672148530121717, 10.641903023002486 ], [ 106.672080578295706, 10.64184201289458 ], [ 106.672010527331452, 10.641784987627382 ], [ 106.671939570713334, 10.641727965004803 ], [ 106.671865538259752, 10.641675019592153 ], [ 106.671788562787498, 10.64162199240654 ], [ 106.671712576036356, 10.641571042492966 ], [ 106.671634555843838, 10.641521001672324 ], [ 106.671558902343989, 10.641474491389348 ], [ 106.671556541923024, 10.641473041011048 ], [ 106.671477535184948, 10.641421013250794 ], [ 106.671400574530068, 10.641371965505673 ], [ 106.671355426110466, 10.641341134733656 ], [ 106.671324507233265, 10.641320021277993 ], [ 106.671249572013636, 10.641267982395771 ], [ 106.67117651857339, 10.64121503392432 ], [ 106.671105563146185, 10.641158010180256 ], [ 106.671037538822091, 10.641097996280132 ], [ 106.670973504133016, 10.64103597994686 ], [ 106.670912554319969, 10.640971965647845 ], [ 106.670856567238516, 10.640904049383501 ], [ 106.670803573713471, 10.640828981484173 ], [ 106.67075351935874, 10.640753002710641 ], [ 106.670707521775626, 10.640673030617371 ], [ 106.67066257353882, 10.640590977042635 ], [ 106.670620557583447, 10.640506021917995 ], [ 106.670579520167038, 10.64042097260489 ], [ 106.670540517150869, 10.640335014175163 ], [ 106.670500525475788, 10.640246978439931 ], [ 106.670478654301945, 10.640196864695431 ], [ 106.670462574165612, 10.640160022463307 ], [ 106.670422510343712, 10.640071987829307 ], [ 106.670382527048645, 10.63998702669374 ], [ 106.670341572511759, 10.639903966888728 ], [ 106.670299569839287, 10.639823985702005 ], [ 106.670253501482009, 10.639745007266432 ], [ 106.670206541477995, 10.639671006380283 ], [ 106.67015551878599, 10.639599007199989 ], [ 106.670102549798528, 10.639531985949191 ], [ 106.670044545571869, 10.639469048550129 ], [ 106.669981511084828, 10.639413990153491 ], [ 106.669913516296646, 10.639363015383111 ], [ 106.669841534239751, 10.639316031882128 ], [ 106.669774978977301, 10.639278502289159 ], [ 106.669763533985233, 10.639272048445031 ], [ 106.669681552181387, 10.639233050700255 ], [ 106.669596564381621, 10.639197043276056 ], [ 106.669507517108599, 10.639165027320894 ], [ 106.669415543587277, 10.639136997701677 ], [ 106.669322521907787, 10.639112044869396 ], [ 106.669227553404014, 10.639090985998973 ], [ 106.669131535583347, 10.639072008566488 ], [ 106.669066564460934, 10.639062628755205 ], [ 106.66903455296773, 10.639058007970647 ], [ 106.668938558077215, 10.639046988693719 ], [ 106.66884355093616, 10.639038043982419 ], [ 106.668837789853285, 10.63903779778253 ], [ 106.66874855750261, 10.639033982838038 ], [ 106.668656511211722, 10.639031991426348 ], [ 106.668565531464509, 10.639033975554362 ], [ 106.668477499094976, 10.639039025673474 ], [ 106.668392571249228, 10.639048043560514 ], [ 106.668306529851066, 10.639063034076852 ], [ 106.668219535786989, 10.639087066878931 ], [ 106.668133540168114, 10.63911706341522 ], [ 106.668047555520005, 10.639151039491892 ], [ 106.667963542148144, 10.639188988468046 ], [ 106.667879547781865, 10.63923299445216 ], [ 106.667795565552495, 10.639281067667172 ], [ 106.667714528989137, 10.639331032540392 ], [ 106.667634556227327, 10.639384068026892 ], [ 106.667556543474419, 10.63943700554891 ], [ 106.667481560788829, 10.639494999540432 ], [ 106.667409515113135, 10.63955198957464 ], [ 106.667338528206599, 10.639610061348703 ], [ 106.667269574198968, 10.63966704231227 ], [ 106.667202509659461, 10.639726007534854 ], [ 106.66713552441945, 10.639787051811043 ], [ 106.667067561920348, 10.639848007624003 ], [ 106.667001559069476, 10.639909049002952 ], [ 106.666936541563103, 10.639971985074702 ], [ 106.666871520417985, 10.640034018006892 ], [ 106.6668075664561, 10.640099031148695 ], [ 106.666742558053883, 10.640165041808446 ], [ 106.666679580998192, 10.640230052072523 ], [ 106.666616535827487, 10.640297050514796 ], [ 106.666612826474619, 10.640292835860221 ], [ 106.666542561549264, 10.640213002690786 ], [ 106.666411567129416, 10.640018002851129 ], [ 106.66636353154918, 10.639911004188395 ], [ 106.666343546380645, 10.63980699550093 ], [ 106.666380326588936, 10.639677818756137 ], [ 106.666388530607847, 10.639649002831533 ], [ 106.666418440483312, 10.639591600033164 ], [ 106.66645156441939, 10.639528028598018 ], [ 106.666515513825203, 10.639384987611541 ], [ 106.666539505817411, 10.639291068824367 ], [ 106.666570560632223, 10.639113046186692 ], [ 106.666565561344399, 10.63900402238731 ], [ 106.666531566149146, 10.638904035145467 ], [ 106.666480569670853, 10.63878999269625 ], [ 106.666422508903466, 10.63870906064971 ], [ 106.666365103638128, 10.638656052558336 ], [ 106.666306554691815, 10.638601990065428 ], [ 106.666188524699194, 10.638507037860773 ], [ 106.66615543053517, 10.638493920124775 ], [ 106.666087544905309, 10.638467008854148 ], [ 106.666081238979601, 10.638467013709612 ], [ 106.666072664749521, 10.638467020669101 ], [ 106.666002513614956, 10.638467076363973 ], [ 106.665918530983774, 10.63851506049026 ], [ 106.665868539616937, 10.638561045956548 ], [ 106.665825551673066, 10.638630065872567 ], [ 106.665810370647762, 10.638710879203813 ], [ 106.665807520650532, 10.638726046517466 ], [ 106.665818552478697, 10.63891199402874 ], [ 106.665836964677297, 10.639422474116062 ], [ 106.665839510216003, 10.639493019097772 ], [ 106.665799561325741, 10.639545031424062 ], [ 106.665765584815276, 10.639578974379056 ], [ 106.665761634801569, 10.639582921210895 ], [ 106.665754542085693, 10.639590007015064 ], [ 106.665697568335943, 10.63962100393231 ], [ 106.665645531052149, 10.639638064167086 ], [ 106.665589534933375, 10.639642025518942 ], [ 106.665587767835291, 10.639641240543847 ], [ 106.665553530441116, 10.639626036846915 ], [ 106.665542458408055, 10.639613156720504 ], [ 106.665528566322834, 10.639596995916856 ], [ 106.66551154154682, 10.639575075558112 ], [ 106.665472540656211, 10.639515065110944 ], [ 106.665422581901268, 10.639420999696716 ], [ 106.665375532667994, 10.639316078167813 ], [ 106.665323515914963, 10.639214063158667 ], [ 106.665277532980596, 10.639113024978007 ], [ 106.665236546113604, 10.639044070259864 ], [ 106.665181562597724, 10.638983018835859 ], [ 106.665128561587224, 10.638930011216264 ], [ 106.665068579084618, 10.638887057928216 ], [ 106.665003538522711, 10.638866002650937 ], [ 106.664940581404352, 10.638862025890214 ], [ 106.664940399713828, 10.638862085182993 ], [ 106.664737550267105, 10.638928077103694 ], [ 106.664636562413577, 10.639012002827632 ], [ 106.664536549934851, 10.639196015924375 ], [ 106.664472523975732, 10.639440046571409 ], [ 106.664306612746714, 10.639486226927776 ], [ 106.66429657813346, 10.639489019839283 ], [ 106.664290415366253, 10.639488310048886 ], [ 106.66428809506958, 10.639488041983368 ], [ 106.664244546118823, 10.639483023110262 ], [ 106.664242737302558, 10.639483265242021 ], [ 106.664184566538481, 10.639491064920554 ], [ 106.664135528123424, 10.639503049910319 ], [ 106.663927571150168, 10.639561069014935 ], [ 106.663677548034443, 10.639694072560642 ], [ 106.663504549869515, 10.639898006140671 ], [ 106.663438431830244, 10.640068610902619 ], [ 106.663421588053822, 10.640112073029769 ], [ 106.663367520009473, 10.640131038212489 ], [ 106.663323580896147, 10.640134059108707 ], [ 106.663318910024358, 10.640133485986377 ], [ 106.663282557858366, 10.640129024616222 ], [ 106.663236530860985, 10.640114060210207 ], [ 106.663185583451664, 10.640092056775936 ], [ 106.663158569587324, 10.640070075862798 ], [ 106.663131553893635, 10.640048093144255 ], [ 106.663063604299126, 10.63997761284285 ], [ 106.66304958644875, 10.639963072332765 ], [ 106.663018581678216, 10.639930070980105 ], [ 106.662950527179007, 10.639859024119557 ], [ 106.662873557684037, 10.639807079413359 ], [ 106.662784537433936, 10.639733017975804 ], [ 106.662604573517527, 10.639572064997669 ], [ 106.662547566310892, 10.639515088068253 ], [ 106.662516527936504, 10.639471058325572 ], [ 106.662472290871122, 10.63937783094695 ], [ 106.662468586446707, 10.639370026265643 ], [ 106.662462166981314, 10.63937150406735 ], [ 106.662416533004475, 10.639382019761602 ], [ 106.662368568084887, 10.639400062065759 ], [ 106.66227758289557, 10.639451048089827 ], [ 106.662215520265278, 10.639494083888371 ], [ 106.662175593749197, 10.639528013957163 ], [ 106.662125553554191, 10.63958304217415 ], [ 106.662076557410941, 10.639660034708859 ], [ 106.662053552102421, 10.63970603245687 ], [ 106.662033248790905, 10.639739892790738 ], [ 106.662029548435186, 10.639746064609437 ], [ 106.662007562015859, 10.639780031993158 ], [ 106.661991580748989, 10.639805032784475 ], [ 106.661972575869541, 10.639828054374528 ], [ 106.661950558759571, 10.63985108200994 ], [ 106.661927547122133, 10.639870047050557 ], [ 106.661894592649119, 10.639891027182514 ], [ 106.66185853553975, 10.639908039442904 ], [ 106.661818545055297, 10.639921085341722 ], [ 106.661778541346365, 10.639929065916361 ], [ 106.661744553710278, 10.6399320594683 ], [ 106.661737563791959, 10.639931638614417 ], [ 106.66171749441034, 10.639930434005464 ], [ 106.661711528258195, 10.639930076170206 ], [ 106.661655570062891, 10.639921014869239 ], [ 106.66159558927653, 10.639904100971762 ], [ 106.661546547149882, 10.639889056475308 ], [ 106.661513587566944, 10.63988309426713 ], [ 106.661508433109773, 10.639883092070324 ], [ 106.661433531699544, 10.639883053897067 ], [ 106.661301532901945, 10.639907035715551 ], [ 106.661298819339493, 10.639907595970856 ], [ 106.661253586588572, 10.639916931465908 ], [ 106.661209548496188, 10.639926020296002 ], [ 106.661121539513175, 10.639964066822451 ], [ 106.661006596119947, 10.640020096154363 ], [ 106.660928531482085, 10.640056035348124 ], [ 106.660846117091836, 10.640089981082435 ], [ 106.660838559151856, 10.640093093958546 ], [ 106.660783590923387, 10.640113053962809 ], [ 106.660743593273992, 10.640124021353564 ], [ 106.660722560504979, 10.640123087076223 ], [ 106.660721827251862, 10.64012298704843 ], [ 106.66068553307052, 10.640118042446106 ], [ 106.660638531453088, 10.640105069375423 ], [ 106.660600562928551, 10.640088091372762 ], [ 106.660557528033578, 10.640065069170218 ], [ 106.660483574449188, 10.640013024689383 ], [ 106.660424566108233, 10.639968081467622 ], [ 106.660381570515625, 10.639933035336508 ], [ 106.660364949346814, 10.639921057985452 ], [ 106.660338584260629, 10.639902058274513 ], [ 106.660215598699637, 10.63983803912957 ], [ 106.660152568277638, 10.639809109105961 ], [ 106.660150405411443, 10.639811078966469 ], [ 106.660096560595804, 10.639860084340478 ], [ 106.660077652061958, 10.639878973161299 ], [ 106.660044549596833, 10.63991204241843 ], [ 106.660009540430821, 10.639952107275141 ], [ 106.659986576094312, 10.63998707182186 ], [ 106.65995956692251, 10.640030096808898 ], [ 106.65992955955754, 10.64007909808897 ], [ 106.659900558425164, 10.640137047390093 ], [ 106.659887772108732, 10.640174108715122 ], [ 106.659881573301178, 10.640192071977888 ], [ 106.659878556375162, 10.640225944421573 ], [ 106.659877561330035, 10.640237110447265 ], [ 106.65987760299636, 10.640302026130867 ], [ 106.659884050672815, 10.64033810229752 ], [ 106.659884579470031, 10.64034106422057 ], [ 106.659890315751738, 10.640353587576913 ], [ 106.659906582653804, 10.640389100060927 ], [ 106.659988584309218, 10.64053705036558 ], [ 106.660011561330293, 10.640583093568548 ], [ 106.660022601280559, 10.640620040560092 ], [ 106.660031564005337, 10.640668114226619 ], [ 106.660032197610633, 10.640704261500776 ], [ 106.660032562745556, 10.640725073347554 ], [ 106.660026576318103, 10.64084208398625 ], [ 106.66002354608321, 10.640913068387231 ], [ 106.66002659373784, 10.640949043215796 ], [ 106.6600365604464, 10.640980024819237 ], [ 106.660052567143183, 10.641014065357346 ], [ 106.660056539537322, 10.641019789990446 ], [ 106.660075893021443, 10.641047677834548 ], [ 106.660077549717897, 10.64105006603188 ], [ 106.660111604962879, 10.641095085336536 ], [ 106.660147597585876, 10.641132049404501 ], [ 106.660175284461715, 10.641156960447372 ], [ 106.660176545369467, 10.641158094075406 ], [ 106.660210341451631, 10.641153936828719 ], [ 106.660249563288914, 10.641149112918244 ], [ 106.660328605688107, 10.641137039602562 ], [ 106.660354434365487, 10.64113538074106 ], [ 106.660359581463666, 10.641135051192308 ], [ 106.660377540315324, 10.641141055250939 ], [ 106.660400582145755, 10.641158078411035 ], [ 106.66044259730468, 10.641218078986748 ], [ 106.660463655920267, 10.641264046350653 ], [ 106.660469608413251, 10.64127704097571 ], [ 106.66051956333763, 10.641396059797602 ], [ 106.660580593540331, 10.641543245390837 ], [ 106.660582582746429, 10.641548042800842 ], [ 106.660613580018548, 10.641604100256064 ], [ 106.66065156993217, 10.641679031921196 ], [ 106.660673563577291, 10.641724084368949 ], [ 106.66068655808435, 10.641759035847853 ], [ 106.660710571381216, 10.641824065415445 ], [ 106.660756549522915, 10.641949063324754 ], [ 106.660764609163337, 10.64197209394233 ], [ 106.660728580355254, 10.641999053209018 ], [ 106.660710604885367, 10.642013026787948 ], [ 106.660635560879541, 10.642051038284261 ], [ 106.660538611640433, 10.642099056951409 ], [ 106.660466563953648, 10.642131092115179 ], [ 106.660405567407722, 10.642152064033318 ], [ 106.660377542734381, 10.642158112990867 ], [ 106.660335539947795, 10.642179030656809 ], [ 106.660256549536115, 10.642233055106153 ], [ 106.660235547253919, 10.642243063268941 ], [ 106.660058552710026, 10.642321059905525 ], [ 106.659975579059036, 10.642354028909814 ], [ 106.659932592701438, 10.642373050887402 ], [ 106.659877581985469, 10.642405037390239 ], [ 106.659861549099105, 10.642413040404895 ], [ 106.659808611155754, 10.642432089434221 ], [ 106.659783605024074, 10.642439033627523 ], [ 106.65974660936601, 10.64244510765576 ], [ 106.659716616104276, 10.642448085806246 ], [ 106.659688576378642, 10.642449073005423 ], [ 106.659660607519257, 10.642448069291172 ], [ 106.659624585403648, 10.642452061179299 ], [ 106.659591593082823, 10.64246011428178 ], [ 106.659529611000792, 10.642480095353211 ], [ 106.659415600465437, 10.642520116285784 ], [ 106.65931758324119, 10.64256407040307 ], [ 106.659262566517427, 10.642594065213256 ], [ 106.659203568910101, 10.642629047417467 ], [ 106.659120576652271, 10.642681093406324 ], [ 106.659040591369006, 10.642731051355801 ], [ 106.65900155143936, 10.642759102216578 ], [ 106.658972584353933, 10.642778084333502 ], [ 106.658929615535712, 10.642803071016678 ], [ 106.658891606402534, 10.642823071978096 ], [ 106.658830563467163, 10.642854081347787 ], [ 106.658796554918283, 10.642876059600765 ], [ 106.658754564875196, 10.642901045233257 ], [ 106.658718605989847, 10.642926101978048 ], [ 106.658687614249388, 10.642948072381349 ], [ 106.658646603897552, 10.642973054257544 ], [ 106.658610557094761, 10.642994043950054 ], [ 106.658586551481335, 10.643008037604833 ], [ 106.658542593137469, 10.643030044664391 ], [ 106.658395622533675, 10.643115097189309 ], [ 106.658351602114095, 10.64314207755282 ], [ 106.65810661700138, 10.643298118304637 ], [ 106.658065619241242, 10.643327078775368 ], [ 106.658042602116424, 10.643344051972424 ], [ 106.657971570968229, 10.643388108357142 ], [ 106.657957561487422, 10.643392127626376 ], [ 106.657835594428377, 10.643444106262599 ], [ 106.657574564595564, 10.643553086037878 ], [ 106.657445574998221, 10.643601107063162 ], [ 106.657383579635606, 10.643616114626889 ], [ 106.657322607412397, 10.643621082513697 ], [ 106.657315909806357, 10.643620642640732 ], [ 106.657231604254534, 10.643615107036656 ], [ 106.657156630476649, 10.643601130465621 ], [ 106.657069573545698, 10.643579049718184 ], [ 106.656961616968047, 10.64355106270647 ], [ 106.656935593643041, 10.6435450808822 ], [ 106.656948134122061, 10.643452832037898 ], [ 106.656960603032786, 10.643361107746159 ], [ 106.656931572626547, 10.643358117062359 ], [ 106.65663862072779, 10.643328133654263 ], [ 106.656628608943535, 10.643180066490592 ], [ 106.656621565946267, 10.643067069490662 ], [ 106.656612568356493, 10.64303210535277 ], [ 106.656602567184279, 10.643015046013403 ], [ 106.656572599051316, 10.642899133753986 ], [ 106.656467556688582, 10.642556047717665 ], [ 106.656372615323548, 10.64231509854984 ], [ 106.656345610426001, 10.642283080295709 ], [ 106.656343565935103, 10.642127123071399 ], [ 106.656340575323881, 10.641880123109008 ], [ 106.656351603680875, 10.641760113609497 ], [ 106.656377621342784, 10.641585087615214 ], [ 106.656379617249812, 10.641572063597854 ], [ 106.656559548336816, 10.641212059033373 ], [ 106.656743564409794, 10.640908101506431 ], [ 106.656867552428722, 10.64072411338217 ], [ 106.656879553200426, 10.64062706470984 ], [ 106.656868541379836, 10.640523122338648 ], [ 106.656805611730775, 10.640324123295587 ], [ 106.656841557773447, 10.640218055342194 ], [ 106.656852581019706, 10.640173087912023 ], [ 106.656840557849009, 10.640058116397826 ], [ 106.656828571983468, 10.639956075329756 ], [ 106.656878598565157, 10.639896076574672 ], [ 106.656829564846888, 10.639756076905151 ], [ 106.656789541791639, 10.639656106696686 ], [ 106.65677254117044, 10.639592053628133 ], [ 106.656763552650929, 10.63950907923692 ], [ 106.656760555597813, 10.639413068370512 ], [ 106.656736534684086, 10.639294064227387 ], [ 106.656694597615257, 10.639184061917076 ], [ 106.656626537230423, 10.63903408319603 ], [ 106.656557592713455, 10.63889106725242 ], [ 106.656495532815072, 10.638782119318389 ], [ 106.656481584408837, 10.638781072966013 ], [ 106.656416559799965, 10.638689130533027 ], [ 106.656383533306865, 10.638635068235249 ], [ 106.656372589370662, 10.638605081941122 ], [ 106.656325542087146, 10.63850006928566 ], [ 106.656267604190759, 10.638357110951745 ], [ 106.656260793481664, 10.638357945173356 ], [ 106.6561125995553, 10.638376093476033 ], [ 106.656086556881291, 10.638389098358184 ], [ 106.65605556352817, 10.638411066682529 ], [ 106.656039551539877, 10.638426120987958 ], [ 106.656026557178961, 10.638442073334119 ], [ 106.655979531904379, 10.638523127540191 ], [ 106.655956565161148, 10.638557099188064 ], [ 106.655927577312738, 10.638594072477744 ], [ 106.655909564363412, 10.638621066858802 ], [ 106.655900581406769, 10.638642068461269 ], [ 106.655898587508801, 10.638656086922072 ], [ 106.655894602658094, 10.638685121901199 ], [ 106.655891569529615, 10.63873006623326 ], [ 106.655875425672022, 10.638849393499298 ], [ 106.655873568898784, 10.638863115941142 ], [ 106.655867557329344, 10.638895050622143 ], [ 106.655851595472981, 10.638927102635449 ], [ 106.655748570080519, 10.638986078115746 ], [ 106.655744809514431, 10.638983657092872 ], [ 106.655653935225118, 10.638925182758344 ], [ 106.655574560567587, 10.63887410644791 ], [ 106.655475571663288, 10.638844103079899 ], [ 106.655472981971286, 10.638845142071396 ], [ 106.6554355897742, 10.638860131501056 ], [ 106.655432612747134, 10.638861845124158 ], [ 106.655310593893233, 10.638932099015484 ], [ 106.655220575222174, 10.639005051302689 ], [ 106.655032598572959, 10.639065086258535 ], [ 106.654925580126005, 10.639150112228544 ], [ 106.654852589525447, 10.639219126994174 ], [ 106.654760575364691, 10.639229066616972 ], [ 106.654758566493896, 10.639228103274787 ], [ 106.65459359412128, 10.639149080945799 ], [ 106.654587480600711, 10.639149261305224 ], [ 106.654536382895515, 10.639150767445482 ], [ 106.654491611633048, 10.639152087181738 ], [ 106.654477969335488, 10.639249339450508 ], [ 106.654456542305155, 10.63940209002191 ], [ 106.654355414220134, 10.639448204076636 ], [ 106.654344599829187, 10.639453135184922 ], [ 106.654169482767571, 10.639524796576181 ], [ 106.654085596436218, 10.639559123621021 ], [ 106.654008570376689, 10.639564137078974 ], [ 106.65400730595502, 10.639563352395468 ], [ 106.65372159467347, 10.639386127547953 ], [ 106.653659548528623, 10.639256110156831 ], [ 106.653495553083602, 10.639089137025943 ], [ 106.653376586795844, 10.638572135801594 ], [ 106.653376554130645, 10.638510111113737 ], [ 106.653303558302838, 10.638245139341647 ], [ 106.653231543002633, 10.638134138208885 ], [ 106.652948570336051, 10.637984143522345 ], [ 106.652946585080699, 10.637796090481761 ], [ 106.652987667687071, 10.637755017133712 ], [ 106.65303655309657, 10.637706140195364 ], [ 106.653082570604553, 10.637641091794761 ], [ 106.653058568978878, 10.637477151568493 ], [ 106.652997580492354, 10.637373077959792 ], [ 106.652976663625793, 10.637248683568211 ], [ 106.65293960456701, 10.637028299720885 ], [ 106.652939577588086, 10.637028137974275 ], [ 106.653012317506551, 10.637033601497802 ], [ 106.653019574587404, 10.637034146541824 ], [ 106.65307559652706, 10.636859126499271 ], [ 106.653081582689452, 10.63681815146027 ], [ 106.653161597105253, 10.636625070017498 ], [ 106.653207589630242, 10.636526115433453 ], [ 106.653231559664107, 10.636500097591519 ], [ 106.653233580270097, 10.636498534102904 ], [ 106.653306544649169, 10.636442107737608 ], [ 106.653311592916609, 10.636236131623496 ], [ 106.653295525371064, 10.636130123336208 ], [ 106.653256535889156, 10.635945069773022 ], [ 106.653204578583981, 10.635733108435355 ], [ 106.653174583648706, 10.635556074967567 ], [ 106.653151567031273, 10.635368081543504 ], [ 106.65314552495623, 10.635210147608326 ], [ 106.653143587720962, 10.635038096023809 ], [ 106.653132553809328, 10.634798080018882 ], [ 106.653129565456993, 10.634679105293868 ], [ 106.653131562290213, 10.63461508674833 ], [ 106.653138546824465, 10.634452142153281 ], [ 106.653143577036303, 10.634394081581531 ], [ 106.653149807832122, 10.634355814357843 ], [ 106.653206587882252, 10.634007112194038 ], [ 106.653178540787096, 10.633903127255119 ], [ 106.653333526853004, 10.633886257341871 ], [ 106.653509583276929, 10.633867093695089 ], [ 106.653516516840895, 10.633328121192516 ], [ 106.653480556747439, 10.633199114269756 ], [ 106.653463579598892, 10.632963093177738 ], [ 106.653456285199894, 10.63296287731653 ], [ 106.653363541842083, 10.632960124774252 ], [ 106.653363450851757, 10.632959949651184 ], [ 106.653303574726721, 10.632844117494848 ], [ 106.653179549706536, 10.632785073179697 ], [ 106.653040530716993, 10.632625079132879 ], [ 106.652944547391158, 10.632463063607441 ], [ 106.65280053123189, 10.632347116290092 ], [ 106.65279573628257, 10.632348748325818 ], [ 106.652756949417167, 10.632361951389623 ], [ 106.652474534841673, 10.632458086252266 ], [ 106.652472716870449, 10.632455825939399 ], [ 106.652400541932764, 10.632366078132659 ], [ 106.652394789878045, 10.63236762160566 ], [ 106.652124565519529, 10.632440105608673 ], [ 106.652017532669802, 10.632469075136012 ], [ 106.651821553698781, 10.632549111257131 ], [ 106.651562555283121, 10.632732128351915 ], [ 106.651146551297074, 10.632765149178301 ], [ 106.651141538751034, 10.632764575940637 ], [ 106.650971534531664, 10.632745127089127 ], [ 106.650848536675099, 10.632650094184681 ], [ 106.650844131674788, 10.632651947467977 ], [ 106.650748554270791, 10.632692152639907 ], [ 106.65057857348539, 10.632770124499753 ], [ 106.650253586480815, 10.632789139641741 ], [ 106.649550561070285, 10.63278012520969 ], [ 106.649350540769021, 10.632845162444715 ], [ 106.649069548497494, 10.632906092108149 ], [ 106.649067313326128, 10.632904602313232 ], [ 106.648847571487948, 10.632758089007302 ], [ 106.648840354432195, 10.632757758002606 ], [ 106.648652534606541, 10.632749153231066 ], [ 106.648501548405122, 10.632852114443956 ], [ 106.648406549459096, 10.633026161489569 ], [ 106.648272530681595, 10.633106108518303 ], [ 106.648177532845352, 10.633177174559624 ], [ 106.6476255670743, 10.633606138652924 ], [ 106.647532600071088, 10.633676114758801 ], [ 106.647385549465341, 10.633785120452691 ], [ 106.64716657098046, 10.63394116772664 ], [ 106.647113600142262, 10.633974139708947 ], [ 106.647076595436673, 10.634003177732376 ], [ 106.647028572665519, 10.634053131652319 ], [ 106.646962539341146, 10.634130171688049 ], [ 106.646915583696796, 10.634184102160877 ], [ 106.646882570489353, 10.63421114075501 ], [ 106.646865557015985, 10.634219145904797 ], [ 106.646843557361379, 10.634223096185741 ], [ 106.646798562111172, 10.634225122375405 ], [ 106.646710604103802, 10.63422917163965 ], [ 106.646604541696647, 10.63422911489323 ], [ 106.646525595321719, 10.634247150193293 ], [ 106.64644454366146, 10.634267181297572 ], [ 106.646388538360398, 10.634268156736709 ], [ 106.646386670768891, 10.634267672077716 ], [ 106.646338598103441, 10.634255189793617 ], [ 106.646279595140925, 10.634236098490208 ], [ 106.646257913331155, 10.634229967689869 ], [ 106.64619856800519, 10.634213184478293 ], [ 106.646155567880328, 10.634150108913701 ], [ 106.64609057248741, 10.634015126709707 ], [ 106.646047547503628, 10.63391814488112 ], [ 106.646021540743206, 10.63386614055733 ], [ 106.645946603629383, 10.633760118943014 ], [ 106.645929592128979, 10.63374217605346 ], [ 106.645880540006686, 10.633698102724356 ], [ 106.645728573587107, 10.633440134299766 ], [ 106.645563597372274, 10.633141154602503 ], [ 106.645389540031786, 10.632778189571642 ], [ 106.645214570836998, 10.632309170403705 ], [ 106.64513156664438, 10.632124149594697 ], [ 106.644988539506897, 10.631882159547274 ], [ 106.644853592700812, 10.631643130639713 ], [ 106.644700582772131, 10.631311116625284 ], [ 106.644526548768212, 10.631007189726617 ], [ 106.644355579575773, 10.630668172366574 ], [ 106.644319564668152, 10.630596125581963 ], [ 106.644232544526673, 10.630456142917238 ], [ 106.644166580781018, 10.630324145370627 ], [ 106.644115557431363, 10.630198163279667 ], [ 106.644067538930514, 10.630094144613901 ], [ 106.643883516255144, 10.629750193614951 ], [ 106.643842589889715, 10.62964814270889 ], [ 106.643800545897804, 10.629577196961945 ], [ 106.643362572624071, 10.629131166406179 ], [ 106.642770521874127, 10.628554203240316 ], [ 106.642370536805245, 10.628158153665259 ], [ 106.642203572581934, 10.628003207664754 ], [ 106.642107564220453, 10.62790818465345 ], [ 106.642053572857208, 10.627849207817137 ], [ 106.642011551972203, 10.627811172710484 ], [ 106.64200150830635, 10.627805142306727 ], [ 106.641763563919909, 10.627607179606136 ], [ 106.641759509368356, 10.62760949554303 ], [ 106.64175172598415, 10.627613942969594 ], [ 106.641749566416152, 10.627615176801809 ], [ 106.641742727782187, 10.627614517283103 ], [ 106.641739538373102, 10.627614210828066 ], [ 106.64173056375752, 10.627613150553239 ], [ 106.641715535277442, 10.627603156479678 ], [ 106.641697525296564, 10.627579157205426 ], [ 106.641657567534324, 10.627525205822678 ], [ 106.641586542873455, 10.627441139268743 ], [ 106.641551531746629, 10.62740317549523 ], [ 106.64145852542255, 10.627277131220158 ], [ 106.641416562321993, 10.627233130939162 ], [ 106.641385571982298, 10.627204194413556 ], [ 106.641352537551043, 10.627172191727341 ], [ 106.641335552656514, 10.627163198544686 ], [ 106.641314552927852, 10.627148158722859 ], [ 106.641272535375805, 10.627111208350703 ], [ 106.641235517397106, 10.627057155440605 ], [ 106.64120754772101, 10.627030201941585 ], [ 106.641196523377289, 10.627023181645692 ], [ 106.641128563401722, 10.626904209057621 ], [ 106.641113542141795, 10.626871159862143 ], [ 106.64108155497982, 10.62681012966322 ], [ 106.641037512984894, 10.626725175452885 ], [ 106.641006558608666, 10.626682136512869 ], [ 106.640982523893896, 10.626660143191454 ], [ 106.640957563651341, 10.626657139340566 ], [ 106.640956245889186, 10.626657470345382 ], [ 106.640925552002841, 10.626665186705635 ], [ 106.640898532895775, 10.626680183796129 ], [ 106.640767560019455, 10.626744206770141 ], [ 106.640646517621562, 10.626776193653972 ], [ 106.640595534139621, 10.626793155386855 ], [ 106.640550508420176, 10.626810190620294 ], [ 106.64052451479003, 10.626815145302359 ], [ 106.64052123793185, 10.626813987467505 ], [ 106.640510556579699, 10.626810212614808 ], [ 106.640508169793591, 10.626811562801196 ], [ 106.640434547965725, 10.626853193321978 ], [ 106.640396572746283, 10.626859178232568 ], [ 106.640393316367664, 10.626858149617387 ], [ 106.640358548137726, 10.626847171788015 ], [ 106.640351445460951, 10.626846844772277 ], [ 106.640293562016552, 10.626844191873518 ], [ 106.640246560438442, 10.626856169085402 ], [ 106.640159564022127, 10.626879199576404 ], [ 106.639679558600534, 10.627039145638992 ], [ 106.639648524708761, 10.627047190109034 ], [ 106.639406586208381, 10.627109174584717 ], [ 106.639317577325798, 10.627114220865758 ], [ 106.639312515687237, 10.627113701811982 ], [ 106.639268566213445, 10.627109204779943 ], [ 106.639231528993363, 10.627100178766103 ], [ 106.639212517737718, 10.627095169021135 ], [ 106.639193574614723, 10.627087175717566 ], [ 106.639175544858645, 10.627082164094865 ], [ 106.639169699747725, 10.62708217974269 ], [ 106.639161525186452, 10.627082202890794 ], [ 106.639131519865046, 10.627107152842827 ], [ 106.639097522239723, 10.627158150732452 ], [ 106.639073521120025, 10.627200171124997 ], [ 106.639030578312045, 10.627286184682436 ], [ 106.638980589482983, 10.627360194321005 ], [ 106.638942571260813, 10.62740315753647 ], [ 106.638899572168796, 10.627444147747104 ], [ 106.638866563697817, 10.627473173499951 ], [ 106.638845515655959, 10.62749321439428 ], [ 106.638841903666531, 10.627489304658763 ], [ 106.638650577425267, 10.627282197686721 ], [ 106.638309586846049, 10.626952158190488 ], [ 106.638036730862027, 10.626717889598604 ], [ 106.638033540832282, 10.626715151211771 ], [ 106.638029248104999, 10.626712217956385 ], [ 106.637856576686261, 10.626594226834994 ], [ 106.637549569774464, 10.626442202652417 ], [ 106.637209549803217, 10.626317218446113 ], [ 106.636992541882933, 10.626242155233916 ], [ 106.636802578027357, 10.626213216990189 ], [ 106.636798515239235, 10.626213320676523 ], [ 106.636530554152458, 10.626220223010066 ], [ 106.636301545013225, 10.626244196661455 ], [ 106.636015579101112, 10.626278185007999 ], [ 106.635810589998755, 10.626293229933871 ], [ 106.635806504997518, 10.626292603197193 ], [ 106.635762456851012, 10.626285850332815 ], [ 106.635715325754873, 10.626278624298633 ], [ 106.635601547363265, 10.626261179693122 ], [ 106.635375537739733, 10.626175199892833 ], [ 106.635296620396204, 10.626120751721375 ], [ 106.63525288223498, 10.626090574856713 ], [ 106.635233542762819, 10.626077231341441 ], [ 106.635191907371635, 10.626032753688206 ], [ 106.635130559380116, 10.625967216579692 ], [ 106.635039573962629, 10.625809158343589 ], [ 106.634993586073179, 10.625702237474144 ], [ 106.634876114322665, 10.625501116121757 ], [ 106.634833520759599, 10.625428191530517 ], [ 106.634650204404977, 10.625598735549341 ], [ 106.634460563413654, 10.62577516548294 ], [ 106.634178565756358, 10.626193219816805 ], [ 106.634084380844058, 10.626354274086859 ], [ 106.633902528426248, 10.626665234442164 ], [ 106.633511542517326, 10.62719218063669 ], [ 106.63308453308467, 10.627670225462687 ], [ 106.632867702739546, 10.627865999094707 ], [ 106.63280813425385, 10.627919782250993 ], [ 106.632765600168241, 10.627958185699294 ], [ 106.632446604678876, 10.628120199727565 ], [ 106.632343699603197, 10.628150365118941 ], [ 106.632139541204324, 10.628210211112906 ], [ 106.631813553302663, 10.62824720121429 ], [ 106.631809090602289, 10.628246489602981 ], [ 106.631783086063521, 10.628242340717536 ], [ 106.631481579042301, 10.628194248334005 ], [ 106.631173611069386, 10.628022239158646 ], [ 106.631046901600882, 10.627887813299497 ], [ 106.630943605800496, 10.62777822650434 ], [ 106.630830899693493, 10.627610246245881 ], [ 106.630731561481539, 10.627462189902317 ], [ 106.630368571933118, 10.62695020002576 ], [ 106.630192324643374, 10.626689414977802 ], [ 106.629970548623646, 10.626732242213475 ], [ 106.629802566327442, 10.62698325013066 ], [ 106.629770553602114, 10.627070228261735 ], [ 106.629740601415151, 10.627140203535923 ], [ 106.629704585580512, 10.627224208602078 ], [ 106.629663566494244, 10.627325222955454 ], [ 106.629640551835706, 10.627396264553425 ], [ 106.629625554599187, 10.627476231092706 ], [ 106.629623701416804, 10.627479800961318 ], [ 106.629612585065914, 10.627501221069137 ], [ 106.629573557288879, 10.627534242412629 ], [ 106.62955858153282, 10.627595221989422 ], [ 106.629555575168808, 10.62765119846272 ], [ 106.629558558534868, 10.627745220554397 ], [ 106.629564603153526, 10.627795416477666 ], [ 106.629567592226863, 10.627820236988288 ], [ 106.629572558261913, 10.628159275116515 ], [ 106.629601563575392, 10.628285231359099 ], [ 106.629615593033947, 10.628341250508047 ], [ 106.629650570012274, 10.628447205943251 ], [ 106.629676562078402, 10.628547223420171 ], [ 106.629682570485443, 10.628618270491026 ], [ 106.629688554304508, 10.628760204340905 ], [ 106.629664636328584, 10.628887308732487 ], [ 106.629656551741675, 10.628930271138454 ], [ 106.629670574913774, 10.628957266614863 ], [ 106.629723568816374, 10.628984242393019 ], [ 106.629731449513841, 10.628987528236054 ], [ 106.629807567388312, 10.629019268646323 ], [ 106.629882575450438, 10.629073216564834 ], [ 106.629968550813771, 10.629167276336039 ], [ 106.63014756013736, 10.629371200527039 ], [ 106.630208564054385, 10.629431242955457 ], [ 106.630295596395868, 10.629499262966 ], [ 106.630307607828186, 10.629508272514249 ], [ 106.630512563975856, 10.629691236489686 ], [ 106.630667572118995, 10.629832208014195 ], [ 106.630767609240522, 10.629966193487494 ], [ 106.630800578262452, 10.630028215657328 ], [ 106.630842561197724, 10.630158203536638 ], [ 106.630849584648388, 10.630189196413939 ], [ 106.630842613259773, 10.630229267268399 ], [ 106.63080356674196, 10.630282269272328 ], [ 106.630744609154533, 10.630357206090217 ], [ 106.630714618213958, 10.630387217959019 ], [ 106.6304905986553, 10.630549234982912 ], [ 106.630257607817967, 10.630710192159453 ], [ 106.630188617783404, 10.630757220015916 ], [ 106.630133582715686, 10.630781244009523 ], [ 106.630105598024969, 10.630800218962912 ], [ 106.63009662299811, 10.630825198666244 ], [ 106.630093622703981, 10.630883253526251 ], [ 106.630122564377373, 10.631013277170101 ], [ 106.630127588259114, 10.631030260159353 ], [ 106.630129574188601, 10.631039206510749 ], [ 106.63010759180645, 10.631049214523918 ], [ 106.630059590211189, 10.631186234290331 ], [ 106.630026593768235, 10.631272218946334 ], [ 106.630009603398562, 10.631367201954152 ], [ 106.629986592018568, 10.631465276521618 ], [ 106.629959592409023, 10.631513271476662 ], [ 106.629920574677314, 10.631550269786898 ], [ 106.629885633318409, 10.631562212625123 ], [ 106.629847580332751, 10.631567199367641 ], [ 106.629771605221876, 10.631570215794197 ], [ 106.629720023653476, 10.631583099362732 ], [ 106.629711568886691, 10.631585211418935 ], [ 106.629633623948337, 10.631637238363556 ], [ 106.629686637897152, 10.631987262477637 ], [ 106.629703201756797, 10.631991887287905 ], [ 106.629704592904218, 10.631992276651257 ], [ 106.62970261727763, 10.632006070785577 ], [ 106.629702598471823, 10.632006205541998 ], [ 106.629699605072616, 10.632040208085085 ], [ 106.629700187274281, 10.632065113982442 ], [ 106.629700552637161, 10.632080680729121 ], [ 106.629700635934626, 10.632084237035146 ], [ 106.629703638477665, 10.632132238286308 ], [ 106.629714603968765, 10.632197215198357 ], [ 106.629741614415011, 10.63236322915669 ], [ 106.62980361809322, 10.632746229518743 ], [ 106.629823644806734, 10.632869227463987 ], [ 106.62983461825398, 10.632937278118185 ], [ 106.629854640866512, 10.633058195846782 ], [ 106.629865616158469, 10.633126246492878 ], [ 106.629867600377992, 10.633143523684863 ], [ 106.629869634253879, 10.633161226545921 ], [ 106.629867600279653, 10.633235037215087 ], [ 106.629866630146068, 10.633270273538914 ], [ 106.62986264484131, 10.633405272275827 ], [ 106.629854601472985, 10.633597243065042 ], [ 106.629850612731587, 10.633757197249775 ], [ 106.629849484752796, 10.633796351270824 ], [ 106.629846635326444, 10.633895270640767 ], [ 106.629839640438107, 10.633979193472703 ], [ 106.629832641132367, 10.634062213169189 ], [ 106.629826625872298, 10.634120275570529 ], [ 106.62982486998682, 10.634131021530441 ], [ 106.629795584819959, 10.634310232418301 ], [ 106.629790642422947, 10.634347225601077 ], [ 106.629763584401545, 10.634375238464257 ], [ 106.629752631866765, 10.634394256062121 ], [ 106.629566586461195, 10.634708243938178 ], [ 106.629557585658844, 10.634724271785466 ], [ 106.629490611219182, 10.634843264550426 ], [ 106.629423588400385, 10.634919217349823 ], [ 106.629401655974505, 10.634973256125152 ], [ 106.629364660624844, 10.635058258391718 ], [ 106.629351646829846, 10.635120229632332 ], [ 106.629361617145321, 10.635311245880613 ], [ 106.629375614404765, 10.63540822043112 ], [ 106.629445630845694, 10.635746262438245 ], [ 106.629450631389773, 10.635781238834237 ], [ 106.629485620701502, 10.636022274815316 ], [ 106.629499549918876, 10.636330587861792 ], [ 106.629499626007146, 10.636332264664093 ], [ 106.629516652542691, 10.636329233563767 ], [ 106.629617603425331, 10.636334284454421 ], [ 106.629675633002606, 10.636329238973063 ], [ 106.629703073612561, 10.636322419617317 ], [ 106.629707647202309, 10.636321283961422 ], [ 106.629732638635545, 10.636335228492506 ], [ 106.629760613113177, 10.636346320510739 ], [ 106.629790597732438, 10.636358210591251 ], [ 106.629809515640503, 10.636364284297953 ], [ 106.629843641239873, 10.63637524062821 ], [ 106.629839658692106, 10.636406263473727 ], [ 106.629903661666333, 10.636460242989093 ], [ 106.630001630980516, 10.636529224877442 ], [ 106.630139523154611, 10.636573553357161 ], [ 106.630141593235606, 10.636574219260003 ], [ 106.630235654775319, 10.636569254301662 ], [ 106.630370665310579, 10.636569237098664 ], [ 106.630492665332142, 10.636572999123992 ], [ 106.630499653683643, 10.636573214564542 ], [ 106.630532648895922, 10.636591206603367 ], [ 106.630634639588081, 10.636644263882463 ], [ 106.630687598507549, 10.636658219328087 ], [ 106.630905610772928, 10.636713210932495 ], [ 106.630933601294473, 10.636721270607186 ], [ 106.631003604158025, 10.636738252816622 ], [ 106.631006621252467, 10.636792172804398 ], [ 106.631006624134287, 10.636792221615073 ], [ 106.6311365991684, 10.636798274453874 ], [ 106.631166260922086, 10.636798263468679 ], [ 106.631173611476143, 10.63679826180824 ], [ 106.631172213562181, 10.636811124957813 ], [ 106.631168617239069, 10.636844205249082 ], [ 106.631156627925648, 10.636895234639356 ], [ 106.631129598175633, 10.636959232395457 ], [ 106.631101527848713, 10.637002344970957 ], [ 106.631045617377239, 10.637088216889481 ], [ 106.631020597162205, 10.637143258888647 ], [ 106.631017989961805, 10.637172300716989 ], [ 106.631016651834983, 10.637187210470096 ], [ 106.631016599308992, 10.637247245941667 ], [ 106.631003599622417, 10.637288240485672 ], [ 106.630990644128985, 10.637318203673185 ], [ 106.630957667339189, 10.63735825895578 ], [ 106.630913613103473, 10.637400245657069 ], [ 106.630861628786789, 10.637463226798682 ], [ 106.630679619722642, 10.637713190845131 ], [ 106.630616635557061, 10.637804233844804 ], [ 106.630591232420088, 10.637840207740673 ], [ 106.630587656190471, 10.637845271425784 ], [ 106.630567655346283, 10.637889269882622 ], [ 106.630546613198518, 10.637938242639025 ], [ 106.630544618080549, 10.637947145911308 ], [ 106.630524656050696, 10.638036221154426 ], [ 106.630511643356186, 10.638177214631988 ], [ 106.630506601030831, 10.638233193171061 ], [ 106.630492613891136, 10.638271206198604 ], [ 106.630463650676774, 10.638318213176385 ], [ 106.630414613552219, 10.6384102114553 ], [ 106.63037967456286, 10.638502259661713 ], [ 106.630351643318264, 10.638584253510034 ], [ 106.630352659852022, 10.638623219784652 ], [ 106.630363616864344, 10.638659263388394 ], [ 106.63039366706839, 10.638702215501411 ], [ 106.630435619927752, 10.638742243046329 ], [ 106.630518656665785, 10.638809277698789 ], [ 106.630586641118214, 10.638884220732853 ], [ 106.630613612218312, 10.638931250598427 ], [ 106.630613658664089, 10.638974196513137 ], [ 106.630578663274221, 10.639046263558976 ], [ 106.630506627255954, 10.639109213261689 ], [ 106.630387641085647, 10.639203216899665 ], [ 106.630222655731089, 10.639370221540151 ], [ 106.630172631829538, 10.639407250825295 ], [ 106.630138668665893, 10.639419280510261 ], [ 106.630109647248787, 10.639419271540026 ], [ 106.630108595139518, 10.639418885750196 ], [ 106.630071612894255, 10.639405273254056 ], [ 106.630012676069043, 10.639383198052046 ], [ 106.629943651422664, 10.639366212922209 ], [ 106.629939986245986, 10.639366719528748 ], [ 106.629885630747722, 10.639374240936361 ], [ 106.629818641742148, 10.639383199956098 ], [ 106.629706679584174, 10.639403224121672 ], [ 106.629665469978633, 10.639421318567907 ], [ 106.629624615435233, 10.639439257420552 ], [ 106.629636612122013, 10.639495280383006 ], [ 106.629639672972985, 10.639511275315442 ], [ 106.629647629869581, 10.63955221104532 ], [ 106.629707196215364, 10.639735241843383 ], [ 106.629879666424529, 10.640265195657696 ], [ 106.629915682889788, 10.640364279880057 ], [ 106.629935680494285, 10.64042425729464 ], [ 106.629775780977553, 10.640459858104991 ], [ 106.629690636427199, 10.640486245717666 ], [ 106.629572660403682, 10.640538202456536 ], [ 106.629660691477667, 10.640769234469381 ], [ 106.629698664431274, 10.640920209383761 ], [ 106.629714667033852, 10.641006238308556 ], [ 106.629729641677201, 10.641102216486493 ], [ 106.629720762161924, 10.641184196349956 ], [ 106.629716642486855, 10.641222231396339 ], [ 106.629662655709367, 10.641481238011238 ], [ 106.629605636213171, 10.641680218701735 ], [ 106.629543656218402, 10.641859231054314 ], [ 106.629486637267291, 10.642033257202588 ], [ 106.629479426272312, 10.642032571362826 ], [ 106.629201686116474, 10.642006207865832 ], [ 106.62919823507815, 10.642006185899804 ], [ 106.628896677731248, 10.642004261225088 ], [ 106.628817666740417, 10.642001227175141 ], [ 106.628652635175968, 10.641994275508564 ], [ 106.628545660017082, 10.64199222289084 ], [ 106.628543978509583, 10.641991942825621 ], [ 106.628449650385349, 10.641976218934284 ], [ 106.628369658409213, 10.641946244976443 ], [ 106.628263654508203, 10.64188822513624 ], [ 106.628150667203514, 10.641813225931884 ], [ 106.628146934937902, 10.641815210832 ], [ 106.627962645788401, 10.641913208920217 ], [ 106.62788966394244, 10.64196223564527 ], [ 106.627676637024919, 10.642096282627522 ], [ 106.627596652710977, 10.642148224567276 ], [ 106.627450686833711, 10.642245285205195 ], [ 106.627315661249483, 10.642319259142683 ], [ 106.627252684972362, 10.642361296541608 ], [ 106.627209667778132, 10.642397220948075 ], [ 106.627206929516944, 10.642393015727301 ], [ 106.627054676734147, 10.642159234348494 ], [ 106.626846706670619, 10.64179427164304 ], [ 106.6267927045307, 10.641705274085087 ], [ 106.626710641147312, 10.641583263956095 ], [ 106.626682634930589, 10.641543290040879 ], [ 106.626581651964898, 10.641369253041765 ], [ 106.626503657509588, 10.641247231469247 ], [ 106.6263776297383, 10.641040263773203 ], [ 106.626302645690089, 10.640916244808631 ], [ 106.626219671316349, 10.640686284206286 ], [ 106.626153631649686, 10.640447233931621 ], [ 106.626144675325932, 10.64039924655493 ], [ 106.626138810227104, 10.640380511995525 ], [ 106.626119646065419, 10.640319301538145 ], [ 106.625977665983669, 10.640043303174938 ], [ 106.625936674848731, 10.639970272608604 ], [ 106.625894695123662, 10.63986722755223 ], [ 106.625824690643313, 10.639718239968989 ], [ 106.625817566663969, 10.639718242684856 ], [ 106.625804127523537, 10.639718248569798 ], [ 106.625747650234956, 10.639718274276145 ], [ 106.625744808664237, 10.639717883523193 ], [ 106.625565680108281, 10.639693286229438 ], [ 106.625421660860326, 10.639680305549003 ], [ 106.625379662135202, 10.639676264128232 ], [ 106.625376066693775, 10.63967623257655 ], [ 106.625260628772992, 10.639675241148934 ], [ 106.625240648743201, 10.639700250556155 ], [ 106.625218632515242, 10.639725264740202 ], [ 106.625195688575886, 10.639742238158146 ], [ 106.62516769526799, 10.639759222047699 ], [ 106.625146686135352, 10.639767238137543 ], [ 106.625116694705284, 10.639771298745705 ], [ 106.625109615217681, 10.639770880033062 ], [ 106.625065652919446, 10.639768277876522 ], [ 106.625063881572586, 10.639768216822722 ], [ 106.625007678296569, 10.639766268989753 ], [ 106.624949642001781, 10.639769235264451 ], [ 106.624937663655146, 10.639772252052039 ], [ 106.62484663885175, 10.639785254002406 ], [ 106.624732645555639, 10.639807271008316 ], [ 106.624580638866192, 10.639847296021552 ], [ 106.624579415853717, 10.639845305092166 ], [ 106.624574133583351, 10.639836707817798 ], [ 106.624505660595815, 10.639725266343337 ], [ 106.624403632734555, 10.639633237094552 ], [ 106.624359375576674, 10.639602516009585 ], [ 106.624233684566946, 10.639515269104573 ], [ 106.624222367099051, 10.639501642223223 ], [ 106.62419465255843, 10.639468272236201 ], [ 106.624147682180393, 10.639412256056215 ], [ 106.624142639374256, 10.63941456821197 ], [ 106.624099649990029, 10.639434268893348 ], [ 106.624065847474427, 10.639454032565315 ], [ 106.623863642700215, 10.639572264766421 ], [ 106.623765652886419, 10.639654274064943 ], [ 106.623656695506412, 10.639750235393626 ], [ 106.623589644694349, 10.639817237073014 ], [ 106.623537636684731, 10.63987226425265 ], [ 106.623460698769208, 10.639935314709021 ], [ 106.623364689719821, 10.639998240156704 ], [ 106.623215678849618, 10.640085272353643 ], [ 106.623075666344889, 10.640155278724359 ], [ 106.622882681942741, 10.640366300170585 ], [ 106.622847638991118, 10.640396325463588 ], [ 106.622741653517195, 10.640450325669201 ], [ 106.622624664323538, 10.640505263223451 ], [ 106.622439692866607, 10.64059130665899 ], [ 106.622216697127655, 10.640666248201201 ], [ 106.622187673962316, 10.64066632891687 ], [ 106.622185847717361, 10.640665926267832 ], [ 106.622135031023177, 10.640654693695932 ], [ 106.622128688082498, 10.640653291971553 ], [ 106.622125354577364, 10.640653782197667 ], [ 106.6221086441181, 10.64065624067946 ], [ 106.622108278907078, 10.640656366454344 ], [ 106.622026706784212, 10.640684316966256 ], [ 106.621968696628727, 10.640723265749083 ], [ 106.621868690679051, 10.640759259302781 ], [ 106.621713241704583, 10.64078787346382 ], [ 106.621694646724293, 10.640791296362746 ], [ 106.621576656107763, 10.640812328013801 ], [ 106.621493649379346, 10.640835253133215 ], [ 106.621346001558535, 10.640888974499834 ], [ 106.621339649048906, 10.640891284828339 ], [ 106.621261702211399, 10.640917269611506 ], [ 106.621192661132113, 10.640947298780105 ], [ 106.62119467729103, 10.640967274562174 ], [ 106.621239681870392, 10.64110032922321 ], [ 106.621243652733668, 10.641118309753102 ], [ 106.621248696115472, 10.641142255862047 ], [ 106.621362669631765, 10.641432257776614 ], [ 106.621373710989175, 10.641471287614653 ], [ 106.621386629889031, 10.641515264637674 ], [ 106.621388706282403, 10.641522330371215 ], [ 106.621451653399149, 10.641735261553183 ], [ 106.621498688218537, 10.641946246211401 ], [ 106.621502660284932, 10.641964318041088 ], [ 106.621503652228824, 10.641995327015305 ], [ 106.621512724470563, 10.642057326167524 ], [ 106.621531681992678, 10.642123276582256 ], [ 106.621546712809604, 10.642293304354004 ], [ 106.621585715690202, 10.64248930221698 ], [ 106.621593666902584, 10.642528249319575 ], [ 106.621637665276481, 10.642731287608127 ], [ 106.62166466076053, 10.643053266960301 ], [ 106.621662683493028, 10.643232292113531 ], [ 106.621655665690895, 10.64333628765335 ], [ 106.621654716768177, 10.643453287395216 ], [ 106.621642664207769, 10.643456303371975 ], [ 106.621697689249089, 10.643640323150176 ], [ 106.621755672330025, 10.643830303243993 ], [ 106.621837703684491, 10.644074283327932 ], [ 106.621856053331953, 10.644100881066642 ], [ 106.621857687777904, 10.644103250564259 ], [ 106.621940679034125, 10.644074268176761 ], [ 106.62205367848766, 10.644047283433247 ], [ 106.622095730783727, 10.644043276325135 ], [ 106.622192730285207, 10.644036317412022 ], [ 106.622279734548968, 10.644038189943309 ], [ 106.622285683691388, 10.644038318040197 ], [ 106.622332673468236, 10.644047319139068 ], [ 106.622387685051095, 10.644067328257144 ], [ 106.622437675492932, 10.644097296820995 ], [ 106.622482380073606, 10.64412608854435 ], [ 106.622482685887348, 10.644126285680857 ], [ 106.622590720072964, 10.644129241418726 ], [ 106.622720626879044, 10.644113067053265 ], [ 106.622726663998563, 10.644112315253555 ], [ 106.622862583162998, 10.64410628745361 ], [ 106.622863695277346, 10.644106238250759 ], [ 106.622886360759267, 10.644107839509051 ], [ 106.622943190376475, 10.644111854390323 ], [ 106.622948669581859, 10.644112241437929 ], [ 106.622971661420777, 10.644112266017675 ], [ 106.623213730227334, 10.644115299429599 ], [ 106.623253679837788, 10.644114283204312 ], [ 106.623363468747385, 10.644113384332654 ], [ 106.623368158932934, 10.64411334595397 ], [ 106.623370673099075, 10.644113325389576 ], [ 106.623371008971375, 10.644114770937932 ], [ 106.623379782354561, 10.644152526851419 ], [ 106.623412725618579, 10.644294307129927 ], [ 106.623437677316076, 10.644458494004411 ], [ 106.623440623283216, 10.644477881338355 ], [ 106.623440688485786, 10.64447831238971 ], [ 106.623782698968441, 10.644476276314835 ], [ 106.623868354805268, 10.644480868830247 ], [ 106.623875662804039, 10.644481258900045 ], [ 106.624064655975275, 10.644483264300435 ], [ 106.624245657775916, 10.644485290062994 ], [ 106.624330183894898, 10.64448439710052 ], [ 106.624331453310688, 10.644484384519826 ], [ 106.624338680468256, 10.64448430831327 ], [ 106.624395694855451, 10.644810273487742 ], [ 106.624404726937499, 10.644858256180875 ], [ 106.62443571965926, 10.64502028347267 ], [ 106.624445673555087, 10.64507423124034 ], [ 106.624455672422314, 10.645144273722851 ], [ 106.624452682479628, 10.645206307275158 ], [ 106.624353663865705, 10.645483248746508 ], [ 106.624273695821344, 10.6455943212354 ], [ 106.624253743677968, 10.645613874573472 ], [ 106.624168678161212, 10.645697233070708 ], [ 106.624159381594225, 10.645709414881168 ], [ 106.624100708498645, 10.645786299074665 ], [ 106.623931691167613, 10.645969318359585 ], [ 106.623908714674897, 10.646054279250837 ], [ 106.623912738369825, 10.646170268786033 ], [ 106.623936684991236, 10.646346238172276 ], [ 106.62399368249028, 10.64642826664387 ], [ 106.624061720485955, 10.646495254337852 ], [ 106.624103725738209, 10.646527232865754 ], [ 106.624166683222597, 10.646584289222657 ], [ 106.624329699976371, 10.646729311008343 ], [ 106.624385703177978, 10.646779242892508 ], [ 106.624493712623178, 10.646879302204056 ], [ 106.624506708104363, 10.646889301829326 ], [ 106.624645701751348, 10.646989272826074 ], [ 106.62488166979854, 10.647153259323169 ], [ 106.624885723770078, 10.647200262326384 ], [ 106.624832723200882, 10.647304296682012 ], [ 106.62481611481661, 10.647349061968892 ], [ 106.624789707548771, 10.647420238457149 ], [ 106.624661723144314, 10.647479272229177 ], [ 106.624655053083671, 10.647478589298368 ], [ 106.624280691454004, 10.647440282189175 ], [ 106.624090732801818, 10.647417303029867 ], [ 106.624090761644695, 10.647417802890262 ], [ 106.62409468906705, 10.647483295035119 ], [ 106.624102714498932, 10.647654246088173 ], [ 106.624080728819351, 10.647663259327055 ], [ 106.623978712142346, 10.647682260407731 ], [ 106.623847691462217, 10.647708301716641 ], [ 106.623665737488977, 10.647743256068145 ], [ 106.623417720408128, 10.647796297371052 ], [ 106.623377717124086, 10.64780527036738 ], [ 106.623354717637724, 10.647829293650684 ], [ 106.623153693375258, 10.647892238783079 ], [ 106.622855722795578, 10.647980317953786 ], [ 106.622792735815679, 10.647992246046444 ], [ 106.6227887536145, 10.647991229228417 ], [ 106.622757731028599, 10.647983303001261 ], [ 106.622734748484504, 10.647960312758633 ], [ 106.622729479727951, 10.647961961956707 ], [ 106.622651747806529, 10.647986311173257 ], [ 106.622558681170716, 10.648024273795704 ], [ 106.622368712764782, 10.64813130904326 ], [ 106.622339735776976, 10.648173252753239 ], [ 106.622331750105133, 10.648202297777557 ], [ 106.622329701403217, 10.648224271955414 ], [ 106.622331980561455, 10.648232870383291 ], [ 106.622360717150571, 10.648341271270747 ], [ 106.622377729223786, 10.648385256697052 ], [ 106.622149709133907, 10.648445292996751 ], [ 106.621896739197084, 10.648506303506569 ], [ 106.621879713800084, 10.648510328703042 ], [ 106.621610750145891, 10.648567314343371 ], [ 106.621370708970687, 10.648641307749186 ], [ 106.621233751922091, 10.648701271918277 ], [ 106.621168762790319, 10.648724326922624 ], [ 106.621142694776182, 10.648730276631857 ], [ 106.621078719590358, 10.648739314174367 ], [ 106.620985730593276, 10.648752321575845 ], [ 106.620833709623923, 10.648763322358866 ], [ 106.620728718928888, 10.648770305880738 ], [ 106.620689763532241, 10.648777284913271 ], [ 106.620594758917662, 10.648797258103642 ], [ 106.620552740982887, 10.648813287059882 ], [ 106.620520721714726, 10.648820338113852 ], [ 106.620438696247689, 10.648844255750493 ], [ 106.620373746992286, 10.648856280136449 ], [ 106.620328751945294, 10.648859298970516 ], [ 106.619867732943632, 10.64889927512637 ], [ 106.619657749777872, 10.648913329196242 ], [ 106.619637702425891, 10.648915284242712 ], [ 106.619476728796627, 10.648932276874529 ], [ 106.619205761471562, 10.648974345576766 ], [ 106.618991742241946, 10.649000346615139 ], [ 106.618960716483414, 10.649012276646218 ], [ 106.619017711247807, 10.649598273235155 ], [ 106.618784723971956, 10.649608323216093 ], [ 106.618618711716437, 10.649630301699508 ], [ 106.618490757741299, 10.64964828628853 ], [ 106.618427759178246, 10.649656327952499 ], [ 106.618262771005334, 10.649694306965108 ], [ 106.618069733426822, 10.649729288910548 ], [ 106.618043704189503, 10.649748347943136 ], [ 106.618025737416559, 10.649766299776703 ], [ 106.618014776114507, 10.649782332788273 ], [ 106.618005766204377, 10.649821326966212 ], [ 106.618005747586608, 10.649868342313475 ], [ 106.618008775952816, 10.649926290074362 ], [ 106.618014704244189, 10.650023286715401 ], [ 106.618006726492112, 10.650054320556523 ], [ 106.617988774954114, 10.650077337757958 ], [ 106.617956720929556, 10.65009930463669 ], [ 106.617906706167105, 10.650113276992254 ], [ 106.617781730439134, 10.65011832600101 ], [ 106.617544722595198, 10.650146284677136 ], [ 106.617333714609529, 10.650171281858071 ], [ 106.61733471865135, 10.650206359971177 ], [ 106.617360709926558, 10.650307279844325 ], [ 106.617367718599908, 10.650333300800789 ], [ 106.617372716582835, 10.650421349912033 ], [ 106.617370773677678, 10.650507338912719 ], [ 106.61736077211539, 10.650569299685616 ], [ 106.617297779609046, 10.650766306381398 ], [ 106.617269775799372, 10.650940340959956 ], [ 106.617331735582113, 10.650964308587323 ], [ 106.617366728441951, 10.650969275325176 ], [ 106.617408723096517, 10.651024311756702 ], [ 106.617456786014571, 10.651065316744974 ], [ 106.617568718997831, 10.651140321716994 ], [ 106.617695721879329, 10.651212301535388 ], [ 106.617742737368118, 10.651230343707448 ], [ 106.617764750110325, 10.651283357002898 ], [ 106.617772759455818, 10.651423295838502 ], [ 106.617762752509023, 10.651616357925759 ], [ 106.617777744774088, 10.651666315071418 ], [ 106.617757738465585, 10.651709316631337 ], [ 106.617709738315156, 10.651956279634938 ], [ 106.617702879671342, 10.651953583758077 ], [ 106.617582721684755, 10.651906360597229 ], [ 106.617540717562491, 10.651901323805138 ], [ 106.617430774125339, 10.651890325743263 ], [ 106.617429488800894, 10.651890541754415 ], [ 106.6172937878342, 10.65191330993094 ], [ 106.617250793325496, 10.651931331011768 ], [ 106.617203750591671, 10.651957319866574 ], [ 106.617176719876753, 10.651995279044037 ], [ 106.617163784325626, 10.65203328690014 ], [ 106.616992790337676, 10.652053290402153 ], [ 106.616949762373096, 10.652086318824779 ], [ 106.616833764178608, 10.652173347560231 ], [ 106.616822780315999, 10.652208278935893 ], [ 106.616832757551251, 10.652244325777856 ], [ 106.616833766598361, 10.652254358883933 ], [ 106.616834761919719, 10.652286364144231 ], [ 106.616819751655612, 10.652337308407212 ], [ 106.616728796089774, 10.652482311674701 ], [ 106.616715750613665, 10.652508296813384 ], [ 106.616707772682986, 10.652539330632022 ], [ 106.61672574655276, 10.652817303576262 ], [ 106.616737798732942, 10.652920344082604 ], [ 106.616756735627632, 10.653139363735834 ], [ 106.616751776486865, 10.653278344939366 ], [ 106.616749790091575, 10.653295347544487 ], [ 106.616741756379199, 10.653307305086008 ], [ 106.616729782964867, 10.653311316953046 ], [ 106.616724815932358, 10.65331014457742 ], [ 106.616712732633658, 10.653307294982007 ], [ 106.616651753981401, 10.653283322745548 ], [ 106.616511727076215, 10.65321834070091 ], [ 106.616375783057023, 10.653156329770042 ], [ 106.616283770431451, 10.653115355766214 ], [ 106.616244753174399, 10.653100365962672 ], [ 106.616177731925845, 10.653072342095108 ], [ 106.616176475802035, 10.653074484559031 ], [ 106.616167753898722, 10.653089366795349 ], [ 106.616148767084809, 10.653120339733 ], [ 106.616079770953462, 10.653300364834996 ], [ 106.616072607916323, 10.653299600823919 ], [ 106.616060766737988, 10.653298338955693 ], [ 106.61597973293388, 10.653273337164027 ], [ 106.615938788952178, 10.653270286157161 ], [ 106.615938491378941, 10.6532704198756 ], [ 106.615905735946768, 10.653285297118614 ], [ 106.615882793537466, 10.653303351201064 ], [ 106.615861739676618, 10.653349338936351 ], [ 106.615845799961747, 10.653390342048338 ], [ 106.615839289325521, 10.653387901921455 ], [ 106.615709733584779, 10.653339361521835 ], [ 106.615704586437431, 10.653339783474181 ], [ 106.615685765954368, 10.653341327172432 ], [ 106.615666782563906, 10.653346351926475 ], [ 106.61564675875367, 10.653383297170471 ], [ 106.615557757201046, 10.653580372768676 ], [ 106.615522764075138, 10.653656327698979 ], [ 106.615497758974129, 10.653690301513468 ], [ 106.615454774895994, 10.653739335002918 ], [ 106.615423745192629, 10.653776309738456 ], [ 106.615412745439301, 10.65380536296429 ], [ 106.615407766365266, 10.653831325774103 ], [ 106.615413798940608, 10.653858343026755 ], [ 106.615426755373278, 10.65388136241001 ], [ 106.615482779982813, 10.65391230887955 ], [ 106.61566574558158, 10.653993357987627 ], [ 106.615645745857208, 10.654012308882521 ], [ 106.615605774515998, 10.654033305691598 ], [ 106.615578779961254, 10.65405733951639 ], [ 106.615559766100205, 10.654105313229792 ], [ 106.615553251939815, 10.654102924638845 ], [ 106.615499771819202, 10.654083326973488 ], [ 106.615435779840993, 10.654060358194885 ], [ 106.615288784859914, 10.654010312656112 ], [ 106.61524675146886, 10.653995330161473 ], [ 106.615203745763836, 10.653982339264731 ], [ 106.615163750557912, 10.65396834287575 ], [ 106.61512480256026, 10.653951362923859 ], [ 106.615087754090609, 10.653939350016817 ], [ 106.615035768339069, 10.65392331011267 ], [ 106.615002775679841, 10.65390631189079 ], [ 106.614960801331392, 10.653885361533153 ], [ 106.614779735733691, 10.653809372162256 ], [ 106.614703784067416, 10.653769346006722 ], [ 106.614678790569243, 10.653755310852926 ], [ 106.614639777921383, 10.653741314392757 ], [ 106.614611771432777, 10.653728370606158 ], [ 106.614564738867401, 10.653704362177205 ], [ 106.614551763922435, 10.65370132420365 ], [ 106.614551058869097, 10.653702482434509 ], [ 106.614470796562586, 10.6538343649321 ], [ 106.614437798922467, 10.653895305152048 ], [ 106.614391748813446, 10.653952300837645 ], [ 106.614386266716778, 10.653949655334372 ], [ 106.614304783871731, 10.653910317864167 ], [ 106.614190756372182, 10.653841375598809 ], [ 106.614189140874274, 10.653844430333821 ], [ 106.614099796481511, 10.654013324463234 ], [ 106.614074783749999, 10.654045308375624 ], [ 106.614030755793777, 10.654071378884641 ], [ 106.614013810601378, 10.654104334999321 ], [ 106.613944418411236, 10.654226408248276 ], [ 106.613942771386036, 10.654229303955725 ], [ 106.613952538509253, 10.654226566663024 ], [ 106.613956782343877, 10.654225376975603 ], [ 106.613985773308102, 10.654240306118428 ], [ 106.613992812556532, 10.654250321702207 ], [ 106.613989764783369, 10.654265340117687 ], [ 106.613888753415253, 10.654455308238415 ], [ 106.613877758754128, 10.654459315494854 ], [ 106.613873627849827, 10.654457770106536 ], [ 106.613853761091974, 10.65445034113745 ], [ 106.613838797649478, 10.654437363121724 ], [ 106.613836005379696, 10.654440891208729 ], [ 106.613789744395078, 10.65449934111901 ], [ 106.613783703886668, 10.654497353488793 ], [ 106.613716847506495, 10.654475339703945 ], [ 106.613704781122394, 10.654471367112219 ], [ 106.613438765339296, 10.654373366042313 ], [ 106.613438189953754, 10.654375458705594 ], [ 106.613422796362755, 10.654431367163587 ], [ 106.613386784810643, 10.65454638074897 ], [ 106.613359749976084, 10.654610379126948 ], [ 106.61333578713986, 10.654640372079735 ], [ 106.613331818421415, 10.654650329422235 ], [ 106.613326797110915, 10.654687320884966 ], [ 106.613326791803573, 10.654712365911651 ], [ 106.61309076809097, 10.654877391493725 ], [ 106.613050751387689, 10.654909327178112 ], [ 106.612907781357436, 10.655003389240058 ], [ 106.612850810796246, 10.655037361431736 ], [ 106.612821786855534, 10.655037350075979 ], [ 106.612772774395737, 10.655060360371701 ], [ 106.612729815543787, 10.6550913105677 ], [ 106.612650815877728, 10.655227328860809 ], [ 106.612645609381275, 10.655235578230871 ], [ 106.61263377965571, 10.655254320215118 ], [ 106.612577762903314, 10.655306371725162 ], [ 106.612537769882124, 10.655373388208728 ], [ 106.612514799010569, 10.655434390150354 ], [ 106.612478765156666, 10.655488377343433 ], [ 106.612464788154028, 10.655558305557181 ], [ 106.612431820129373, 10.655576387923855 ], [ 106.612414815661751, 10.655588370071644 ], [ 106.612406781718349, 10.65560032751824 ], [ 106.612398820992752, 10.655637327971302 ], [ 106.612381824199943, 10.655651389421388 ], [ 106.612295767641143, 10.655691317059004 ], [ 106.612198775659053, 10.655729378072724 ], [ 106.612117797785501, 10.655778334939292 ], [ 106.611997791612637, 10.655862388822154 ], [ 106.61179876411903, 10.65599439780288 ], [ 106.611792880809645, 10.655993066046634 ], [ 106.611749806368735, 10.655983321335826 ], [ 106.61173078332618, 10.655974332229025 ], [ 106.611622766930466, 10.655898319983491 ], [ 106.611621598964433, 10.655902251313313 ], [ 106.611619779985872, 10.655908363205356 ], [ 106.611613494833861, 10.655904538264783 ], [ 106.611527800692912, 10.65585237952518 ], [ 106.611526377481795, 10.655855572944317 ], [ 106.611384789495361, 10.656173382253977 ], [ 106.611334788582212, 10.656247387353876 ], [ 106.611360770977967, 10.656264313927309 ], [ 106.611320796477131, 10.65633838185517 ], [ 106.61124880878711, 10.656421399359916 ], [ 106.6112747958706, 10.656440314846584 ], [ 106.611334820480153, 10.656473332182703 ], [ 106.611381790437449, 10.656501323611909 ], [ 106.611423815782899, 10.656540355386456 ], [ 106.61143878951367, 10.656557312231261 ], [ 106.611458835720541, 10.656581398056508 ], [ 106.610829775762767, 10.656893337859659 ], [ 106.610827173355716, 10.656890618384526 ], [ 106.61080777400565, 10.656870344041291 ], [ 106.610624783554911, 10.656700326001294 ], [ 106.610567791993091, 10.656646323412469 ], [ 106.610544796587732, 10.656619353558312 ], [ 106.61053782674206, 10.656607347879076 ], [ 106.610536793649729, 10.656588363761779 ], [ 106.610529649156106, 10.656590974413922 ], [ 106.610465775125292, 10.65661432536004 ], [ 106.610418824831441, 10.656646371102369 ], [ 106.610318805726934, 10.656707404686228 ], [ 106.610067801826943, 10.656908362141559 ], [ 106.610092787721129, 10.656946356936908 ], [ 106.610010831518807, 10.656996399953039 ], [ 106.610007935636105, 10.656993320558716 ], [ 106.609931815767197, 10.656912352703237 ], [ 106.609913806217236, 10.656888351586378 ], [ 106.609894796447264, 10.656857391088691 ], [ 106.609882797453878, 10.656826320934215 ], [ 106.609876390478632, 10.656828264162872 ], [ 106.609740813899734, 10.656869386662697 ], [ 106.609755793137936, 10.656915366450201 ], [ 106.609777773418415, 10.656930405628817 ], [ 106.609784818848254, 10.656969354664408 ], [ 106.609817775981824, 10.657027399423406 ], [ 106.609804786719408, 10.657046332543976 ], [ 106.609786786457406, 10.657079383580877 ], [ 106.609797823386828, 10.657090383651228 ], [ 106.609808777911482, 10.657098399662516 ], [ 106.609700792838481, 10.657168405985523 ], [ 106.60967783088627, 10.65717940898865 ], [ 106.609672066039707, 10.657178282992964 ], [ 106.609651807689602, 10.657174326409647 ], [ 106.609627839949951, 10.657149347171693 ], [ 106.609623313691031, 10.657151859307968 ], [ 106.609526827702453, 10.657205410045309 ], [ 106.609524950006929, 10.657202011432524 ], [ 106.609500836716748, 10.65715837650764 ], [ 106.609495499799451, 10.657161553539318 ], [ 106.609327810683567, 10.657261379312503 ], [ 106.609393845456282, 10.657367346799251 ], [ 106.609185784590593, 10.657451367411086 ], [ 106.609152802875315, 10.657464389502429 ], [ 106.609154810996714, 10.65748138112955 ], [ 106.608945803154, 10.657523364730322 ], [ 106.608709775432331, 10.657581334562975 ], [ 106.608448840320165, 10.657628340321754 ], [ 106.60812182495772, 10.65774135030888 ], [ 106.608006785391737, 10.657769332337555 ], [ 106.607895783000146, 10.657811410142122 ], [ 106.607684836504845, 10.65786135392724 ], [ 106.607569783362507, 10.657857418168076 ], [ 106.607417846679141, 10.65787338669182 ], [ 106.607357836558407, 10.657899409696 ], [ 106.607151822136728, 10.657987403974793 ], [ 106.607076797778163, 10.658009398873693 ], [ 106.606990794789397, 10.658014426657102 ], [ 106.606987960559977, 10.658013777165575 ], [ 106.606863834465344, 10.657985388681436 ], [ 106.606756837498395, 10.657977364139896 ], [ 106.606756857146806, 10.65797752681612 ], [ 106.606759848688242, 10.658002400948469 ], [ 106.60667985077535, 10.657998369853782 ], [ 106.606602809126343, 10.658000388727043 ], [ 106.606598326609927, 10.657999927264211 ], [ 106.606524836410912, 10.657992372400278 ], [ 106.606521945697608, 10.65799244178306 ], [ 106.606398798224419, 10.65799534069879 ], [ 106.606280821151799, 10.658024415916215 ], [ 106.606280442392759, 10.658022320447191 ], [ 106.606274848434609, 10.657991429701765 ], [ 106.606267777736591, 10.657992347667868 ], [ 106.606028797466678, 10.658023386376186 ], [ 106.606021670959848, 10.658022976431754 ], [ 106.605959805815061, 10.658019414510203 ], [ 106.605959196192302, 10.658019414368503 ], [ 106.60593379764849, 10.658019397005567 ], [ 106.605891847900594, 10.658034428587449 ], [ 106.605866815180221, 10.658059360346185 ], [ 106.605864851597772, 10.658085405227016 ], [ 106.605848787915363, 10.658110404683715 ], [ 106.605824853375978, 10.658124392557013 ], [ 106.60579983852017, 10.658156378608433 ], [ 106.605787799646151, 10.658191400271877 ], [ 106.605764797371378, 10.658242368700998 ], [ 106.605710842640477, 10.658277414507925 ], [ 106.605677851158191, 10.658287360679637 ], [ 106.605643797816256, 10.658295409424648 ], [ 106.605622811832774, 10.658312374418728 ], [ 106.605617833954426, 10.658338427535899 ], [ 106.60564279293321, 10.658394415304784 ], [ 106.605640837019465, 10.658449392657108 ], [ 106.605630819986985, 10.658507375420758 ], [ 106.605607808018078, 10.6585813972865 ], [ 106.605581829630637, 10.658646386700271 ], [ 106.60552380058688, 10.658707393627491 ], [ 106.605452823902709, 10.658748365883925 ], [ 106.60540982672434, 10.658766384559234 ], [ 106.605342816204754, 10.658688357763177 ], [ 106.605280858448708, 10.658611404727296 ], [ 106.605276593724156, 10.658605803094419 ] ] ] ] } }
]
}
